[2026-06-03 12:17:01] [start] chap03 comparison road_parking seed=42 episodes=4000 method=lacm
[2026-06-03 12:17:01] [logs] progress heartbeat: F:\Graduation_Materials\Model_Source\paper_reproduction_project\results\reproduction_training\chap03\comparison\road_parking\three_seed_runs\seed_42\_workspace\lacm\progress.log
[2026-06-03 12:17:01] [logs] native events will be under: F:\Graduation_Materials\Model_Source\paper_reproduction_project\results\reproduction_training\chap03\comparison\road_parking\three_seed_runs\seed_42\_workspace\lacm\_native
[2026-06-03 12:17:01] [step] LACM ugv_parking episode=0 step=1/80 skill=main_road_driving
[2026-06-03 12:17:01] [step] LACM ugv_parking episode=1 step=1/80 skill=main_road_driving
[2026-06-03 12:17:01] [step] LACM ugv_parking episode=2 step=1/80 skill=main_road_driving
[2026-06-03 12:17:01] [step] LACM ugv_parking episode=3 step=1/80 skill=main_road_driving
[2026-06-03 12:17:01] [step] LACM ugv_parking episode=4 step=1/80 skill=main_road_driving
[2026-06-03 12:17:01] [step] LACM ugv_parking episode=5 step=1/80 skill=main_road_driving
[2026-06-03 12:17:01] [step] LACM ugv_parking episode=6 step=1/80 skill=main_road_driving
[2026-06-03 12:17:01] [step] LACM ugv_parking episode=7 step=1/80 skill=main_road_driving
[2026-06-03 12:17:01] [step] LACM ugv_parking episode=8 step=1/80 skill=main_road_driving
[2026-06-03 12:17:01] [step] LACM ugv_parking episode=9 step=1/80 skill=main_road_driving
[2026-06-03 12:17:01] [step] LACM ugv_parking episode=10 step=1/80 skill=main_road_driving
[2026-06-03 12:17:01] [step] LACM ugv_parking episode=11 step=1/80 skill=main_road_driving
[2026-06-03 12:17:01] [step] LACM ugv_parking episode=12 step=1/80 skill=main_road_driving
[2026-06-03 12:17:01] [step] LACM ugv_parking episode=13 step=1/80 skill=main_road_driving
[2026-06-03 12:17:01] [step] LACM ugv_parking episode=14 step=1/80 skill=main_road_driving
[2026-06-03 12:17:01] [step] LACM ugv_parking episode=15 step=1/80 skill=main_road_driving
[2026-06-03 12:17:01] [step] LACM ugv_parking episode=16 step=1/80 skill=main_road_driving
[2026-06-03 12:17:01] [step] LACM ugv_parking episode=17 step=1/80 skill=main_road_driving
[2026-06-03 12:17:01] [step] LACM ugv_parking episode=18 step=1/80 skill=main_road_driving
[2026-06-03 12:17:01] [step] LACM ugv_parking episode=19 step=1/80 skill=main_road_driving
[2026-06-03 12:17:01] [step] LACM ugv_parking episode=20 step=1/80 skill=main_road_driving
[2026-06-03 12:17:01] [step] LACM ugv_parking episode=21 step=1/80 skill=main_road_driving
[2026-06-03 12:17:01] [step] LACM ugv_parking episode=22 step=1/80 skill=main_road_driving
[2026-06-03 12:17:01] [step] LACM ugv_parking episode=23 step=1/80 skill=main_road_driving
[2026-06-03 12:17:01] [step] LACM ugv_parking episode=24 step=1/80 skill=main_road_driving
[2026-06-03 12:17:01] [step] LACM ugv_parking episode=25 step=1/80 skill=main_road_driving
[2026-06-03 12:17:01] [step] LACM ugv_parking episode=26 step=1/80 skill=main_road_driving
[2026-06-03 12:17:01] [step] LACM ugv_parking episode=27 step=1/80 skill=main_road_driving
[2026-06-03 12:17:01] [step] LACM ugv_parking episode=28 step=1/80 skill=main_road_driving
[2026-06-03 12:17:01] [step] LACM ugv_parking episode=29 step=1/80 skill=main_road_driving
[2026-06-03 12:17:01] [step] LACM ugv_parking episode=30 step=1/80 skill=main_road_driving
[2026-06-03 12:17:01] [step] LACM ugv_parking episode=31 step=1/80 skill=main_road_driving
[2026-06-03 12:17:01] [step] LACM ugv_parking episode=32 step=1/80 skill=main_road_driving
[2026-06-03 12:17:01] [step] LACM ugv_parking episode=33 step=1/80 skill=main_road_driving
[2026-06-03 12:17:01] [step] LACM ugv_parking episode=34 step=1/80 skill=main_road_driving
[2026-06-03 12:17:01] [step] LACM ugv_parking episode=35 step=1/80 skill=main_road_driving
[2026-06-03 12:17:01] [step] LACM ugv_parking episode=36 step=1/80 skill=main_road_driving
[2026-06-03 12:17:01] [step] LACM ugv_parking episode=37 step=1/80 skill=main_road_driving
[2026-06-03 12:17:01] [step] LACM ugv_parking episode=38 step=1/80 skill=main_road_driving
[2026-06-03 12:17:01] [step] LACM ugv_parking episode=39 step=1/80 skill=main_road_driving
[2026-06-03 12:17:01] [step] LACM ugv_parking episode=40 step=1/80 skill=main_road_driving
[2026-06-03 12:17:01] [step] LACM ugv_parking episode=41 step=1/80 skill=main_road_driving
[2026-06-03 12:17:01] [step] LACM ugv_parking episode=42 step=1/80 skill=main_road_driving
[2026-06-03 12:17:01] [step] LACM ugv_parking episode=43 step=1/80 skill=main_road_driving
[2026-06-03 12:17:01] [step] LACM ugv_parking episode=44 step=1/80 skill=main_road_driving
[2026-06-03 12:17:01] [step] LACM ugv_parking episode=45 step=1/80 skill=main_road_driving
[2026-06-03 12:17:01] [step] LACM ugv_parking episode=46 step=1/80 skill=main_road_driving
[2026-06-03 12:17:01] [step] LACM ugv_parking episode=47 step=1/80 skill=main_road_driving
[2026-06-03 12:17:01] [step] LACM ugv_parking episode=48 step=1/80 skill=main_road_driving
[2026-06-03 12:17:01] [step] LACM ugv_parking episode=49 step=1/80 skill=main_road_driving
[2026-06-03 12:17:01] [step] LACM ugv_parking episode=50 step=1/80 skill=main_road_driving
[2026-06-03 12:17:01] [step] LACM ugv_parking episode=51 step=1/80 skill=main_road_driving
[2026-06-03 12:17:01] [step] LACM ugv_parking episode=52 step=1/80 skill=main_road_driving
[2026-06-03 12:17:01] [step] LACM ugv_parking episode=53 step=1/80 skill=main_road_driving
[2026-06-03 12:17:01] [step] LACM ugv_parking episode=54 step=1/80 skill=main_road_driving
[2026-06-03 12:17:01] [step] LACM ugv_parking episode=55 step=1/80 skill=main_road_driving
[2026-06-03 12:17:01] [step] LACM ugv_parking episode=56 step=1/80 skill=main_road_driving
[2026-06-03 12:17:01] [step] LACM ugv_parking episode=57 step=1/80 skill=main_road_driving
[2026-06-03 12:17:01] [step] LACM ugv_parking episode=58 step=1/80 skill=main_road_driving
[2026-06-03 12:17:01] [step] LACM ugv_parking episode=59 step=1/80 skill=main_road_driving
[2026-06-03 12:17:01] [step] LACM ugv_parking episode=60 step=1/80 skill=main_road_driving
[2026-06-03 12:17:01] [step] LACM ugv_parking episode=61 step=1/80 skill=main_road_driving
[2026-06-03 12:17:01] [step] LACM ugv_parking episode=62 step=1/80 skill=main_road_driving
[2026-06-03 12:17:02] [step] LACM ugv_parking episode=63 step=1/80 skill=main_road_driving
[2026-06-03 12:17:02] [step] LACM ugv_parking episode=64 step=1/80 skill=main_road_driving
[2026-06-03 12:17:02] [step] LACM ugv_parking episode=65 step=1/80 skill=main_road_driving
[2026-06-03 12:17:02] [step] LACM ugv_parking episode=66 step=1/80 skill=main_road_driving
[2026-06-03 12:17:02] [step] LACM ugv_parking episode=67 step=1/80 skill=main_road_driving
[2026-06-03 12:17:02] [step] LACM ugv_parking episode=68 step=1/80 skill=main_road_driving
[2026-06-03 12:17:02] [step] LACM ugv_parking episode=69 step=1/80 skill=main_road_driving
[2026-06-03 12:17:02] [step] LACM ugv_parking episode=70 step=1/80 skill=main_road_driving
[2026-06-03 12:17:02] [step] LACM ugv_parking episode=71 step=1/80 skill=main_road_driving
[2026-06-03 12:17:02] [step] LACM ugv_parking episode=72 step=1/80 skill=main_road_driving
[2026-06-03 12:17:02] [step] LACM ugv_parking episode=73 step=1/80 skill=main_road_driving
[2026-06-03 12:17:02] [step] LACM ugv_parking episode=74 step=1/80 skill=main_road_driving
[2026-06-03 12:17:02] [step] LACM ugv_parking episode=75 step=1/80 skill=main_road_driving
[2026-06-03 12:17:02] [step] LACM ugv_parking episode=76 step=1/80 skill=main_road_driving
[2026-06-03 12:17:02] [step] LACM ugv_parking episode=77 step=1/80 skill=main_road_driving
[2026-06-03 12:17:02] [step] LACM ugv_parking episode=78 step=1/80 skill=main_road_driving
[2026-06-03 12:17:02] [step] LACM ugv_parking episode=79 step=1/80 skill=main_road_driving
[2026-06-03 12:17:02] [step] LACM ugv_parking episode=80 step=1/80 skill=main_road_driving
[2026-06-03 12:17:02] [step] LACM ugv_parking episode=81 step=1/80 skill=main_road_driving
[2026-06-03 12:17:02] [step] LACM ugv_parking episode=82 step=1/80 skill=main_road_driving
[2026-06-03 12:17:02] [step] LACM ugv_parking episode=83 step=1/80 skill=main_road_driving
[2026-06-03 12:17:02] [step] LACM ugv_parking episode=84 step=1/80 skill=main_road_driving
[2026-06-03 12:17:02] [step] LACM ugv_parking episode=85 step=1/80 skill=main_road_driving
[2026-06-03 12:17:02] [step] LACM ugv_parking episode=86 step=1/80 skill=main_road_driving
[2026-06-03 12:17:02] [step] LACM ugv_parking episode=87 step=1/80 skill=main_road_driving
[2026-06-03 12:17:02] [step] LACM ugv_parking episode=88 step=1/80 skill=main_road_driving
[2026-06-03 12:17:02] [step] LACM ugv_parking episode=89 step=1/80 skill=main_road_driving
[2026-06-03 12:17:02] [step] LACM ugv_parking episode=90 step=1/80 skill=main_road_driving
[2026-06-03 12:17:02] [step] LACM ugv_parking episode=91 step=1/80 skill=main_road_driving
[2026-06-03 12:17:02] [step] LACM ugv_parking episode=92 step=1/80 skill=main_road_driving
[2026-06-03 12:17:02] [step] LACM ugv_parking episode=93 step=1/80 skill=main_road_driving
[2026-06-03 12:17:02] [step] LACM ugv_parking episode=94 step=1/80 skill=main_road_driving
[2026-06-03 12:17:02] [step] LACM ugv_parking episode=95 step=1/80 skill=main_road_driving
[2026-06-03 12:17:02] [step] LACM ugv_parking episode=96 step=1/80 skill=main_road_driving
[2026-06-03 12:17:02] [step] LACM ugv_parking episode=97 step=1/80 skill=main_road_driving
[2026-06-03 12:17:02] [step] LACM ugv_parking episode=98 step=1/80 skill=main_road_driving
[2026-06-03 12:17:02] [step] LACM ugv_parking episode=99 step=1/80 skill=main_road_driving
[2026-06-03 12:17:02] [progress] LACM ugv_parking episode 100/4000 reward=12.2000 success=1
[2026-06-03 12:17:02] [step] LACM ugv_parking episode=100 step=1/80 skill=main_road_driving
[2026-06-03 12:17:02] [step] LACM ugv_parking episode=101 step=1/80 skill=main_road_driving
[2026-06-03 12:17:02] [step] LACM ugv_parking episode=102 step=1/80 skill=main_road_driving
[2026-06-03 12:17:02] [step] LACM ugv_parking episode=103 step=1/80 skill=main_road_driving
[2026-06-03 12:17:02] [step] LACM ugv_parking episode=104 step=1/80 skill=main_road_driving
[2026-06-03 12:17:02] [step] LACM ugv_parking episode=105 step=1/80 skill=main_road_driving
[2026-06-03 12:17:02] [step] LACM ugv_parking episode=106 step=1/80 skill=main_road_driving
[2026-06-03 12:17:02] [step] LACM ugv_parking episode=107 step=1/80 skill=main_road_driving
[2026-06-03 12:17:02] [step] LACM ugv_parking episode=108 step=1/80 skill=main_road_driving
[2026-06-03 12:17:02] [step] LACM ugv_parking episode=109 step=1/80 skill=main_road_driving
[2026-06-03 12:17:02] [step] LACM ugv_parking episode=110 step=1/80 skill=main_road_driving
[2026-06-03 12:17:02] [step] LACM ugv_parking episode=111 step=1/80 skill=main_road_driving
[2026-06-03 12:17:02] [step] LACM ugv_parking episode=112 step=1/80 skill=main_road_driving
[2026-06-03 12:17:02] [step] LACM ugv_parking episode=113 step=1/80 skill=main_road_driving
[2026-06-03 12:17:02] [step] LACM ugv_parking episode=114 step=1/80 skill=main_road_driving
[2026-06-03 12:17:02] [step] LACM ugv_parking episode=115 step=1/80 skill=main_road_driving
[2026-06-03 12:17:02] [step] LACM ugv_parking episode=116 step=1/80 skill=main_road_driving
[2026-06-03 12:17:02] [step] LACM ugv_parking episode=117 step=1/80 skill=main_road_driving
[2026-06-03 12:17:02] [step] LACM ugv_parking episode=118 step=1/80 skill=main_road_driving
[2026-06-03 12:17:02] [step] LACM ugv_parking episode=119 step=1/80 skill=main_road_driving
[2026-06-03 12:17:02] [step] LACM ugv_parking episode=120 step=1/80 skill=main_road_driving
[2026-06-03 12:17:02] [step] LACM ugv_parking episode=121 step=1/80 skill=main_road_driving
[2026-06-03 12:17:02] [step] LACM ugv_parking episode=122 step=1/80 skill=main_road_driving
[2026-06-03 12:17:02] [step] LACM ugv_parking episode=123 step=1/80 skill=main_road_driving
[2026-06-03 12:17:02] [step] LACM ugv_parking episode=124 step=1/80 skill=main_road_driving
[2026-06-03 12:17:02] [step] LACM ugv_parking episode=125 step=1/80 skill=main_road_driving
[2026-06-03 12:17:02] [step] LACM ugv_parking episode=126 step=1/80 skill=main_road_driving
[2026-06-03 12:17:02] [step] LACM ugv_parking episode=127 step=1/80 skill=main_road_driving
[2026-06-03 12:17:02] [step] LACM ugv_parking episode=128 step=1/80 skill=main_road_driving
[2026-06-03 12:17:02] [step] LACM ugv_parking episode=129 step=1/80 skill=main_road_driving
[2026-06-03 12:17:02] [step] LACM ugv_parking episode=130 step=1/80 skill=main_road_driving
[2026-06-03 12:17:02] [step] LACM ugv_parking episode=131 step=1/80 skill=main_road_driving
[2026-06-03 12:17:02] [step] LACM ugv_parking episode=132 step=1/80 skill=main_road_driving
[2026-06-03 12:17:02] [step] LACM ugv_parking episode=133 step=1/80 skill=main_road_driving
[2026-06-03 12:17:02] [step] LACM ugv_parking episode=134 step=1/80 skill=main_road_driving
[2026-06-03 12:17:02] [step] LACM ugv_parking episode=135 step=1/80 skill=main_road_driving
[2026-06-03 12:17:02] [step] LACM ugv_parking episode=136 step=1/80 skill=main_road_driving
[2026-06-03 12:17:02] [step] LACM ugv_parking episode=137 step=1/80 skill=main_road_driving
[2026-06-03 12:17:02] [step] LACM ugv_parking episode=138 step=1/80 skill=main_road_driving
[2026-06-03 12:17:02] [step] LACM ugv_parking episode=139 step=1/80 skill=main_road_driving
[2026-06-03 12:17:02] [step] LACM ugv_parking episode=140 step=1/80 skill=main_road_driving
[2026-06-03 12:17:02] [step] LACM ugv_parking episode=141 step=1/80 skill=main_road_driving
[2026-06-03 12:17:02] [step] LACM ugv_parking episode=142 step=1/80 skill=main_road_driving
[2026-06-03 12:17:02] [step] LACM ugv_parking episode=143 step=1/80 skill=main_road_driving
[2026-06-03 12:17:02] [step] LACM ugv_parking episode=144 step=1/80 skill=main_road_driving
[2026-06-03 12:17:02] [step] LACM ugv_parking episode=145 step=1/80 skill=main_road_driving
[2026-06-03 12:17:02] [step] LACM ugv_parking episode=146 step=1/80 skill=main_road_driving
[2026-06-03 12:17:02] [step] LACM ugv_parking episode=147 step=1/80 skill=main_road_driving
[2026-06-03 12:17:02] [step] LACM ugv_parking episode=148 step=1/80 skill=main_road_driving
[2026-06-03 12:17:02] [step] LACM ugv_parking episode=149 step=1/80 skill=main_road_driving
[2026-06-03 12:17:02] [step] LACM ugv_parking episode=150 step=1/80 skill=main_road_driving
[2026-06-03 12:17:02] [step] LACM ugv_parking episode=151 step=1/80 skill=main_road_driving
[2026-06-03 12:17:02] [step] LACM ugv_parking episode=152 step=1/80 skill=main_road_driving
[2026-06-03 12:17:02] [step] LACM ugv_parking episode=153 step=1/80 skill=main_road_driving
[2026-06-03 12:17:02] [step] LACM ugv_parking episode=154 step=1/80 skill=main_road_driving
[2026-06-03 12:17:02] [step] LACM ugv_parking episode=155 step=1/80 skill=main_road_driving
[2026-06-03 12:17:02] [step] LACM ugv_parking episode=156 step=1/80 skill=main_road_driving
[2026-06-03 12:17:02] [step] LACM ugv_parking episode=157 step=1/80 skill=main_road_driving
[2026-06-03 12:17:02] [step] LACM ugv_parking episode=158 step=1/80 skill=main_road_driving
[2026-06-03 12:17:02] [step] LACM ugv_parking episode=159 step=1/80 skill=main_road_driving
[2026-06-03 12:17:02] [step] LACM ugv_parking episode=160 step=1/80 skill=main_road_driving
[2026-06-03 12:17:02] [step] LACM ugv_parking episode=161 step=1/80 skill=main_road_driving
[2026-06-03 12:17:02] [step] LACM ugv_parking episode=162 step=1/80 skill=main_road_driving
[2026-06-03 12:17:02] [step] LACM ugv_parking episode=163 step=1/80 skill=main_road_driving
[2026-06-03 12:17:02] [step] LACM ugv_parking episode=164 step=1/80 skill=main_road_driving
[2026-06-03 12:17:02] [step] LACM ugv_parking episode=165 step=1/80 skill=main_road_driving
[2026-06-03 12:17:02] [step] LACM ugv_parking episode=166 step=1/80 skill=main_road_driving
[2026-06-03 12:17:02] [step] LACM ugv_parking episode=167 step=1/80 skill=main_road_driving
[2026-06-03 12:17:02] [step] LACM ugv_parking episode=168 step=1/80 skill=main_road_driving
[2026-06-03 12:17:02] [step] LACM ugv_parking episode=169 step=1/80 skill=main_road_driving
[2026-06-03 12:17:02] [step] LACM ugv_parking episode=170 step=1/80 skill=main_road_driving
[2026-06-03 12:17:02] [step] LACM ugv_parking episode=171 step=1/80 skill=main_road_driving
[2026-06-03 12:17:02] [step] LACM ugv_parking episode=172 step=1/80 skill=main_road_driving
[2026-06-03 12:17:02] [step] LACM ugv_parking episode=173 step=1/80 skill=main_road_driving
[2026-06-03 12:17:02] [step] LACM ugv_parking episode=174 step=1/80 skill=main_road_driving
[2026-06-03 12:17:02] [step] LACM ugv_parking episode=175 step=1/80 skill=main_road_driving
[2026-06-03 12:17:02] [step] LACM ugv_parking episode=176 step=1/80 skill=main_road_driving
[2026-06-03 12:17:02] [step] LACM ugv_parking episode=177 step=1/80 skill=main_road_driving
[2026-06-03 12:17:02] [step] LACM ugv_parking episode=178 step=1/80 skill=main_road_driving
[2026-06-03 12:17:02] [step] LACM ugv_parking episode=179 step=1/80 skill=main_road_driving
[2026-06-03 12:17:02] [step] LACM ugv_parking episode=180 step=1/80 skill=main_road_driving
[2026-06-03 12:17:02] [step] LACM ugv_parking episode=181 step=1/80 skill=main_road_driving
[2026-06-03 12:17:02] [step] LACM ugv_parking episode=182 step=1/80 skill=main_road_driving
[2026-06-03 12:17:02] [step] LACM ugv_parking episode=183 step=1/80 skill=main_road_driving
[2026-06-03 12:17:02] [step] LACM ugv_parking episode=184 step=1/80 skill=main_road_driving
[2026-06-03 12:17:02] [step] LACM ugv_parking episode=185 step=1/80 skill=main_road_driving
[2026-06-03 12:17:02] [step] LACM ugv_parking episode=186 step=1/80 skill=main_road_driving
[2026-06-03 12:17:02] [step] LACM ugv_parking episode=187 step=1/80 skill=main_road_driving
[2026-06-03 12:17:02] [step] LACM ugv_parking episode=188 step=1/80 skill=main_road_driving
[2026-06-03 12:17:02] [step] LACM ugv_parking episode=189 step=1/80 skill=main_road_driving
[2026-06-03 12:17:02] [step] LACM ugv_parking episode=190 step=1/80 skill=main_road_driving
[2026-06-03 12:17:02] [step] LACM ugv_parking episode=191 step=1/80 skill=main_road_driving
[2026-06-03 12:17:02] [step] LACM ugv_parking episode=192 step=1/80 skill=main_road_driving
[2026-06-03 12:17:02] [step] LACM ugv_parking episode=193 step=1/80 skill=main_road_driving
[2026-06-03 12:17:02] [step] LACM ugv_parking episode=194 step=1/80 skill=main_road_driving
[2026-06-03 12:17:02] [step] LACM ugv_parking episode=195 step=1/80 skill=main_road_driving
[2026-06-03 12:17:02] [step] LACM ugv_parking episode=196 step=1/80 skill=main_road_driving
[2026-06-03 12:17:02] [step] LACM ugv_parking episode=197 step=1/80 skill=main_road_driving
[2026-06-03 12:17:02] [step] LACM ugv_parking episode=198 step=1/80 skill=main_road_driving
[2026-06-03 12:17:02] [step] LACM ugv_parking episode=199 step=1/80 skill=main_road_driving
[2026-06-03 12:17:02] [progress] LACM ugv_parking episode 200/4000 reward=12.2000 success=1
[2026-06-03 12:17:02] [step] LACM ugv_parking episode=200 step=1/80 skill=main_road_driving
[2026-06-03 12:17:02] [step] LACM ugv_parking episode=201 step=1/80 skill=main_road_driving
[2026-06-03 12:17:02] [step] LACM ugv_parking episode=202 step=1/80 skill=main_road_driving
[2026-06-03 12:17:02] [step] LACM ugv_parking episode=203 step=1/80 skill=main_road_driving
[2026-06-03 12:17:02] [step] LACM ugv_parking episode=204 step=1/80 skill=main_road_driving
[2026-06-03 12:17:02] [step] LACM ugv_parking episode=205 step=1/80 skill=main_road_driving
[2026-06-03 12:17:02] [step] LACM ugv_parking episode=206 step=1/80 skill=main_road_driving
[2026-06-03 12:17:02] [step] LACM ugv_parking episode=207 step=1/80 skill=main_road_driving
[2026-06-03 12:17:02] [step] LACM ugv_parking episode=208 step=1/80 skill=main_road_driving
[2026-06-03 12:17:02] [step] LACM ugv_parking episode=209 step=1/80 skill=main_road_driving
[2026-06-03 12:17:02] [step] LACM ugv_parking episode=210 step=1/80 skill=main_road_driving
[2026-06-03 12:17:02] [step] LACM ugv_parking episode=211 step=1/80 skill=main_road_driving
[2026-06-03 12:17:02] [step] LACM ugv_parking episode=212 step=1/80 skill=main_road_driving
[2026-06-03 12:17:02] [step] LACM ugv_parking episode=213 step=1/80 skill=main_road_driving
[2026-06-03 12:17:02] [step] LACM ugv_parking episode=214 step=1/80 skill=main_road_driving
[2026-06-03 12:17:02] [step] LACM ugv_parking episode=215 step=1/80 skill=main_road_driving
[2026-06-03 12:17:02] [step] LACM ugv_parking episode=216 step=1/80 skill=main_road_driving
[2026-06-03 12:17:02] [step] LACM ugv_parking episode=217 step=1/80 skill=main_road_driving
[2026-06-03 12:17:02] [step] LACM ugv_parking episode=218 step=1/80 skill=main_road_driving
[2026-06-03 12:17:02] [step] LACM ugv_parking episode=219 step=1/80 skill=main_road_driving
[2026-06-03 12:17:02] [step] LACM ugv_parking episode=220 step=1/80 skill=main_road_driving
[2026-06-03 12:17:02] [step] LACM ugv_parking episode=221 step=1/80 skill=main_road_driving
[2026-06-03 12:17:02] [step] LACM ugv_parking episode=222 step=1/80 skill=main_road_driving
[2026-06-03 12:17:02] [step] LACM ugv_parking episode=223 step=1/80 skill=main_road_driving
[2026-06-03 12:17:02] [step] LACM ugv_parking episode=224 step=1/80 skill=main_road_driving
[2026-06-03 12:17:02] [step] LACM ugv_parking episode=225 step=1/80 skill=main_road_driving
[2026-06-03 12:17:02] [step] LACM ugv_parking episode=226 step=1/80 skill=main_road_driving
[2026-06-03 12:17:03] [step] LACM ugv_parking episode=227 step=1/80 skill=main_road_driving
[2026-06-03 12:17:03] [step] LACM ugv_parking episode=228 step=1/80 skill=main_road_driving
[2026-06-03 12:17:03] [step] LACM ugv_parking episode=229 step=1/80 skill=main_road_driving
[2026-06-03 12:17:03] [step] LACM ugv_parking episode=230 step=1/80 skill=main_road_driving
[2026-06-03 12:17:03] [step] LACM ugv_parking episode=231 step=1/80 skill=main_road_driving
[2026-06-03 12:17:03] [step] LACM ugv_parking episode=232 step=1/80 skill=main_road_driving
[2026-06-03 12:17:03] [step] LACM ugv_parking episode=233 step=1/80 skill=main_road_driving
[2026-06-03 12:17:03] [step] LACM ugv_parking episode=234 step=1/80 skill=main_road_driving
[2026-06-03 12:17:03] [step] LACM ugv_parking episode=235 step=1/80 skill=main_road_driving
[2026-06-03 12:17:03] [step] LACM ugv_parking episode=236 step=1/80 skill=main_road_driving
[2026-06-03 12:17:03] [step] LACM ugv_parking episode=237 step=1/80 skill=main_road_driving
[2026-06-03 12:17:03] [step] LACM ugv_parking episode=238 step=1/80 skill=main_road_driving
[2026-06-03 12:17:03] [step] LACM ugv_parking episode=239 step=1/80 skill=main_road_driving
[2026-06-03 12:17:03] [step] LACM ugv_parking episode=240 step=1/80 skill=main_road_driving
[2026-06-03 12:17:03] [step] LACM ugv_parking episode=241 step=1/80 skill=main_road_driving
[2026-06-03 12:17:03] [step] LACM ugv_parking episode=242 step=1/80 skill=main_road_driving
[2026-06-03 12:17:03] [step] LACM ugv_parking episode=243 step=1/80 skill=main_road_driving
[2026-06-03 12:17:03] [step] LACM ugv_parking episode=244 step=1/80 skill=main_road_driving
[2026-06-03 12:17:03] [step] LACM ugv_parking episode=245 step=1/80 skill=main_road_driving
[2026-06-03 12:17:03] [step] LACM ugv_parking episode=246 step=1/80 skill=main_road_driving
[2026-06-03 12:17:03] [step] LACM ugv_parking episode=247 step=1/80 skill=main_road_driving
[2026-06-03 12:17:03] [step] LACM ugv_parking episode=248 step=1/80 skill=main_road_driving
[2026-06-03 12:17:03] [step] LACM ugv_parking episode=249 step=1/80 skill=main_road_driving
[2026-06-03 12:17:03] [step] LACM ugv_parking episode=250 step=1/80 skill=main_road_driving
[2026-06-03 12:17:03] [step] LACM ugv_parking episode=251 step=1/80 skill=main_road_driving
[2026-06-03 12:17:03] [step] LACM ugv_parking episode=252 step=1/80 skill=main_road_driving
[2026-06-03 12:17:03] [step] LACM ugv_parking episode=253 step=1/80 skill=main_road_driving
[2026-06-03 12:17:03] [step] LACM ugv_parking episode=254 step=1/80 skill=main_road_driving
[2026-06-03 12:17:03] [step] LACM ugv_parking episode=255 step=1/80 skill=main_road_driving
[2026-06-03 12:17:03] [step] LACM ugv_parking episode=256 step=1/80 skill=main_road_driving
[2026-06-03 12:17:03] [step] LACM ugv_parking episode=257 step=1/80 skill=main_road_driving
[2026-06-03 12:17:03] [step] LACM ugv_parking episode=258 step=1/80 skill=main_road_driving
[2026-06-03 12:17:03] [step] LACM ugv_parking episode=259 step=1/80 skill=main_road_driving
[2026-06-03 12:17:03] [step] LACM ugv_parking episode=260 step=1/80 skill=main_road_driving
[2026-06-03 12:17:03] [step] LACM ugv_parking episode=261 step=1/80 skill=main_road_driving
[2026-06-03 12:17:03] [step] LACM ugv_parking episode=262 step=1/80 skill=main_road_driving
[2026-06-03 12:17:03] [step] LACM ugv_parking episode=263 step=1/80 skill=main_road_driving
[2026-06-03 12:17:03] [step] LACM ugv_parking episode=264 step=1/80 skill=main_road_driving
[2026-06-03 12:17:03] [step] LACM ugv_parking episode=265 step=1/80 skill=main_road_driving
[2026-06-03 12:17:03] [step] LACM ugv_parking episode=266 step=1/80 skill=main_road_driving
[2026-06-03 12:17:03] [step] LACM ugv_parking episode=267 step=1/80 skill=main_road_driving
[2026-06-03 12:17:03] [step] LACM ugv_parking episode=268 step=1/80 skill=main_road_driving
[2026-06-03 12:17:03] [step] LACM ugv_parking episode=269 step=1/80 skill=main_road_driving
[2026-06-03 12:17:03] [step] LACM ugv_parking episode=270 step=1/80 skill=main_road_driving
[2026-06-03 12:17:03] [step] LACM ugv_parking episode=271 step=1/80 skill=main_road_driving
[2026-06-03 12:17:03] [step] LACM ugv_parking episode=272 step=1/80 skill=main_road_driving
[2026-06-03 12:17:03] [step] LACM ugv_parking episode=273 step=1/80 skill=main_road_driving
[2026-06-03 12:17:03] [step] LACM ugv_parking episode=274 step=1/80 skill=main_road_driving
[2026-06-03 12:17:03] [step] LACM ugv_parking episode=275 step=1/80 skill=main_road_driving
[2026-06-03 12:17:03] [step] LACM ugv_parking episode=276 step=1/80 skill=main_road_driving
[2026-06-03 12:17:03] [step] LACM ugv_parking episode=277 step=1/80 skill=main_road_driving
[2026-06-03 12:17:03] [step] LACM ugv_parking episode=278 step=1/80 skill=main_road_driving
[2026-06-03 12:17:03] [step] LACM ugv_parking episode=279 step=1/80 skill=main_road_driving
[2026-06-03 12:17:03] [step] LACM ugv_parking episode=280 step=1/80 skill=main_road_driving
[2026-06-03 12:17:03] [step] LACM ugv_parking episode=281 step=1/80 skill=main_road_driving
[2026-06-03 12:17:03] [step] LACM ugv_parking episode=282 step=1/80 skill=main_road_driving
[2026-06-03 12:17:03] [step] LACM ugv_parking episode=283 step=1/80 skill=main_road_driving
[2026-06-03 12:17:03] [step] LACM ugv_parking episode=284 step=1/80 skill=main_road_driving
[2026-06-03 12:17:03] [step] LACM ugv_parking episode=285 step=1/80 skill=main_road_driving
[2026-06-03 12:17:03] [step] LACM ugv_parking episode=286 step=1/80 skill=main_road_driving
[2026-06-03 12:17:03] [step] LACM ugv_parking episode=287 step=1/80 skill=main_road_driving
[2026-06-03 12:17:03] [step] LACM ugv_parking episode=288 step=1/80 skill=main_road_driving
[2026-06-03 12:17:03] [step] LACM ugv_parking episode=289 step=1/80 skill=main_road_driving
[2026-06-03 12:17:03] [step] LACM ugv_parking episode=290 step=1/80 skill=main_road_driving
[2026-06-03 12:17:03] [step] LACM ugv_parking episode=291 step=1/80 skill=main_road_driving
[2026-06-03 12:17:03] [step] LACM ugv_parking episode=292 step=1/80 skill=main_road_driving
[2026-06-03 12:17:03] [step] LACM ugv_parking episode=293 step=1/80 skill=main_road_driving
[2026-06-03 12:17:03] [step] LACM ugv_parking episode=294 step=1/80 skill=main_road_driving
[2026-06-03 12:17:03] [step] LACM ugv_parking episode=295 step=1/80 skill=main_road_driving
[2026-06-03 12:17:03] [step] LACM ugv_parking episode=296 step=1/80 skill=main_road_driving
[2026-06-03 12:17:03] [step] LACM ugv_parking episode=297 step=1/80 skill=main_road_driving
[2026-06-03 12:17:03] [step] LACM ugv_parking episode=298 step=1/80 skill=main_road_driving
[2026-06-03 12:17:03] [step] LACM ugv_parking episode=299 step=1/80 skill=main_road_driving
[2026-06-03 12:17:03] [progress] LACM ugv_parking episode 300/4000 reward=12.2000 success=1
[2026-06-03 12:17:03] [step] LACM ugv_parking episode=300 step=1/80 skill=main_road_driving
[2026-06-03 12:17:03] [step] LACM ugv_parking episode=301 step=1/80 skill=main_road_driving
[2026-06-03 12:17:03] [step] LACM ugv_parking episode=302 step=1/80 skill=main_road_driving
[2026-06-03 12:17:03] [step] LACM ugv_parking episode=303 step=1/80 skill=main_road_driving
[2026-06-03 12:17:03] [step] LACM ugv_parking episode=304 step=1/80 skill=main_road_driving
[2026-06-03 12:17:03] [step] LACM ugv_parking episode=305 step=1/80 skill=main_road_driving
[2026-06-03 12:17:03] [step] LACM ugv_parking episode=306 step=1/80 skill=main_road_driving
[2026-06-03 12:17:03] [step] LACM ugv_parking episode=307 step=1/80 skill=main_road_driving
[2026-06-03 12:17:03] [step] LACM ugv_parking episode=308 step=1/80 skill=main_road_driving
[2026-06-03 12:17:03] [step] LACM ugv_parking episode=309 step=1/80 skill=main_road_driving
[2026-06-03 12:17:03] [step] LACM ugv_parking episode=310 step=1/80 skill=main_road_driving
[2026-06-03 12:17:03] [step] LACM ugv_parking episode=311 step=1/80 skill=main_road_driving
[2026-06-03 12:17:03] [step] LACM ugv_parking episode=312 step=1/80 skill=main_road_driving
[2026-06-03 12:17:03] [step] LACM ugv_parking episode=313 step=1/80 skill=main_road_driving
[2026-06-03 12:17:03] [step] LACM ugv_parking episode=314 step=1/80 skill=main_road_driving
[2026-06-03 12:17:03] [step] LACM ugv_parking episode=315 step=1/80 skill=main_road_driving
[2026-06-03 12:17:03] [step] LACM ugv_parking episode=316 step=1/80 skill=main_road_driving
[2026-06-03 12:17:03] [step] LACM ugv_parking episode=317 step=1/80 skill=main_road_driving
[2026-06-03 12:17:03] [step] LACM ugv_parking episode=318 step=1/80 skill=main_road_driving
[2026-06-03 12:17:03] [step] LACM ugv_parking episode=319 step=1/80 skill=main_road_driving
[2026-06-03 12:17:03] [step] LACM ugv_parking episode=320 step=1/80 skill=main_road_driving
[2026-06-03 12:17:03] [step] LACM ugv_parking episode=321 step=1/80 skill=main_road_driving
[2026-06-03 12:17:03] [step] LACM ugv_parking episode=322 step=1/80 skill=main_road_driving
[2026-06-03 12:17:03] [step] LACM ugv_parking episode=323 step=1/80 skill=main_road_driving
[2026-06-03 12:17:03] [step] LACM ugv_parking episode=324 step=1/80 skill=main_road_driving
[2026-06-03 12:17:03] [step] LACM ugv_parking episode=325 step=1/80 skill=main_road_driving
[2026-06-03 12:17:03] [step] LACM ugv_parking episode=326 step=1/80 skill=main_road_driving
[2026-06-03 12:17:03] [step] LACM ugv_parking episode=327 step=1/80 skill=main_road_driving
[2026-06-03 12:17:03] [step] LACM ugv_parking episode=328 step=1/80 skill=main_road_driving
[2026-06-03 12:17:03] [step] LACM ugv_parking episode=329 step=1/80 skill=main_road_driving
[2026-06-03 12:17:03] [step] LACM ugv_parking episode=330 step=1/80 skill=main_road_driving
[2026-06-03 12:17:03] [step] LACM ugv_parking episode=331 step=1/80 skill=main_road_driving
[2026-06-03 12:17:03] [step] LACM ugv_parking episode=332 step=1/80 skill=main_road_driving
[2026-06-03 12:17:03] [step] LACM ugv_parking episode=333 step=1/80 skill=main_road_driving
[2026-06-03 12:17:03] [step] LACM ugv_parking episode=334 step=1/80 skill=main_road_driving
[2026-06-03 12:17:03] [step] LACM ugv_parking episode=335 step=1/80 skill=main_road_driving
[2026-06-03 12:17:03] [step] LACM ugv_parking episode=336 step=1/80 skill=main_road_driving
[2026-06-03 12:17:03] [step] LACM ugv_parking episode=337 step=1/80 skill=main_road_driving
[2026-06-03 12:17:03] [step] LACM ugv_parking episode=338 step=1/80 skill=main_road_driving
[2026-06-03 12:17:03] [step] LACM ugv_parking episode=339 step=1/80 skill=main_road_driving
[2026-06-03 12:17:03] [step] LACM ugv_parking episode=340 step=1/80 skill=main_road_driving
[2026-06-03 12:17:03] [step] LACM ugv_parking episode=341 step=1/80 skill=main_road_driving
[2026-06-03 12:17:03] [step] LACM ugv_parking episode=342 step=1/80 skill=main_road_driving
[2026-06-03 12:17:03] [step] LACM ugv_parking episode=343 step=1/80 skill=main_road_driving
[2026-06-03 12:17:03] [step] LACM ugv_parking episode=344 step=1/80 skill=main_road_driving
[2026-06-03 12:17:03] [step] LACM ugv_parking episode=345 step=1/80 skill=main_road_driving
[2026-06-03 12:17:03] [step] LACM ugv_parking episode=346 step=1/80 skill=main_road_driving
[2026-06-03 12:17:03] [step] LACM ugv_parking episode=347 step=1/80 skill=main_road_driving
[2026-06-03 12:17:03] [step] LACM ugv_parking episode=348 step=1/80 skill=main_road_driving
[2026-06-03 12:17:03] [step] LACM ugv_parking episode=349 step=1/80 skill=main_road_driving
[2026-06-03 12:17:03] [step] LACM ugv_parking episode=350 step=1/80 skill=main_road_driving
[2026-06-03 12:17:03] [step] LACM ugv_parking episode=351 step=1/80 skill=main_road_driving
[2026-06-03 12:17:03] [step] LACM ugv_parking episode=352 step=1/80 skill=main_road_driving
[2026-06-03 12:17:03] [step] LACM ugv_parking episode=353 step=1/80 skill=main_road_driving
[2026-06-03 12:17:03] [step] LACM ugv_parking episode=354 step=1/80 skill=main_road_driving
[2026-06-03 12:17:03] [step] LACM ugv_parking episode=355 step=1/80 skill=main_road_driving
[2026-06-03 12:17:03] [step] LACM ugv_parking episode=356 step=1/80 skill=main_road_driving
[2026-06-03 12:17:03] [step] LACM ugv_parking episode=357 step=1/80 skill=main_road_driving
[2026-06-03 12:17:03] [step] LACM ugv_parking episode=358 step=1/80 skill=main_road_driving
[2026-06-03 12:17:03] [step] LACM ugv_parking episode=359 step=1/80 skill=main_road_driving
[2026-06-03 12:17:03] [step] LACM ugv_parking episode=360 step=1/80 skill=main_road_driving
[2026-06-03 12:17:03] [step] LACM ugv_parking episode=361 step=1/80 skill=main_road_driving
[2026-06-03 12:17:03] [step] LACM ugv_parking episode=362 step=1/80 skill=main_road_driving
[2026-06-03 12:17:03] [step] LACM ugv_parking episode=363 step=1/80 skill=main_road_driving
[2026-06-03 12:17:03] [step] LACM ugv_parking episode=364 step=1/80 skill=main_road_driving
[2026-06-03 12:17:03] [step] LACM ugv_parking episode=365 step=1/80 skill=main_road_driving
[2026-06-03 12:17:03] [step] LACM ugv_parking episode=366 step=1/80 skill=main_road_driving
[2026-06-03 12:17:03] [step] LACM ugv_parking episode=367 step=1/80 skill=main_road_driving
[2026-06-03 12:17:03] [step] LACM ugv_parking episode=368 step=1/80 skill=main_road_driving
[2026-06-03 12:17:03] [step] LACM ugv_parking episode=369 step=1/80 skill=main_road_driving
[2026-06-03 12:17:03] [step] LACM ugv_parking episode=370 step=1/80 skill=main_road_driving
[2026-06-03 12:17:03] [step] LACM ugv_parking episode=371 step=1/80 skill=main_road_driving
[2026-06-03 12:17:03] [step] LACM ugv_parking episode=372 step=1/80 skill=main_road_driving
[2026-06-03 12:17:03] [step] LACM ugv_parking episode=373 step=1/80 skill=main_road_driving
[2026-06-03 12:17:03] [step] LACM ugv_parking episode=374 step=1/80 skill=main_road_driving
[2026-06-03 12:17:03] [step] LACM ugv_parking episode=375 step=1/80 skill=main_road_driving
[2026-06-03 12:17:03] [step] LACM ugv_parking episode=376 step=1/80 skill=main_road_driving
[2026-06-03 12:17:03] [step] LACM ugv_parking episode=377 step=1/80 skill=main_road_driving
[2026-06-03 12:17:03] [step] LACM ugv_parking episode=378 step=1/80 skill=main_road_driving
[2026-06-03 12:17:03] [step] LACM ugv_parking episode=379 step=1/80 skill=main_road_driving
[2026-06-03 12:17:03] [step] LACM ugv_parking episode=380 step=1/80 skill=main_road_driving
[2026-06-03 12:17:03] [step] LACM ugv_parking episode=381 step=1/80 skill=main_road_driving
[2026-06-03 12:17:03] [step] LACM ugv_parking episode=382 step=1/80 skill=main_road_driving
[2026-06-03 12:17:03] [step] LACM ugv_parking episode=383 step=1/80 skill=main_road_driving
[2026-06-03 12:17:03] [step] LACM ugv_parking episode=384 step=1/80 skill=main_road_driving
[2026-06-03 12:17:03] [step] LACM ugv_parking episode=385 step=1/80 skill=main_road_driving
[2026-06-03 12:17:04] [step] LACM ugv_parking episode=386 step=1/80 skill=main_road_driving
[2026-06-03 12:17:04] [step] LACM ugv_parking episode=387 step=1/80 skill=main_road_driving
[2026-06-03 12:17:04] [step] LACM ugv_parking episode=388 step=1/80 skill=main_road_driving
[2026-06-03 12:17:04] [step] LACM ugv_parking episode=389 step=1/80 skill=main_road_driving
[2026-06-03 12:17:04] [step] LACM ugv_parking episode=390 step=1/80 skill=main_road_driving
[2026-06-03 12:17:04] [step] LACM ugv_parking episode=391 step=1/80 skill=main_road_driving
[2026-06-03 12:17:04] [step] LACM ugv_parking episode=392 step=1/80 skill=main_road_driving
[2026-06-03 12:17:04] [step] LACM ugv_parking episode=393 step=1/80 skill=main_road_driving
[2026-06-03 12:17:04] [step] LACM ugv_parking episode=394 step=1/80 skill=main_road_driving
[2026-06-03 12:17:04] [step] LACM ugv_parking episode=395 step=1/80 skill=main_road_driving
[2026-06-03 12:17:04] [step] LACM ugv_parking episode=396 step=1/80 skill=main_road_driving
[2026-06-03 12:17:04] [step] LACM ugv_parking episode=397 step=1/80 skill=main_road_driving
[2026-06-03 12:17:04] [step] LACM ugv_parking episode=398 step=1/80 skill=main_road_driving
[2026-06-03 12:17:04] [step] LACM ugv_parking episode=399 step=1/80 skill=main_road_driving
[2026-06-03 12:17:04] [progress] LACM ugv_parking episode 400/4000 reward=11.8000 success=1
[2026-06-03 12:17:04] [step] LACM ugv_parking episode=400 step=1/80 skill=main_road_driving
[2026-06-03 12:17:04] [step] LACM ugv_parking episode=401 step=1/80 skill=main_road_driving
[2026-06-03 12:17:04] [step] LACM ugv_parking episode=402 step=1/80 skill=main_road_driving
[2026-06-03 12:17:04] [step] LACM ugv_parking episode=403 step=1/80 skill=main_road_driving
[2026-06-03 12:17:04] [step] LACM ugv_parking episode=404 step=1/80 skill=main_road_driving
[2026-06-03 12:17:04] [step] LACM ugv_parking episode=405 step=1/80 skill=main_road_driving
[2026-06-03 12:17:04] [step] LACM ugv_parking episode=406 step=1/80 skill=main_road_driving
[2026-06-03 12:17:04] [step] LACM ugv_parking episode=407 step=1/80 skill=main_road_driving
[2026-06-03 12:17:04] [step] LACM ugv_parking episode=408 step=1/80 skill=main_road_driving
[2026-06-03 12:17:04] [step] LACM ugv_parking episode=409 step=1/80 skill=main_road_driving
[2026-06-03 12:17:04] [step] LACM ugv_parking episode=410 step=1/80 skill=main_road_driving
[2026-06-03 12:17:04] [step] LACM ugv_parking episode=411 step=1/80 skill=main_road_driving
[2026-06-03 12:17:04] [step] LACM ugv_parking episode=412 step=1/80 skill=main_road_driving
[2026-06-03 12:17:04] [step] LACM ugv_parking episode=413 step=1/80 skill=main_road_driving
[2026-06-03 12:17:04] [step] LACM ugv_parking episode=414 step=1/80 skill=main_road_driving
[2026-06-03 12:17:04] [step] LACM ugv_parking episode=415 step=1/80 skill=main_road_driving
[2026-06-03 12:17:04] [step] LACM ugv_parking episode=416 step=1/80 skill=main_road_driving
[2026-06-03 12:17:04] [step] LACM ugv_parking episode=417 step=1/80 skill=main_road_driving
[2026-06-03 12:17:04] [step] LACM ugv_parking episode=418 step=1/80 skill=main_road_driving
[2026-06-03 12:17:04] [step] LACM ugv_parking episode=419 step=1/80 skill=main_road_driving
[2026-06-03 12:17:04] [step] LACM ugv_parking episode=420 step=1/80 skill=main_road_driving
[2026-06-03 12:17:04] [step] LACM ugv_parking episode=421 step=1/80 skill=main_road_driving
[2026-06-03 12:17:04] [step] LACM ugv_parking episode=422 step=1/80 skill=main_road_driving
[2026-06-03 12:17:04] [step] LACM ugv_parking episode=423 step=1/80 skill=main_road_driving
[2026-06-03 12:17:04] [step] LACM ugv_parking episode=424 step=1/80 skill=main_road_driving
[2026-06-03 12:17:04] [step] LACM ugv_parking episode=425 step=1/80 skill=main_road_driving
[2026-06-03 12:17:04] [step] LACM ugv_parking episode=426 step=1/80 skill=main_road_driving
[2026-06-03 12:17:04] [step] LACM ugv_parking episode=427 step=1/80 skill=main_road_driving
[2026-06-03 12:17:04] [step] LACM ugv_parking episode=428 step=1/80 skill=main_road_driving
[2026-06-03 12:17:04] [step] LACM ugv_parking episode=429 step=1/80 skill=main_road_driving
[2026-06-03 12:17:04] [step] LACM ugv_parking episode=430 step=1/80 skill=main_road_driving
[2026-06-03 12:17:04] [step] LACM ugv_parking episode=431 step=1/80 skill=main_road_driving
[2026-06-03 12:17:04] [step] LACM ugv_parking episode=432 step=1/80 skill=main_road_driving
[2026-06-03 12:17:04] [step] LACM ugv_parking episode=433 step=1/80 skill=main_road_driving
[2026-06-03 12:17:04] [step] LACM ugv_parking episode=434 step=1/80 skill=main_road_driving
[2026-06-03 12:17:04] [step] LACM ugv_parking episode=435 step=1/80 skill=main_road_driving
[2026-06-03 12:17:04] [step] LACM ugv_parking episode=436 step=1/80 skill=main_road_driving
[2026-06-03 12:17:04] [step] LACM ugv_parking episode=437 step=1/80 skill=main_road_driving
[2026-06-03 12:17:04] [step] LACM ugv_parking episode=438 step=1/80 skill=main_road_driving
[2026-06-03 12:17:04] [step] LACM ugv_parking episode=439 step=1/80 skill=main_road_driving
[2026-06-03 12:17:04] [step] LACM ugv_parking episode=440 step=1/80 skill=main_road_driving
[2026-06-03 12:17:04] [step] LACM ugv_parking episode=441 step=1/80 skill=main_road_driving
[2026-06-03 12:17:04] [step] LACM ugv_parking episode=442 step=1/80 skill=main_road_driving
[2026-06-03 12:17:04] [step] LACM ugv_parking episode=443 step=1/80 skill=main_road_driving
[2026-06-03 12:17:04] [step] LACM ugv_parking episode=444 step=1/80 skill=main_road_driving
[2026-06-03 12:17:04] [step] LACM ugv_parking episode=445 step=1/80 skill=main_road_driving
[2026-06-03 12:17:04] [step] LACM ugv_parking episode=446 step=1/80 skill=main_road_driving
[2026-06-03 12:17:04] [step] LACM ugv_parking episode=447 step=1/80 skill=main_road_driving
[2026-06-03 12:17:04] [step] LACM ugv_parking episode=448 step=1/80 skill=main_road_driving
[2026-06-03 12:17:04] [step] LACM ugv_parking episode=449 step=1/80 skill=main_road_driving
[2026-06-03 12:17:04] [step] LACM ugv_parking episode=450 step=1/80 skill=main_road_driving
[2026-06-03 12:17:04] [step] LACM ugv_parking episode=451 step=1/80 skill=main_road_driving
[2026-06-03 12:17:04] [step] LACM ugv_parking episode=452 step=1/80 skill=main_road_driving
[2026-06-03 12:17:04] [step] LACM ugv_parking episode=453 step=1/80 skill=main_road_driving
[2026-06-03 12:17:04] [step] LACM ugv_parking episode=454 step=1/80 skill=main_road_driving
[2026-06-03 12:17:04] [step] LACM ugv_parking episode=455 step=1/80 skill=main_road_driving
[2026-06-03 12:17:04] [step] LACM ugv_parking episode=456 step=1/80 skill=main_road_driving
[2026-06-03 12:17:04] [step] LACM ugv_parking episode=457 step=1/80 skill=main_road_driving
[2026-06-03 12:17:04] [step] LACM ugv_parking episode=458 step=1/80 skill=main_road_driving
[2026-06-03 12:17:04] [step] LACM ugv_parking episode=459 step=1/80 skill=main_road_driving
[2026-06-03 12:17:04] [step] LACM ugv_parking episode=460 step=1/80 skill=main_road_driving
[2026-06-03 12:17:04] [step] LACM ugv_parking episode=461 step=1/80 skill=main_road_driving
[2026-06-03 12:17:04] [step] LACM ugv_parking episode=462 step=1/80 skill=main_road_driving
[2026-06-03 12:17:04] [step] LACM ugv_parking episode=463 step=1/80 skill=main_road_driving
[2026-06-03 12:17:04] [step] LACM ugv_parking episode=464 step=1/80 skill=main_road_driving
[2026-06-03 12:17:04] [step] LACM ugv_parking episode=465 step=1/80 skill=main_road_driving
[2026-06-03 12:17:04] [step] LACM ugv_parking episode=466 step=1/80 skill=main_road_driving
[2026-06-03 12:17:04] [step] LACM ugv_parking episode=467 step=1/80 skill=main_road_driving
[2026-06-03 12:17:04] [step] LACM ugv_parking episode=468 step=1/80 skill=main_road_driving
[2026-06-03 12:17:04] [step] LACM ugv_parking episode=469 step=1/80 skill=main_road_driving
[2026-06-03 12:17:04] [step] LACM ugv_parking episode=470 step=1/80 skill=main_road_driving
[2026-06-03 12:17:04] [step] LACM ugv_parking episode=471 step=1/80 skill=main_road_driving
[2026-06-03 12:17:04] [step] LACM ugv_parking episode=472 step=1/80 skill=main_road_driving
[2026-06-03 12:17:04] [step] LACM ugv_parking episode=473 step=1/80 skill=main_road_driving
[2026-06-03 12:17:04] [step] LACM ugv_parking episode=474 step=1/80 skill=main_road_driving
[2026-06-03 12:17:04] [step] LACM ugv_parking episode=475 step=1/80 skill=main_road_driving
[2026-06-03 12:17:04] [step] LACM ugv_parking episode=476 step=1/80 skill=main_road_driving
[2026-06-03 12:17:04] [step] LACM ugv_parking episode=477 step=1/80 skill=main_road_driving
[2026-06-03 12:17:04] [step] LACM ugv_parking episode=478 step=1/80 skill=main_road_driving
[2026-06-03 12:17:04] [step] LACM ugv_parking episode=479 step=1/80 skill=main_road_driving
[2026-06-03 12:17:04] [step] LACM ugv_parking episode=480 step=1/80 skill=main_road_driving
[2026-06-03 12:17:04] [step] LACM ugv_parking episode=481 step=1/80 skill=main_road_driving
[2026-06-03 12:17:04] [step] LACM ugv_parking episode=482 step=1/80 skill=main_road_driving
[2026-06-03 12:17:04] [step] LACM ugv_parking episode=483 step=1/80 skill=main_road_driving
[2026-06-03 12:17:04] [step] LACM ugv_parking episode=484 step=1/80 skill=main_road_driving
[2026-06-03 12:17:04] [step] LACM ugv_parking episode=485 step=1/80 skill=main_road_driving
[2026-06-03 12:17:04] [step] LACM ugv_parking episode=486 step=1/80 skill=main_road_driving
[2026-06-03 12:17:04] [step] LACM ugv_parking episode=487 step=1/80 skill=main_road_driving
[2026-06-03 12:17:04] [step] LACM ugv_parking episode=488 step=1/80 skill=main_road_driving
[2026-06-03 12:17:04] [step] LACM ugv_parking episode=489 step=1/80 skill=main_road_driving
[2026-06-03 12:17:04] [step] LACM ugv_parking episode=490 step=1/80 skill=main_road_driving
[2026-06-03 12:17:04] [step] LACM ugv_parking episode=491 step=1/80 skill=main_road_driving
[2026-06-03 12:17:04] [step] LACM ugv_parking episode=492 step=1/80 skill=main_road_driving
[2026-06-03 12:17:04] [step] LACM ugv_parking episode=493 step=1/80 skill=main_road_driving
[2026-06-03 12:17:04] [step] LACM ugv_parking episode=494 step=1/80 skill=main_road_driving
[2026-06-03 12:17:04] [step] LACM ugv_parking episode=495 step=1/80 skill=main_road_driving
[2026-06-03 12:17:04] [step] LACM ugv_parking episode=496 step=1/80 skill=main_road_driving
[2026-06-03 12:17:04] [step] LACM ugv_parking episode=497 step=1/80 skill=main_road_driving
[2026-06-03 12:17:04] [step] LACM ugv_parking episode=498 step=1/80 skill=main_road_driving
[2026-06-03 12:17:04] [step] LACM ugv_parking episode=499 step=1/80 skill=main_road_driving
[2026-06-03 12:17:04] [progress] LACM ugv_parking episode 500/4000 reward=12.2000 success=1
[2026-06-03 12:17:04] [step] LACM ugv_parking episode=500 step=1/80 skill=main_road_driving
[2026-06-03 12:17:04] [step] LACM ugv_parking episode=501 step=1/80 skill=main_road_driving
[2026-06-03 12:17:04] [step] LACM ugv_parking episode=502 step=1/80 skill=main_road_driving
[2026-06-03 12:17:04] [step] LACM ugv_parking episode=503 step=1/80 skill=main_road_driving
[2026-06-03 12:17:04] [step] LACM ugv_parking episode=504 step=1/80 skill=main_road_driving
[2026-06-03 12:17:04] [step] LACM ugv_parking episode=505 step=1/80 skill=main_road_driving
[2026-06-03 12:17:04] [step] LACM ugv_parking episode=506 step=1/80 skill=main_road_driving
[2026-06-03 12:17:04] [step] LACM ugv_parking episode=507 step=1/80 skill=main_road_driving
[2026-06-03 12:17:04] [step] LACM ugv_parking episode=508 step=1/80 skill=main_road_driving
[2026-06-03 12:17:04] [step] LACM ugv_parking episode=509 step=1/80 skill=main_road_driving
[2026-06-03 12:17:04] [step] LACM ugv_parking episode=510 step=1/80 skill=main_road_driving
[2026-06-03 12:17:04] [step] LACM ugv_parking episode=511 step=1/80 skill=main_road_driving
[2026-06-03 12:17:04] [step] LACM ugv_parking episode=512 step=1/80 skill=main_road_driving
[2026-06-03 12:17:04] [step] LACM ugv_parking episode=513 step=1/80 skill=main_road_driving
[2026-06-03 12:17:04] [step] LACM ugv_parking episode=514 step=1/80 skill=main_road_driving
[2026-06-03 12:17:04] [step] LACM ugv_parking episode=515 step=1/80 skill=main_road_driving
[2026-06-03 12:17:04] [step] LACM ugv_parking episode=516 step=1/80 skill=main_road_driving
[2026-06-03 12:17:04] [step] LACM ugv_parking episode=517 step=1/80 skill=main_road_driving
[2026-06-03 12:17:04] [step] LACM ugv_parking episode=518 step=1/80 skill=main_road_driving
[2026-06-03 12:17:04] [step] LACM ugv_parking episode=519 step=1/80 skill=main_road_driving
[2026-06-03 12:17:04] [step] LACM ugv_parking episode=520 step=1/80 skill=main_road_driving
[2026-06-03 12:17:04] [step] LACM ugv_parking episode=521 step=1/80 skill=main_road_driving
[2026-06-03 12:17:04] [step] LACM ugv_parking episode=522 step=1/80 skill=main_road_driving
[2026-06-03 12:17:04] [step] LACM ugv_parking episode=523 step=1/80 skill=main_road_driving
[2026-06-03 12:17:04] [step] LACM ugv_parking episode=524 step=1/80 skill=main_road_driving
[2026-06-03 12:17:04] [step] LACM ugv_parking episode=525 step=1/80 skill=main_road_driving
[2026-06-03 12:17:04] [step] LACM ugv_parking episode=526 step=1/80 skill=main_road_driving
[2026-06-03 12:17:04] [step] LACM ugv_parking episode=527 step=1/80 skill=main_road_driving
[2026-06-03 12:17:04] [step] LACM ugv_parking episode=528 step=1/80 skill=main_road_driving
[2026-06-03 12:17:04] [step] LACM ugv_parking episode=529 step=1/80 skill=main_road_driving
[2026-06-03 12:17:04] [step] LACM ugv_parking episode=530 step=1/80 skill=main_road_driving
[2026-06-03 12:17:04] [step] LACM ugv_parking episode=531 step=1/80 skill=main_road_driving
[2026-06-03 12:17:04] [step] LACM ugv_parking episode=532 step=1/80 skill=main_road_driving
[2026-06-03 12:17:04] [step] LACM ugv_parking episode=533 step=1/80 skill=main_road_driving
[2026-06-03 12:17:04] [step] LACM ugv_parking episode=534 step=1/80 skill=main_road_driving
[2026-06-03 12:17:04] [step] LACM ugv_parking episode=535 step=1/80 skill=main_road_driving
[2026-06-03 12:17:04] [step] LACM ugv_parking episode=536 step=1/80 skill=main_road_driving
[2026-06-03 12:17:04] [step] LACM ugv_parking episode=537 step=1/80 skill=main_road_driving
[2026-06-03 12:17:04] [step] LACM ugv_parking episode=538 step=1/80 skill=main_road_driving
[2026-06-03 12:17:04] [step] LACM ugv_parking episode=539 step=1/80 skill=main_road_driving
[2026-06-03 12:17:04] [step] LACM ugv_parking episode=540 step=1/80 skill=main_road_driving
[2026-06-03 12:17:04] [step] LACM ugv_parking episode=541 step=1/80 skill=main_road_driving
[2026-06-03 12:17:04] [step] LACM ugv_parking episode=542 step=1/80 skill=main_road_driving
[2026-06-03 12:17:04] [step] LACM ugv_parking episode=543 step=1/80 skill=main_road_driving
[2026-06-03 12:17:04] [step] LACM ugv_parking episode=544 step=1/80 skill=main_road_driving
[2026-06-03 12:17:04] [step] LACM ugv_parking episode=545 step=1/80 skill=main_road_driving
[2026-06-03 12:17:04] [step] LACM ugv_parking episode=546 step=1/80 skill=main_road_driving
[2026-06-03 12:17:04] [step] LACM ugv_parking episode=547 step=1/80 skill=main_road_driving
[2026-06-03 12:17:04] [step] LACM ugv_parking episode=548 step=1/80 skill=main_road_driving
[2026-06-03 12:17:04] [step] LACM ugv_parking episode=549 step=1/80 skill=main_road_driving
[2026-06-03 12:17:04] [step] LACM ugv_parking episode=550 step=1/80 skill=main_road_driving
[2026-06-03 12:17:04] [step] LACM ugv_parking episode=551 step=1/80 skill=main_road_driving
[2026-06-03 12:17:05] [step] LACM ugv_parking episode=552 step=1/80 skill=main_road_driving
[2026-06-03 12:17:05] [step] LACM ugv_parking episode=553 step=1/80 skill=main_road_driving
[2026-06-03 12:17:05] [step] LACM ugv_parking episode=554 step=1/80 skill=main_road_driving
[2026-06-03 12:17:05] [step] LACM ugv_parking episode=555 step=1/80 skill=main_road_driving
[2026-06-03 12:17:05] [step] LACM ugv_parking episode=556 step=1/80 skill=main_road_driving
[2026-06-03 12:17:05] [step] LACM ugv_parking episode=557 step=1/80 skill=main_road_driving
[2026-06-03 12:17:05] [step] LACM ugv_parking episode=558 step=1/80 skill=main_road_driving
[2026-06-03 12:17:05] [step] LACM ugv_parking episode=559 step=1/80 skill=main_road_driving
[2026-06-03 12:17:05] [step] LACM ugv_parking episode=560 step=1/80 skill=main_road_driving
[2026-06-03 12:17:05] [step] LACM ugv_parking episode=561 step=1/80 skill=main_road_driving
[2026-06-03 12:17:05] [step] LACM ugv_parking episode=562 step=1/80 skill=main_road_driving
[2026-06-03 12:17:05] [step] LACM ugv_parking episode=563 step=1/80 skill=main_road_driving
[2026-06-03 12:17:05] [step] LACM ugv_parking episode=564 step=1/80 skill=main_road_driving
[2026-06-03 12:17:05] [step] LACM ugv_parking episode=565 step=1/80 skill=main_road_driving
[2026-06-03 12:17:05] [step] LACM ugv_parking episode=566 step=1/80 skill=main_road_driving
[2026-06-03 12:17:05] [step] LACM ugv_parking episode=567 step=1/80 skill=main_road_driving
[2026-06-03 12:17:05] [step] LACM ugv_parking episode=568 step=1/80 skill=main_road_driving
[2026-06-03 12:17:05] [step] LACM ugv_parking episode=569 step=1/80 skill=main_road_driving
[2026-06-03 12:17:05] [step] LACM ugv_parking episode=570 step=1/80 skill=main_road_driving
[2026-06-03 12:17:05] [step] LACM ugv_parking episode=571 step=1/80 skill=main_road_driving
[2026-06-03 12:17:05] [step] LACM ugv_parking episode=572 step=1/80 skill=main_road_driving
[2026-06-03 12:17:05] [step] LACM ugv_parking episode=573 step=1/80 skill=main_road_driving
[2026-06-03 12:17:05] [step] LACM ugv_parking episode=574 step=1/80 skill=main_road_driving
[2026-06-03 12:17:05] [step] LACM ugv_parking episode=575 step=1/80 skill=main_road_driving
[2026-06-03 12:17:05] [step] LACM ugv_parking episode=576 step=1/80 skill=main_road_driving
[2026-06-03 12:17:05] [step] LACM ugv_parking episode=577 step=1/80 skill=main_road_driving
[2026-06-03 12:17:05] [step] LACM ugv_parking episode=578 step=1/80 skill=main_road_driving
[2026-06-03 12:17:05] [step] LACM ugv_parking episode=579 step=1/80 skill=main_road_driving
[2026-06-03 12:17:05] [step] LACM ugv_parking episode=580 step=1/80 skill=main_road_driving
[2026-06-03 12:17:05] [step] LACM ugv_parking episode=581 step=1/80 skill=main_road_driving
[2026-06-03 12:17:05] [step] LACM ugv_parking episode=582 step=1/80 skill=main_road_driving
[2026-06-03 12:17:05] [step] LACM ugv_parking episode=583 step=1/80 skill=main_road_driving
[2026-06-03 12:17:05] [step] LACM ugv_parking episode=584 step=1/80 skill=main_road_driving
[2026-06-03 12:17:05] [step] LACM ugv_parking episode=585 step=1/80 skill=main_road_driving
[2026-06-03 12:17:05] [step] LACM ugv_parking episode=586 step=1/80 skill=main_road_driving
[2026-06-03 12:17:05] [step] LACM ugv_parking episode=587 step=1/80 skill=main_road_driving
[2026-06-03 12:17:05] [step] LACM ugv_parking episode=588 step=1/80 skill=main_road_driving
[2026-06-03 12:17:05] [step] LACM ugv_parking episode=589 step=1/80 skill=main_road_driving
[2026-06-03 12:17:05] [step] LACM ugv_parking episode=590 step=1/80 skill=main_road_driving
[2026-06-03 12:17:05] [step] LACM ugv_parking episode=591 step=1/80 skill=main_road_driving
[2026-06-03 12:17:05] [step] LACM ugv_parking episode=592 step=1/80 skill=main_road_driving
[2026-06-03 12:17:05] [step] LACM ugv_parking episode=593 step=1/80 skill=main_road_driving
[2026-06-03 12:17:05] [step] LACM ugv_parking episode=594 step=1/80 skill=main_road_driving
[2026-06-03 12:17:05] [step] LACM ugv_parking episode=595 step=1/80 skill=main_road_driving
[2026-06-03 12:17:05] [step] LACM ugv_parking episode=596 step=1/80 skill=main_road_driving
[2026-06-03 12:17:05] [step] LACM ugv_parking episode=597 step=1/80 skill=main_road_driving
[2026-06-03 12:17:05] [step] LACM ugv_parking episode=598 step=1/80 skill=main_road_driving
[2026-06-03 12:17:05] [step] LACM ugv_parking episode=599 step=1/80 skill=main_road_driving
[2026-06-03 12:17:05] [progress] LACM ugv_parking episode 600/4000 reward=12.2000 success=1
[2026-06-03 12:17:05] [step] LACM ugv_parking episode=600 step=1/80 skill=main_road_driving
[2026-06-03 12:17:05] [step] LACM ugv_parking episode=601 step=1/80 skill=main_road_driving
[2026-06-03 12:17:05] [step] LACM ugv_parking episode=602 step=1/80 skill=main_road_driving
[2026-06-03 12:17:05] [step] LACM ugv_parking episode=603 step=1/80 skill=main_road_driving
[2026-06-03 12:17:05] [step] LACM ugv_parking episode=604 step=1/80 skill=main_road_driving
[2026-06-03 12:17:05] [step] LACM ugv_parking episode=605 step=1/80 skill=main_road_driving
[2026-06-03 12:17:05] [step] LACM ugv_parking episode=606 step=1/80 skill=main_road_driving
[2026-06-03 12:17:05] [step] LACM ugv_parking episode=607 step=1/80 skill=main_road_driving
[2026-06-03 12:17:05] [step] LACM ugv_parking episode=608 step=1/80 skill=main_road_driving
[2026-06-03 12:17:05] [step] LACM ugv_parking episode=609 step=1/80 skill=main_road_driving
[2026-06-03 12:17:05] [step] LACM ugv_parking episode=610 step=1/80 skill=main_road_driving
[2026-06-03 12:17:05] [step] LACM ugv_parking episode=611 step=1/80 skill=main_road_driving
[2026-06-03 12:17:05] [step] LACM ugv_parking episode=612 step=1/80 skill=main_road_driving
[2026-06-03 12:17:05] [step] LACM ugv_parking episode=613 step=1/80 skill=main_road_driving
[2026-06-03 12:17:05] [step] LACM ugv_parking episode=614 step=1/80 skill=main_road_driving
[2026-06-03 12:17:05] [step] LACM ugv_parking episode=615 step=1/80 skill=main_road_driving
[2026-06-03 12:17:05] [step] LACM ugv_parking episode=616 step=1/80 skill=main_road_driving
[2026-06-03 12:17:05] [step] LACM ugv_parking episode=617 step=1/80 skill=main_road_driving
[2026-06-03 12:17:05] [step] LACM ugv_parking episode=618 step=1/80 skill=main_road_driving
[2026-06-03 12:17:05] [step] LACM ugv_parking episode=619 step=1/80 skill=main_road_driving
[2026-06-03 12:17:05] [step] LACM ugv_parking episode=620 step=1/80 skill=main_road_driving
[2026-06-03 12:17:05] [step] LACM ugv_parking episode=621 step=1/80 skill=main_road_driving
[2026-06-03 12:17:05] [step] LACM ugv_parking episode=622 step=1/80 skill=main_road_driving
[2026-06-03 12:17:05] [step] LACM ugv_parking episode=623 step=1/80 skill=main_road_driving
[2026-06-03 12:17:05] [step] LACM ugv_parking episode=624 step=1/80 skill=main_road_driving
[2026-06-03 12:17:05] [step] LACM ugv_parking episode=625 step=1/80 skill=main_road_driving
[2026-06-03 12:17:05] [step] LACM ugv_parking episode=626 step=1/80 skill=main_road_driving
[2026-06-03 12:17:05] [step] LACM ugv_parking episode=627 step=1/80 skill=main_road_driving
[2026-06-03 12:17:05] [step] LACM ugv_parking episode=628 step=1/80 skill=main_road_driving
[2026-06-03 12:17:05] [step] LACM ugv_parking episode=629 step=1/80 skill=main_road_driving
[2026-06-03 12:17:05] [step] LACM ugv_parking episode=630 step=1/80 skill=main_road_driving
[2026-06-03 12:17:05] [step] LACM ugv_parking episode=631 step=1/80 skill=main_road_driving
[2026-06-03 12:17:05] [step] LACM ugv_parking episode=632 step=1/80 skill=main_road_driving
[2026-06-03 12:17:05] [step] LACM ugv_parking episode=633 step=1/80 skill=main_road_driving
[2026-06-03 12:17:05] [step] LACM ugv_parking episode=634 step=1/80 skill=main_road_driving
[2026-06-03 12:17:05] [step] LACM ugv_parking episode=635 step=1/80 skill=main_road_driving
[2026-06-03 12:17:05] [step] LACM ugv_parking episode=636 step=1/80 skill=main_road_driving
[2026-06-03 12:17:05] [step] LACM ugv_parking episode=637 step=1/80 skill=main_road_driving
[2026-06-03 12:17:05] [step] LACM ugv_parking episode=638 step=1/80 skill=main_road_driving
[2026-06-03 12:17:05] [step] LACM ugv_parking episode=639 step=1/80 skill=main_road_driving
[2026-06-03 12:17:05] [step] LACM ugv_parking episode=640 step=1/80 skill=main_road_driving
[2026-06-03 12:17:05] [step] LACM ugv_parking episode=641 step=1/80 skill=main_road_driving
[2026-06-03 12:17:05] [step] LACM ugv_parking episode=642 step=1/80 skill=main_road_driving
[2026-06-03 12:17:05] [step] LACM ugv_parking episode=643 step=1/80 skill=main_road_driving
[2026-06-03 12:17:05] [step] LACM ugv_parking episode=644 step=1/80 skill=main_road_driving
[2026-06-03 12:17:05] [step] LACM ugv_parking episode=645 step=1/80 skill=main_road_driving
[2026-06-03 12:17:05] [step] LACM ugv_parking episode=646 step=1/80 skill=main_road_driving
[2026-06-03 12:17:05] [step] LACM ugv_parking episode=647 step=1/80 skill=main_road_driving
[2026-06-03 12:17:05] [step] LACM ugv_parking episode=648 step=1/80 skill=main_road_driving
[2026-06-03 12:17:05] [step] LACM ugv_parking episode=649 step=1/80 skill=main_road_driving
[2026-06-03 12:17:05] [step] LACM ugv_parking episode=650 step=1/80 skill=main_road_driving
[2026-06-03 12:17:05] [step] LACM ugv_parking episode=651 step=1/80 skill=main_road_driving
[2026-06-03 12:17:05] [step] LACM ugv_parking episode=652 step=1/80 skill=main_road_driving
[2026-06-03 12:17:05] [step] LACM ugv_parking episode=653 step=1/80 skill=main_road_driving
[2026-06-03 12:17:05] [step] LACM ugv_parking episode=654 step=1/80 skill=main_road_driving
[2026-06-03 12:17:05] [step] LACM ugv_parking episode=655 step=1/80 skill=main_road_driving
[2026-06-03 12:17:05] [step] LACM ugv_parking episode=656 step=1/80 skill=main_road_driving
[2026-06-03 12:17:05] [step] LACM ugv_parking episode=657 step=1/80 skill=main_road_driving
[2026-06-03 12:17:05] [step] LACM ugv_parking episode=658 step=1/80 skill=main_road_driving
[2026-06-03 12:17:05] [step] LACM ugv_parking episode=659 step=1/80 skill=main_road_driving
[2026-06-03 12:17:05] [step] LACM ugv_parking episode=660 step=1/80 skill=main_road_driving
[2026-06-03 12:17:05] [step] LACM ugv_parking episode=661 step=1/80 skill=main_road_driving
[2026-06-03 12:17:05] [step] LACM ugv_parking episode=662 step=1/80 skill=main_road_driving
[2026-06-03 12:17:05] [step] LACM ugv_parking episode=663 step=1/80 skill=main_road_driving
[2026-06-03 12:17:05] [step] LACM ugv_parking episode=664 step=1/80 skill=main_road_driving
[2026-06-03 12:17:05] [step] LACM ugv_parking episode=665 step=1/80 skill=main_road_driving
[2026-06-03 12:17:05] [step] LACM ugv_parking episode=666 step=1/80 skill=main_road_driving
[2026-06-03 12:17:05] [step] LACM ugv_parking episode=667 step=1/80 skill=main_road_driving
[2026-06-03 12:17:05] [step] LACM ugv_parking episode=668 step=1/80 skill=main_road_driving
[2026-06-03 12:17:05] [step] LACM ugv_parking episode=669 step=1/80 skill=main_road_driving
[2026-06-03 12:17:05] [step] LACM ugv_parking episode=670 step=1/80 skill=main_road_driving
[2026-06-03 12:17:05] [step] LACM ugv_parking episode=671 step=1/80 skill=main_road_driving
[2026-06-03 12:17:05] [step] LACM ugv_parking episode=672 step=1/80 skill=main_road_driving
[2026-06-03 12:17:05] [step] LACM ugv_parking episode=673 step=1/80 skill=main_road_driving
[2026-06-03 12:17:05] [step] LACM ugv_parking episode=674 step=1/80 skill=main_road_driving
[2026-06-03 12:17:05] [step] LACM ugv_parking episode=675 step=1/80 skill=main_road_driving
[2026-06-03 12:17:05] [step] LACM ugv_parking episode=676 step=1/80 skill=main_road_driving
[2026-06-03 12:17:05] [step] LACM ugv_parking episode=677 step=1/80 skill=main_road_driving
[2026-06-03 12:17:05] [step] LACM ugv_parking episode=678 step=1/80 skill=main_road_driving
[2026-06-03 12:17:05] [step] LACM ugv_parking episode=679 step=1/80 skill=main_road_driving
[2026-06-03 12:17:05] [step] LACM ugv_parking episode=680 step=1/80 skill=main_road_driving
[2026-06-03 12:17:05] [step] LACM ugv_parking episode=681 step=1/80 skill=main_road_driving
[2026-06-03 12:17:05] [step] LACM ugv_parking episode=682 step=1/80 skill=main_road_driving
[2026-06-03 12:17:05] [step] LACM ugv_parking episode=683 step=1/80 skill=main_road_driving
[2026-06-03 12:17:05] [step] LACM ugv_parking episode=684 step=1/80 skill=main_road_driving
[2026-06-03 12:17:05] [step] LACM ugv_parking episode=685 step=1/80 skill=main_road_driving
[2026-06-03 12:17:05] [step] LACM ugv_parking episode=686 step=1/80 skill=main_road_driving
[2026-06-03 12:17:05] [step] LACM ugv_parking episode=687 step=1/80 skill=main_road_driving
[2026-06-03 12:17:05] [step] LACM ugv_parking episode=688 step=1/80 skill=main_road_driving
[2026-06-03 12:17:05] [step] LACM ugv_parking episode=689 step=1/80 skill=main_road_driving
[2026-06-03 12:17:05] [step] LACM ugv_parking episode=690 step=1/80 skill=main_road_driving
[2026-06-03 12:17:05] [step] LACM ugv_parking episode=691 step=1/80 skill=main_road_driving
[2026-06-03 12:17:05] [step] LACM ugv_parking episode=692 step=1/80 skill=main_road_driving
[2026-06-03 12:17:05] [step] LACM ugv_parking episode=693 step=1/80 skill=main_road_driving
[2026-06-03 12:17:05] [step] LACM ugv_parking episode=694 step=1/80 skill=main_road_driving
[2026-06-03 12:17:05] [step] LACM ugv_parking episode=695 step=1/80 skill=main_road_driving
[2026-06-03 12:17:05] [step] LACM ugv_parking episode=696 step=1/80 skill=main_road_driving
[2026-06-03 12:17:05] [step] LACM ugv_parking episode=697 step=1/80 skill=main_road_driving
[2026-06-03 12:17:05] [step] LACM ugv_parking episode=698 step=1/80 skill=main_road_driving
[2026-06-03 12:17:05] [step] LACM ugv_parking episode=699 step=1/80 skill=main_road_driving
[2026-06-03 12:17:05] [progress] LACM ugv_parking episode 700/4000 reward=11.8000 success=1
[2026-06-03 12:17:05] [step] LACM ugv_parking episode=700 step=1/80 skill=main_road_driving
[2026-06-03 12:17:05] [step] LACM ugv_parking episode=701 step=1/80 skill=main_road_driving
[2026-06-03 12:17:05] [step] LACM ugv_parking episode=702 step=1/80 skill=main_road_driving
[2026-06-03 12:17:05] [step] LACM ugv_parking episode=703 step=1/80 skill=main_road_driving
[2026-06-03 12:17:05] [step] LACM ugv_parking episode=704 step=1/80 skill=main_road_driving
[2026-06-03 12:17:05] [step] LACM ugv_parking episode=705 step=1/80 skill=main_road_driving
[2026-06-03 12:17:05] [step] LACM ugv_parking episode=706 step=1/80 skill=main_road_driving
[2026-06-03 12:17:05] [step] LACM ugv_parking episode=707 step=1/80 skill=main_road_driving
[2026-06-03 12:17:05] [step] LACM ugv_parking episode=708 step=1/80 skill=main_road_driving
[2026-06-03 12:17:05] [step] LACM ugv_parking episode=709 step=1/80 skill=main_road_driving
[2026-06-03 12:17:05] [step] LACM ugv_parking episode=710 step=1/80 skill=main_road_driving
[2026-06-03 12:17:05] [step] LACM ugv_parking episode=711 step=1/80 skill=main_road_driving
[2026-06-03 12:17:05] [step] LACM ugv_parking episode=712 step=1/80 skill=main_road_driving
[2026-06-03 12:17:05] [step] LACM ugv_parking episode=713 step=1/80 skill=main_road_driving
[2026-06-03 12:17:05] [step] LACM ugv_parking episode=714 step=1/80 skill=main_road_driving
[2026-06-03 12:17:05] [step] LACM ugv_parking episode=715 step=1/80 skill=main_road_driving
[2026-06-03 12:17:05] [step] LACM ugv_parking episode=716 step=1/80 skill=main_road_driving
[2026-06-03 12:17:06] [step] LACM ugv_parking episode=717 step=1/80 skill=main_road_driving
[2026-06-03 12:17:06] [step] LACM ugv_parking episode=718 step=1/80 skill=main_road_driving
[2026-06-03 12:17:06] [step] LACM ugv_parking episode=719 step=1/80 skill=main_road_driving
[2026-06-03 12:17:06] [step] LACM ugv_parking episode=720 step=1/80 skill=main_road_driving
[2026-06-03 12:17:06] [step] LACM ugv_parking episode=721 step=1/80 skill=main_road_driving
[2026-06-03 12:17:06] [step] LACM ugv_parking episode=722 step=1/80 skill=main_road_driving
[2026-06-03 12:17:06] [step] LACM ugv_parking episode=723 step=1/80 skill=main_road_driving
[2026-06-03 12:17:06] [step] LACM ugv_parking episode=724 step=1/80 skill=main_road_driving
[2026-06-03 12:17:06] [step] LACM ugv_parking episode=725 step=1/80 skill=main_road_driving
[2026-06-03 12:17:06] [step] LACM ugv_parking episode=726 step=1/80 skill=main_road_driving
[2026-06-03 12:17:06] [step] LACM ugv_parking episode=727 step=1/80 skill=main_road_driving
[2026-06-03 12:17:06] [step] LACM ugv_parking episode=728 step=1/80 skill=main_road_driving
[2026-06-03 12:17:06] [step] LACM ugv_parking episode=729 step=1/80 skill=main_road_driving
[2026-06-03 12:17:06] [step] LACM ugv_parking episode=730 step=1/80 skill=main_road_driving
[2026-06-03 12:17:06] [step] LACM ugv_parking episode=731 step=1/80 skill=main_road_driving
[2026-06-03 12:17:06] [step] LACM ugv_parking episode=732 step=1/80 skill=main_road_driving
[2026-06-03 12:17:06] [step] LACM ugv_parking episode=733 step=1/80 skill=main_road_driving
[2026-06-03 12:17:06] [step] LACM ugv_parking episode=734 step=1/80 skill=main_road_driving
[2026-06-03 12:17:06] [step] LACM ugv_parking episode=735 step=1/80 skill=main_road_driving
[2026-06-03 12:17:06] [step] LACM ugv_parking episode=736 step=1/80 skill=main_road_driving
[2026-06-03 12:17:06] [step] LACM ugv_parking episode=737 step=1/80 skill=main_road_driving
[2026-06-03 12:17:06] [step] LACM ugv_parking episode=738 step=1/80 skill=main_road_driving
[2026-06-03 12:17:06] [step] LACM ugv_parking episode=739 step=1/80 skill=main_road_driving
[2026-06-03 12:17:06] [step] LACM ugv_parking episode=740 step=1/80 skill=main_road_driving
[2026-06-03 12:17:06] [step] LACM ugv_parking episode=741 step=1/80 skill=main_road_driving
[2026-06-03 12:17:06] [step] LACM ugv_parking episode=742 step=1/80 skill=main_road_driving
[2026-06-03 12:17:06] [step] LACM ugv_parking episode=743 step=1/80 skill=main_road_driving
[2026-06-03 12:17:06] [step] LACM ugv_parking episode=744 step=1/80 skill=main_road_driving
[2026-06-03 12:17:06] [step] LACM ugv_parking episode=745 step=1/80 skill=main_road_driving
[2026-06-03 12:17:06] [step] LACM ugv_parking episode=746 step=1/80 skill=main_road_driving
[2026-06-03 12:17:06] [step] LACM ugv_parking episode=747 step=1/80 skill=main_road_driving
[2026-06-03 12:17:06] [step] LACM ugv_parking episode=748 step=1/80 skill=main_road_driving
[2026-06-03 12:17:06] [step] LACM ugv_parking episode=749 step=1/80 skill=main_road_driving
[2026-06-03 12:17:06] [step] LACM ugv_parking episode=750 step=1/80 skill=main_road_driving
[2026-06-03 12:17:06] [step] LACM ugv_parking episode=751 step=1/80 skill=main_road_driving
[2026-06-03 12:17:06] [step] LACM ugv_parking episode=752 step=1/80 skill=main_road_driving
[2026-06-03 12:17:06] [step] LACM ugv_parking episode=753 step=1/80 skill=main_road_driving
[2026-06-03 12:17:06] [step] LACM ugv_parking episode=754 step=1/80 skill=main_road_driving
[2026-06-03 12:17:06] [step] LACM ugv_parking episode=755 step=1/80 skill=main_road_driving
[2026-06-03 12:17:06] [step] LACM ugv_parking episode=756 step=1/80 skill=main_road_driving
[2026-06-03 12:17:06] [step] LACM ugv_parking episode=757 step=1/80 skill=main_road_driving
[2026-06-03 12:17:06] [step] LACM ugv_parking episode=758 step=1/80 skill=main_road_driving
[2026-06-03 12:17:06] [step] LACM ugv_parking episode=759 step=1/80 skill=main_road_driving
[2026-06-03 12:17:06] [step] LACM ugv_parking episode=760 step=1/80 skill=main_road_driving
[2026-06-03 12:17:06] [step] LACM ugv_parking episode=761 step=1/80 skill=main_road_driving
[2026-06-03 12:17:06] [step] LACM ugv_parking episode=762 step=1/80 skill=main_road_driving
[2026-06-03 12:17:06] [step] LACM ugv_parking episode=763 step=1/80 skill=main_road_driving
[2026-06-03 12:17:06] [step] LACM ugv_parking episode=764 step=1/80 skill=main_road_driving
[2026-06-03 12:17:06] [step] LACM ugv_parking episode=765 step=1/80 skill=main_road_driving
[2026-06-03 12:17:06] [step] LACM ugv_parking episode=766 step=1/80 skill=main_road_driving
[2026-06-03 12:17:06] [step] LACM ugv_parking episode=767 step=1/80 skill=main_road_driving
[2026-06-03 12:17:06] [step] LACM ugv_parking episode=768 step=1/80 skill=main_road_driving
[2026-06-03 12:17:06] [step] LACM ugv_parking episode=769 step=1/80 skill=main_road_driving
[2026-06-03 12:17:06] [step] LACM ugv_parking episode=770 step=1/80 skill=main_road_driving
[2026-06-03 12:17:06] [step] LACM ugv_parking episode=771 step=1/80 skill=main_road_driving
[2026-06-03 12:17:06] [step] LACM ugv_parking episode=772 step=1/80 skill=main_road_driving
[2026-06-03 12:17:06] [step] LACM ugv_parking episode=773 step=1/80 skill=main_road_driving
[2026-06-03 12:17:06] [step] LACM ugv_parking episode=774 step=1/80 skill=main_road_driving
[2026-06-03 12:17:06] [step] LACM ugv_parking episode=775 step=1/80 skill=main_road_driving
[2026-06-03 12:17:06] [step] LACM ugv_parking episode=776 step=1/80 skill=main_road_driving
[2026-06-03 12:17:06] [step] LACM ugv_parking episode=777 step=1/80 skill=main_road_driving
[2026-06-03 12:17:06] [step] LACM ugv_parking episode=778 step=1/80 skill=main_road_driving
[2026-06-03 12:17:06] [step] LACM ugv_parking episode=779 step=1/80 skill=main_road_driving
[2026-06-03 12:17:06] [step] LACM ugv_parking episode=780 step=1/80 skill=main_road_driving
[2026-06-03 12:17:06] [step] LACM ugv_parking episode=781 step=1/80 skill=main_road_driving
[2026-06-03 12:17:06] [step] LACM ugv_parking episode=782 step=1/80 skill=main_road_driving
[2026-06-03 12:17:06] [step] LACM ugv_parking episode=783 step=1/80 skill=main_road_driving
[2026-06-03 12:17:06] [step] LACM ugv_parking episode=784 step=1/80 skill=main_road_driving
[2026-06-03 12:17:06] [step] LACM ugv_parking episode=785 step=1/80 skill=main_road_driving
[2026-06-03 12:17:06] [step] LACM ugv_parking episode=786 step=1/80 skill=main_road_driving
[2026-06-03 12:17:06] [step] LACM ugv_parking episode=787 step=1/80 skill=main_road_driving
[2026-06-03 12:17:06] [step] LACM ugv_parking episode=788 step=1/80 skill=main_road_driving
[2026-06-03 12:17:06] [step] LACM ugv_parking episode=789 step=1/80 skill=main_road_driving
[2026-06-03 12:17:06] [step] LACM ugv_parking episode=790 step=1/80 skill=main_road_driving
[2026-06-03 12:17:06] [step] LACM ugv_parking episode=791 step=1/80 skill=main_road_driving
[2026-06-03 12:17:06] [step] LACM ugv_parking episode=792 step=1/80 skill=main_road_driving
[2026-06-03 12:17:06] [step] LACM ugv_parking episode=793 step=1/80 skill=main_road_driving
[2026-06-03 12:17:06] [step] LACM ugv_parking episode=794 step=1/80 skill=main_road_driving
[2026-06-03 12:17:06] [step] LACM ugv_parking episode=795 step=1/80 skill=main_road_driving
[2026-06-03 12:17:06] [step] LACM ugv_parking episode=796 step=1/80 skill=main_road_driving
[2026-06-03 12:17:06] [step] LACM ugv_parking episode=797 step=1/80 skill=main_road_driving
[2026-06-03 12:17:06] [step] LACM ugv_parking episode=798 step=1/80 skill=main_road_driving
[2026-06-03 12:17:06] [step] LACM ugv_parking episode=799 step=1/80 skill=main_road_driving
[2026-06-03 12:17:06] [progress] LACM ugv_parking episode 800/4000 reward=12.2000 success=1
[2026-06-03 12:17:06] [step] LACM ugv_parking episode=800 step=1/80 skill=main_road_driving
[2026-06-03 12:17:06] [step] LACM ugv_parking episode=801 step=1/80 skill=main_road_driving
[2026-06-03 12:17:06] [step] LACM ugv_parking episode=802 step=1/80 skill=main_road_driving
[2026-06-03 12:17:06] [step] LACM ugv_parking episode=803 step=1/80 skill=main_road_driving
[2026-06-03 12:17:06] [step] LACM ugv_parking episode=804 step=1/80 skill=main_road_driving
[2026-06-03 12:17:06] [step] LACM ugv_parking episode=805 step=1/80 skill=main_road_driving
[2026-06-03 12:17:06] [step] LACM ugv_parking episode=806 step=1/80 skill=main_road_driving
[2026-06-03 12:17:06] [step] LACM ugv_parking episode=807 step=1/80 skill=main_road_driving
[2026-06-03 12:17:06] [step] LACM ugv_parking episode=808 step=1/80 skill=main_road_driving
[2026-06-03 12:17:06] [step] LACM ugv_parking episode=809 step=1/80 skill=main_road_driving
[2026-06-03 12:17:06] [step] LACM ugv_parking episode=810 step=1/80 skill=main_road_driving
[2026-06-03 12:17:06] [step] LACM ugv_parking episode=811 step=1/80 skill=main_road_driving
[2026-06-03 12:17:06] [step] LACM ugv_parking episode=812 step=1/80 skill=main_road_driving
[2026-06-03 12:17:06] [step] LACM ugv_parking episode=813 step=1/80 skill=main_road_driving
[2026-06-03 12:17:06] [step] LACM ugv_parking episode=814 step=1/80 skill=main_road_driving
[2026-06-03 12:17:06] [step] LACM ugv_parking episode=815 step=1/80 skill=main_road_driving
[2026-06-03 12:17:06] [step] LACM ugv_parking episode=816 step=1/80 skill=main_road_driving
[2026-06-03 12:17:06] [step] LACM ugv_parking episode=817 step=1/80 skill=main_road_driving
[2026-06-03 12:17:06] [step] LACM ugv_parking episode=818 step=1/80 skill=main_road_driving
[2026-06-03 12:17:06] [step] LACM ugv_parking episode=819 step=1/80 skill=main_road_driving
[2026-06-03 12:17:06] [step] LACM ugv_parking episode=820 step=1/80 skill=main_road_driving
[2026-06-03 12:17:06] [step] LACM ugv_parking episode=821 step=1/80 skill=main_road_driving
[2026-06-03 12:17:06] [step] LACM ugv_parking episode=822 step=1/80 skill=main_road_driving
[2026-06-03 12:17:06] [step] LACM ugv_parking episode=823 step=1/80 skill=main_road_driving
[2026-06-03 12:17:06] [step] LACM ugv_parking episode=824 step=1/80 skill=main_road_driving
[2026-06-03 12:17:06] [step] LACM ugv_parking episode=825 step=1/80 skill=main_road_driving
[2026-06-03 12:17:06] [step] LACM ugv_parking episode=826 step=1/80 skill=main_road_driving
[2026-06-03 12:17:06] [step] LACM ugv_parking episode=827 step=1/80 skill=main_road_driving
[2026-06-03 12:17:06] [step] LACM ugv_parking episode=828 step=1/80 skill=main_road_driving
[2026-06-03 12:17:06] [step] LACM ugv_parking episode=829 step=1/80 skill=main_road_driving
[2026-06-03 12:17:06] [step] LACM ugv_parking episode=830 step=1/80 skill=main_road_driving
[2026-06-03 12:17:06] [step] LACM ugv_parking episode=831 step=1/80 skill=main_road_driving
[2026-06-03 12:17:06] [step] LACM ugv_parking episode=832 step=1/80 skill=main_road_driving
[2026-06-03 12:17:06] [step] LACM ugv_parking episode=833 step=1/80 skill=main_road_driving
[2026-06-03 12:17:06] [step] LACM ugv_parking episode=834 step=1/80 skill=main_road_driving
[2026-06-03 12:17:06] [step] LACM ugv_parking episode=835 step=1/80 skill=main_road_driving
[2026-06-03 12:17:06] [step] LACM ugv_parking episode=836 step=1/80 skill=main_road_driving
[2026-06-03 12:17:06] [step] LACM ugv_parking episode=837 step=1/80 skill=main_road_driving
[2026-06-03 12:17:06] [step] LACM ugv_parking episode=838 step=1/80 skill=main_road_driving
[2026-06-03 12:17:06] [step] LACM ugv_parking episode=839 step=1/80 skill=main_road_driving
[2026-06-03 12:17:06] [step] LACM ugv_parking episode=840 step=1/80 skill=main_road_driving
[2026-06-03 12:17:06] [step] LACM ugv_parking episode=841 step=1/80 skill=main_road_driving
[2026-06-03 12:17:06] [step] LACM ugv_parking episode=842 step=1/80 skill=main_road_driving
[2026-06-03 12:17:06] [step] LACM ugv_parking episode=843 step=1/80 skill=main_road_driving
[2026-06-03 12:17:06] [step] LACM ugv_parking episode=844 step=1/80 skill=main_road_driving
[2026-06-03 12:17:06] [step] LACM ugv_parking episode=845 step=1/80 skill=main_road_driving
[2026-06-03 12:17:06] [step] LACM ugv_parking episode=846 step=1/80 skill=main_road_driving
[2026-06-03 12:17:06] [step] LACM ugv_parking episode=847 step=1/80 skill=main_road_driving
[2026-06-03 12:17:06] [step] LACM ugv_parking episode=848 step=1/80 skill=main_road_driving
[2026-06-03 12:17:06] [step] LACM ugv_parking episode=849 step=1/80 skill=main_road_driving
[2026-06-03 12:17:06] [step] LACM ugv_parking episode=850 step=1/80 skill=main_road_driving
[2026-06-03 12:17:06] [step] LACM ugv_parking episode=851 step=1/80 skill=main_road_driving
[2026-06-03 12:17:06] [step] LACM ugv_parking episode=852 step=1/80 skill=main_road_driving
[2026-06-03 12:17:06] [step] LACM ugv_parking episode=853 step=1/80 skill=main_road_driving
[2026-06-03 12:17:06] [step] LACM ugv_parking episode=854 step=1/80 skill=main_road_driving
[2026-06-03 12:17:06] [step] LACM ugv_parking episode=855 step=1/80 skill=main_road_driving
[2026-06-03 12:17:06] [step] LACM ugv_parking episode=856 step=1/80 skill=main_road_driving
[2026-06-03 12:17:06] [step] LACM ugv_parking episode=857 step=1/80 skill=main_road_driving
[2026-06-03 12:17:06] [step] LACM ugv_parking episode=858 step=1/80 skill=main_road_driving
[2026-06-03 12:17:06] [step] LACM ugv_parking episode=859 step=1/80 skill=main_road_driving
[2026-06-03 12:17:06] [step] LACM ugv_parking episode=860 step=1/80 skill=main_road_driving
[2026-06-03 12:17:06] [step] LACM ugv_parking episode=861 step=1/80 skill=main_road_driving
[2026-06-03 12:17:06] [step] LACM ugv_parking episode=862 step=1/80 skill=main_road_driving
[2026-06-03 12:17:06] [step] LACM ugv_parking episode=863 step=1/80 skill=main_road_driving
[2026-06-03 12:17:06] [step] LACM ugv_parking episode=864 step=1/80 skill=main_road_driving
[2026-06-03 12:17:06] [step] LACM ugv_parking episode=865 step=1/80 skill=main_road_driving
[2026-06-03 12:17:06] [step] LACM ugv_parking episode=866 step=1/80 skill=main_road_driving
[2026-06-03 12:17:06] [step] LACM ugv_parking episode=867 step=1/80 skill=main_road_driving
[2026-06-03 12:17:06] [step] LACM ugv_parking episode=868 step=1/80 skill=main_road_driving
[2026-06-03 12:17:06] [step] LACM ugv_parking episode=869 step=1/80 skill=main_road_driving
[2026-06-03 12:17:06] [step] LACM ugv_parking episode=870 step=1/80 skill=main_road_driving
[2026-06-03 12:17:06] [step] LACM ugv_parking episode=871 step=1/80 skill=main_road_driving
[2026-06-03 12:17:06] [step] LACM ugv_parking episode=872 step=1/80 skill=main_road_driving
[2026-06-03 12:17:06] [step] LACM ugv_parking episode=873 step=1/80 skill=main_road_driving
[2026-06-03 12:17:06] [step] LACM ugv_parking episode=874 step=1/80 skill=main_road_driving
[2026-06-03 12:17:06] [step] LACM ugv_parking episode=875 step=1/80 skill=main_road_driving
[2026-06-03 12:17:06] [step] LACM ugv_parking episode=876 step=1/80 skill=main_road_driving
[2026-06-03 12:17:06] [step] LACM ugv_parking episode=877 step=1/80 skill=main_road_driving
[2026-06-03 12:17:06] [step] LACM ugv_parking episode=878 step=1/80 skill=main_road_driving
[2026-06-03 12:17:06] [step] LACM ugv_parking episode=879 step=1/80 skill=main_road_driving
[2026-06-03 12:17:06] [step] LACM ugv_parking episode=880 step=1/80 skill=main_road_driving
[2026-06-03 12:17:06] [step] LACM ugv_parking episode=881 step=1/80 skill=main_road_driving
[2026-06-03 12:17:06] [step] LACM ugv_parking episode=882 step=1/80 skill=main_road_driving
[2026-06-03 12:17:07] [step] LACM ugv_parking episode=883 step=1/80 skill=main_road_driving
[2026-06-03 12:17:07] [step] LACM ugv_parking episode=884 step=1/80 skill=main_road_driving
[2026-06-03 12:17:07] [step] LACM ugv_parking episode=885 step=1/80 skill=main_road_driving
[2026-06-03 12:17:07] [step] LACM ugv_parking episode=886 step=1/80 skill=main_road_driving
[2026-06-03 12:17:07] [step] LACM ugv_parking episode=887 step=1/80 skill=main_road_driving
[2026-06-03 12:17:07] [step] LACM ugv_parking episode=888 step=1/80 skill=main_road_driving
[2026-06-03 12:17:07] [step] LACM ugv_parking episode=889 step=1/80 skill=main_road_driving
[2026-06-03 12:17:07] [step] LACM ugv_parking episode=890 step=1/80 skill=main_road_driving
[2026-06-03 12:17:07] [step] LACM ugv_parking episode=891 step=1/80 skill=main_road_driving
[2026-06-03 12:17:07] [step] LACM ugv_parking episode=892 step=1/80 skill=main_road_driving
[2026-06-03 12:17:07] [step] LACM ugv_parking episode=893 step=1/80 skill=main_road_driving
[2026-06-03 12:17:07] [step] LACM ugv_parking episode=894 step=1/80 skill=main_road_driving
[2026-06-03 12:17:07] [step] LACM ugv_parking episode=895 step=1/80 skill=main_road_driving
[2026-06-03 12:17:07] [step] LACM ugv_parking episode=896 step=1/80 skill=main_road_driving
[2026-06-03 12:17:07] [step] LACM ugv_parking episode=897 step=1/80 skill=main_road_driving
[2026-06-03 12:17:07] [step] LACM ugv_parking episode=898 step=1/80 skill=main_road_driving
[2026-06-03 12:17:07] [step] LACM ugv_parking episode=899 step=1/80 skill=main_road_driving
[2026-06-03 12:17:07] [progress] LACM ugv_parking episode 900/4000 reward=12.2000 success=1
[2026-06-03 12:17:07] [step] LACM ugv_parking episode=900 step=1/80 skill=main_road_driving
[2026-06-03 12:17:07] [step] LACM ugv_parking episode=901 step=1/80 skill=main_road_driving
[2026-06-03 12:17:07] [step] LACM ugv_parking episode=902 step=1/80 skill=main_road_driving
[2026-06-03 12:17:07] [step] LACM ugv_parking episode=903 step=1/80 skill=main_road_driving
[2026-06-03 12:17:07] [step] LACM ugv_parking episode=904 step=1/80 skill=main_road_driving
[2026-06-03 12:17:07] [step] LACM ugv_parking episode=905 step=1/80 skill=main_road_driving
[2026-06-03 12:17:07] [step] LACM ugv_parking episode=906 step=1/80 skill=main_road_driving
[2026-06-03 12:17:07] [step] LACM ugv_parking episode=907 step=1/80 skill=main_road_driving
[2026-06-03 12:17:07] [step] LACM ugv_parking episode=908 step=1/80 skill=main_road_driving
[2026-06-03 12:17:07] [step] LACM ugv_parking episode=909 step=1/80 skill=main_road_driving
[2026-06-03 12:17:07] [step] LACM ugv_parking episode=910 step=1/80 skill=main_road_driving
[2026-06-03 12:17:07] [step] LACM ugv_parking episode=911 step=1/80 skill=main_road_driving
[2026-06-03 12:17:07] [step] LACM ugv_parking episode=912 step=1/80 skill=main_road_driving
[2026-06-03 12:17:07] [step] LACM ugv_parking episode=913 step=1/80 skill=main_road_driving
[2026-06-03 12:17:07] [step] LACM ugv_parking episode=914 step=1/80 skill=main_road_driving
[2026-06-03 12:17:07] [step] LACM ugv_parking episode=915 step=1/80 skill=main_road_driving
[2026-06-03 12:17:07] [step] LACM ugv_parking episode=916 step=1/80 skill=main_road_driving
[2026-06-03 12:17:07] [step] LACM ugv_parking episode=917 step=1/80 skill=main_road_driving
[2026-06-03 12:17:07] [step] LACM ugv_parking episode=918 step=1/80 skill=main_road_driving
[2026-06-03 12:17:07] [step] LACM ugv_parking episode=919 step=1/80 skill=main_road_driving
[2026-06-03 12:17:07] [step] LACM ugv_parking episode=920 step=1/80 skill=main_road_driving
[2026-06-03 12:17:07] [step] LACM ugv_parking episode=921 step=1/80 skill=main_road_driving
[2026-06-03 12:17:07] [step] LACM ugv_parking episode=922 step=1/80 skill=main_road_driving
[2026-06-03 12:17:07] [step] LACM ugv_parking episode=923 step=1/80 skill=main_road_driving
[2026-06-03 12:17:07] [step] LACM ugv_parking episode=924 step=1/80 skill=main_road_driving
[2026-06-03 12:17:07] [step] LACM ugv_parking episode=925 step=1/80 skill=main_road_driving
[2026-06-03 12:17:07] [step] LACM ugv_parking episode=926 step=1/80 skill=main_road_driving
[2026-06-03 12:17:07] [step] LACM ugv_parking episode=927 step=1/80 skill=main_road_driving
[2026-06-03 12:17:07] [step] LACM ugv_parking episode=928 step=1/80 skill=main_road_driving
[2026-06-03 12:17:07] [step] LACM ugv_parking episode=929 step=1/80 skill=main_road_driving
[2026-06-03 12:17:07] [step] LACM ugv_parking episode=930 step=1/80 skill=main_road_driving
[2026-06-03 12:17:07] [step] LACM ugv_parking episode=931 step=1/80 skill=main_road_driving
[2026-06-03 12:17:07] [step] LACM ugv_parking episode=932 step=1/80 skill=main_road_driving
[2026-06-03 12:17:07] [step] LACM ugv_parking episode=933 step=1/80 skill=main_road_driving
[2026-06-03 12:17:07] [step] LACM ugv_parking episode=934 step=1/80 skill=main_road_driving
[2026-06-03 12:17:07] [step] LACM ugv_parking episode=935 step=1/80 skill=main_road_driving
[2026-06-03 12:17:07] [step] LACM ugv_parking episode=936 step=1/80 skill=main_road_driving
[2026-06-03 12:17:07] [step] LACM ugv_parking episode=937 step=1/80 skill=main_road_driving
[2026-06-03 12:17:07] [step] LACM ugv_parking episode=938 step=1/80 skill=main_road_driving
[2026-06-03 12:17:07] [step] LACM ugv_parking episode=939 step=1/80 skill=main_road_driving
[2026-06-03 12:17:07] [step] LACM ugv_parking episode=940 step=1/80 skill=main_road_driving
[2026-06-03 12:17:07] [step] LACM ugv_parking episode=941 step=1/80 skill=main_road_driving
[2026-06-03 12:17:07] [step] LACM ugv_parking episode=942 step=1/80 skill=main_road_driving
[2026-06-03 12:17:07] [step] LACM ugv_parking episode=943 step=1/80 skill=main_road_driving
[2026-06-03 12:17:07] [step] LACM ugv_parking episode=944 step=1/80 skill=main_road_driving
[2026-06-03 12:17:07] [step] LACM ugv_parking episode=945 step=1/80 skill=main_road_driving
[2026-06-03 12:17:07] [step] LACM ugv_parking episode=946 step=1/80 skill=main_road_driving
[2026-06-03 12:17:07] [step] LACM ugv_parking episode=947 step=1/80 skill=main_road_driving
[2026-06-03 12:17:07] [step] LACM ugv_parking episode=948 step=1/80 skill=main_road_driving
[2026-06-03 12:17:07] [step] LACM ugv_parking episode=949 step=1/80 skill=main_road_driving
[2026-06-03 12:17:07] [step] LACM ugv_parking episode=950 step=1/80 skill=main_road_driving
[2026-06-03 12:17:07] [step] LACM ugv_parking episode=951 step=1/80 skill=main_road_driving
[2026-06-03 12:17:07] [step] LACM ugv_parking episode=952 step=1/80 skill=main_road_driving
[2026-06-03 12:17:07] [step] LACM ugv_parking episode=953 step=1/80 skill=main_road_driving
[2026-06-03 12:17:07] [step] LACM ugv_parking episode=954 step=1/80 skill=main_road_driving
[2026-06-03 12:17:07] [step] LACM ugv_parking episode=955 step=1/80 skill=main_road_driving
[2026-06-03 12:17:07] [step] LACM ugv_parking episode=956 step=1/80 skill=main_road_driving
[2026-06-03 12:17:07] [step] LACM ugv_parking episode=957 step=1/80 skill=main_road_driving
[2026-06-03 12:17:07] [step] LACM ugv_parking episode=958 step=1/80 skill=main_road_driving
[2026-06-03 12:17:07] [step] LACM ugv_parking episode=959 step=1/80 skill=main_road_driving
[2026-06-03 12:17:07] [step] LACM ugv_parking episode=960 step=1/80 skill=main_road_driving
[2026-06-03 12:17:07] [step] LACM ugv_parking episode=961 step=1/80 skill=main_road_driving
[2026-06-03 12:17:07] [step] LACM ugv_parking episode=962 step=1/80 skill=main_road_driving
[2026-06-03 12:17:07] [step] LACM ugv_parking episode=963 step=1/80 skill=main_road_driving
[2026-06-03 12:17:07] [step] LACM ugv_parking episode=964 step=1/80 skill=main_road_driving
[2026-06-03 12:17:07] [step] LACM ugv_parking episode=965 step=1/80 skill=main_road_driving
[2026-06-03 12:17:07] [step] LACM ugv_parking episode=966 step=1/80 skill=main_road_driving
[2026-06-03 12:17:07] [step] LACM ugv_parking episode=967 step=1/80 skill=main_road_driving
[2026-06-03 12:17:07] [step] LACM ugv_parking episode=968 step=1/80 skill=main_road_driving
[2026-06-03 12:17:07] [step] LACM ugv_parking episode=969 step=1/80 skill=main_road_driving
[2026-06-03 12:17:07] [step] LACM ugv_parking episode=970 step=1/80 skill=main_road_driving
[2026-06-03 12:17:07] [step] LACM ugv_parking episode=971 step=1/80 skill=main_road_driving
[2026-06-03 12:17:07] [step] LACM ugv_parking episode=972 step=1/80 skill=main_road_driving
[2026-06-03 12:17:07] [step] LACM ugv_parking episode=973 step=1/80 skill=main_road_driving
[2026-06-03 12:17:07] [step] LACM ugv_parking episode=974 step=1/80 skill=main_road_driving
[2026-06-03 12:17:07] [step] LACM ugv_parking episode=975 step=1/80 skill=main_road_driving
[2026-06-03 12:17:07] [step] LACM ugv_parking episode=976 step=1/80 skill=main_road_driving
[2026-06-03 12:17:07] [step] LACM ugv_parking episode=977 step=1/80 skill=main_road_driving
[2026-06-03 12:17:07] [step] LACM ugv_parking episode=978 step=1/80 skill=main_road_driving
[2026-06-03 12:17:07] [step] LACM ugv_parking episode=979 step=1/80 skill=main_road_driving
[2026-06-03 12:17:07] [step] LACM ugv_parking episode=980 step=1/80 skill=main_road_driving
[2026-06-03 12:17:07] [step] LACM ugv_parking episode=981 step=1/80 skill=main_road_driving
[2026-06-03 12:17:07] [step] LACM ugv_parking episode=982 step=1/80 skill=main_road_driving
[2026-06-03 12:17:07] [step] LACM ugv_parking episode=983 step=1/80 skill=main_road_driving
[2026-06-03 12:17:07] [step] LACM ugv_parking episode=984 step=1/80 skill=main_road_driving
[2026-06-03 12:17:07] [step] LACM ugv_parking episode=985 step=1/80 skill=main_road_driving
[2026-06-03 12:17:07] [step] LACM ugv_parking episode=986 step=1/80 skill=main_road_driving
[2026-06-03 12:17:07] [step] LACM ugv_parking episode=987 step=1/80 skill=main_road_driving
[2026-06-03 12:17:07] [step] LACM ugv_parking episode=988 step=1/80 skill=main_road_driving
[2026-06-03 12:17:07] [step] LACM ugv_parking episode=989 step=1/80 skill=main_road_driving
[2026-06-03 12:17:07] [step] LACM ugv_parking episode=990 step=1/80 skill=main_road_driving
[2026-06-03 12:17:07] [step] LACM ugv_parking episode=991 step=1/80 skill=main_road_driving
[2026-06-03 12:17:07] [step] LACM ugv_parking episode=992 step=1/80 skill=main_road_driving
[2026-06-03 12:17:07] [step] LACM ugv_parking episode=993 step=1/80 skill=main_road_driving
[2026-06-03 12:17:07] [step] LACM ugv_parking episode=994 step=1/80 skill=main_road_driving
[2026-06-03 12:17:07] [step] LACM ugv_parking episode=995 step=1/80 skill=main_road_driving
[2026-06-03 12:17:07] [step] LACM ugv_parking episode=996 step=1/80 skill=main_road_driving
[2026-06-03 12:17:07] [step] LACM ugv_parking episode=997 step=1/80 skill=main_road_driving
[2026-06-03 12:17:07] [step] LACM ugv_parking episode=998 step=1/80 skill=main_road_driving
[2026-06-03 12:17:07] [step] LACM ugv_parking episode=999 step=1/80 skill=main_road_driving
[2026-06-03 12:17:07] [progress] LACM ugv_parking episode 1000/4000 reward=12.2000 success=1
[2026-06-03 12:17:07] [step] LACM ugv_parking episode=1000 step=1/80 skill=main_road_driving
[2026-06-03 12:17:07] [step] LACM ugv_parking episode=1001 step=1/80 skill=main_road_driving
[2026-06-03 12:17:07] [step] LACM ugv_parking episode=1002 step=1/80 skill=main_road_driving
[2026-06-03 12:17:07] [step] LACM ugv_parking episode=1003 step=1/80 skill=main_road_driving
[2026-06-03 12:17:07] [step] LACM ugv_parking episode=1004 step=1/80 skill=main_road_driving
[2026-06-03 12:17:07] [step] LACM ugv_parking episode=1005 step=1/80 skill=main_road_driving
[2026-06-03 12:17:07] [step] LACM ugv_parking episode=1006 step=1/80 skill=main_road_driving
[2026-06-03 12:17:07] [step] LACM ugv_parking episode=1007 step=1/80 skill=main_road_driving
[2026-06-03 12:17:07] [step] LACM ugv_parking episode=1008 step=1/80 skill=main_road_driving
[2026-06-03 12:17:07] [step] LACM ugv_parking episode=1009 step=1/80 skill=main_road_driving
[2026-06-03 12:17:07] [step] LACM ugv_parking episode=1010 step=1/80 skill=main_road_driving
[2026-06-03 12:17:07] [step] LACM ugv_parking episode=1011 step=1/80 skill=main_road_driving
[2026-06-03 12:17:07] [step] LACM ugv_parking episode=1012 step=1/80 skill=main_road_driving
[2026-06-03 12:17:07] [step] LACM ugv_parking episode=1013 step=1/80 skill=main_road_driving
[2026-06-03 12:17:07] [step] LACM ugv_parking episode=1014 step=1/80 skill=main_road_driving
[2026-06-03 12:17:07] [step] LACM ugv_parking episode=1015 step=1/80 skill=main_road_driving
[2026-06-03 12:17:07] [step] LACM ugv_parking episode=1016 step=1/80 skill=main_road_driving
[2026-06-03 12:17:07] [step] LACM ugv_parking episode=1017 step=1/80 skill=main_road_driving
[2026-06-03 12:17:07] [step] LACM ugv_parking episode=1018 step=1/80 skill=main_road_driving
[2026-06-03 12:17:07] [step] LACM ugv_parking episode=1019 step=1/80 skill=main_road_driving
[2026-06-03 12:17:07] [step] LACM ugv_parking episode=1020 step=1/80 skill=main_road_driving
[2026-06-03 12:17:07] [step] LACM ugv_parking episode=1021 step=1/80 skill=main_road_driving
[2026-06-03 12:17:07] [step] LACM ugv_parking episode=1022 step=1/80 skill=main_road_driving
[2026-06-03 12:17:07] [step] LACM ugv_parking episode=1023 step=1/80 skill=main_road_driving
[2026-06-03 12:17:07] [step] LACM ugv_parking episode=1024 step=1/80 skill=main_road_driving
[2026-06-03 12:17:07] [step] LACM ugv_parking episode=1025 step=1/80 skill=main_road_driving
[2026-06-03 12:17:07] [step] LACM ugv_parking episode=1026 step=1/80 skill=main_road_driving
[2026-06-03 12:17:07] [step] LACM ugv_parking episode=1027 step=1/80 skill=main_road_driving
[2026-06-03 12:17:07] [step] LACM ugv_parking episode=1028 step=1/80 skill=main_road_driving
[2026-06-03 12:17:07] [step] LACM ugv_parking episode=1029 step=1/80 skill=main_road_driving
[2026-06-03 12:17:07] [step] LACM ugv_parking episode=1030 step=1/80 skill=main_road_driving
[2026-06-03 12:17:07] [step] LACM ugv_parking episode=1031 step=1/80 skill=main_road_driving
[2026-06-03 12:17:07] [step] LACM ugv_parking episode=1032 step=1/80 skill=main_road_driving
[2026-06-03 12:17:07] [step] LACM ugv_parking episode=1033 step=1/80 skill=main_road_driving
[2026-06-03 12:17:07] [step] LACM ugv_parking episode=1034 step=1/80 skill=main_road_driving
[2026-06-03 12:17:07] [step] LACM ugv_parking episode=1035 step=1/80 skill=main_road_driving
[2026-06-03 12:17:07] [step] LACM ugv_parking episode=1036 step=1/80 skill=main_road_driving
[2026-06-03 12:17:07] [step] LACM ugv_parking episode=1037 step=1/80 skill=main_road_driving
[2026-06-03 12:17:07] [step] LACM ugv_parking episode=1038 step=1/80 skill=main_road_driving
[2026-06-03 12:17:07] [step] LACM ugv_parking episode=1039 step=1/80 skill=main_road_driving
[2026-06-03 12:17:07] [step] LACM ugv_parking episode=1040 step=1/80 skill=main_road_driving
[2026-06-03 12:17:07] [step] LACM ugv_parking episode=1041 step=1/80 skill=main_road_driving
[2026-06-03 12:17:07] [step] LACM ugv_parking episode=1042 step=1/80 skill=main_road_driving
[2026-06-03 12:17:07] [step] LACM ugv_parking episode=1043 step=1/80 skill=main_road_driving
[2026-06-03 12:17:07] [step] LACM ugv_parking episode=1044 step=1/80 skill=main_road_driving
[2026-06-03 12:17:07] [step] LACM ugv_parking episode=1045 step=1/80 skill=main_road_driving
[2026-06-03 12:17:07] [step] LACM ugv_parking episode=1046 step=1/80 skill=main_road_driving
[2026-06-03 12:17:07] [step] LACM ugv_parking episode=1047 step=1/80 skill=main_road_driving
[2026-06-03 12:17:07] [step] LACM ugv_parking episode=1048 step=1/80 skill=main_road_driving
[2026-06-03 12:17:07] [step] LACM ugv_parking episode=1049 step=1/80 skill=main_road_driving
[2026-06-03 12:17:07] [step] LACM ugv_parking episode=1050 step=1/80 skill=main_road_driving
[2026-06-03 12:17:08] [step] LACM ugv_parking episode=1051 step=1/80 skill=main_road_driving
[2026-06-03 12:17:08] [step] LACM ugv_parking episode=1052 step=1/80 skill=main_road_driving
[2026-06-03 12:17:08] [step] LACM ugv_parking episode=1053 step=1/80 skill=main_road_driving
[2026-06-03 12:17:08] [step] LACM ugv_parking episode=1054 step=1/80 skill=main_road_driving
[2026-06-03 12:17:08] [step] LACM ugv_parking episode=1055 step=1/80 skill=main_road_driving
[2026-06-03 12:17:08] [step] LACM ugv_parking episode=1056 step=1/80 skill=main_road_driving
[2026-06-03 12:17:08] [step] LACM ugv_parking episode=1057 step=1/80 skill=main_road_driving
[2026-06-03 12:17:08] [step] LACM ugv_parking episode=1058 step=1/80 skill=main_road_driving
[2026-06-03 12:17:08] [step] LACM ugv_parking episode=1059 step=1/80 skill=main_road_driving
[2026-06-03 12:17:08] [step] LACM ugv_parking episode=1060 step=1/80 skill=main_road_driving
[2026-06-03 12:17:08] [step] LACM ugv_parking episode=1061 step=1/80 skill=main_road_driving
[2026-06-03 12:17:08] [step] LACM ugv_parking episode=1062 step=1/80 skill=main_road_driving
[2026-06-03 12:17:08] [step] LACM ugv_parking episode=1063 step=1/80 skill=main_road_driving
[2026-06-03 12:17:08] [step] LACM ugv_parking episode=1064 step=1/80 skill=main_road_driving
[2026-06-03 12:17:08] [step] LACM ugv_parking episode=1065 step=1/80 skill=main_road_driving
[2026-06-03 12:17:08] [step] LACM ugv_parking episode=1066 step=1/80 skill=main_road_driving
[2026-06-03 12:17:08] [step] LACM ugv_parking episode=1067 step=1/80 skill=main_road_driving
[2026-06-03 12:17:08] [step] LACM ugv_parking episode=1068 step=1/80 skill=main_road_driving
[2026-06-03 12:17:08] [step] LACM ugv_parking episode=1069 step=1/80 skill=main_road_driving
[2026-06-03 12:17:08] [step] LACM ugv_parking episode=1070 step=1/80 skill=main_road_driving
[2026-06-03 12:17:08] [step] LACM ugv_parking episode=1071 step=1/80 skill=main_road_driving
[2026-06-03 12:17:08] [step] LACM ugv_parking episode=1072 step=1/80 skill=main_road_driving
[2026-06-03 12:17:08] [step] LACM ugv_parking episode=1073 step=1/80 skill=main_road_driving
[2026-06-03 12:17:08] [step] LACM ugv_parking episode=1074 step=1/80 skill=main_road_driving
[2026-06-03 12:17:08] [step] LACM ugv_parking episode=1075 step=1/80 skill=main_road_driving
[2026-06-03 12:17:08] [step] LACM ugv_parking episode=1076 step=1/80 skill=main_road_driving
[2026-06-03 12:17:08] [step] LACM ugv_parking episode=1077 step=1/80 skill=main_road_driving
[2026-06-03 12:17:08] [step] LACM ugv_parking episode=1078 step=1/80 skill=main_road_driving
[2026-06-03 12:17:08] [step] LACM ugv_parking episode=1079 step=1/80 skill=main_road_driving
[2026-06-03 12:17:08] [step] LACM ugv_parking episode=1080 step=1/80 skill=main_road_driving
[2026-06-03 12:17:08] [step] LACM ugv_parking episode=1081 step=1/80 skill=main_road_driving
[2026-06-03 12:17:08] [step] LACM ugv_parking episode=1082 step=1/80 skill=main_road_driving
[2026-06-03 12:17:08] [step] LACM ugv_parking episode=1083 step=1/80 skill=main_road_driving
[2026-06-03 12:17:08] [step] LACM ugv_parking episode=1084 step=1/80 skill=main_road_driving
[2026-06-03 12:17:08] [step] LACM ugv_parking episode=1085 step=1/80 skill=main_road_driving
[2026-06-03 12:17:08] [step] LACM ugv_parking episode=1086 step=1/80 skill=main_road_driving
[2026-06-03 12:17:08] [step] LACM ugv_parking episode=1087 step=1/80 skill=main_road_driving
[2026-06-03 12:17:08] [step] LACM ugv_parking episode=1088 step=1/80 skill=main_road_driving
[2026-06-03 12:17:08] [step] LACM ugv_parking episode=1089 step=1/80 skill=main_road_driving
[2026-06-03 12:17:08] [step] LACM ugv_parking episode=1090 step=1/80 skill=main_road_driving
[2026-06-03 12:17:08] [step] LACM ugv_parking episode=1091 step=1/80 skill=main_road_driving
[2026-06-03 12:17:08] [step] LACM ugv_parking episode=1092 step=1/80 skill=main_road_driving
[2026-06-03 12:17:08] [step] LACM ugv_parking episode=1093 step=1/80 skill=main_road_driving
[2026-06-03 12:17:08] [step] LACM ugv_parking episode=1094 step=1/80 skill=main_road_driving
[2026-06-03 12:17:08] [step] LACM ugv_parking episode=1095 step=1/80 skill=main_road_driving
[2026-06-03 12:17:08] [step] LACM ugv_parking episode=1096 step=1/80 skill=main_road_driving
[2026-06-03 12:17:08] [step] LACM ugv_parking episode=1097 step=1/80 skill=main_road_driving
[2026-06-03 12:17:08] [step] LACM ugv_parking episode=1098 step=1/80 skill=main_road_driving
[2026-06-03 12:17:08] [step] LACM ugv_parking episode=1099 step=1/80 skill=main_road_driving
[2026-06-03 12:17:08] [progress] LACM ugv_parking episode 1100/4000 reward=12.2000 success=1
[2026-06-03 12:17:08] [step] LACM ugv_parking episode=1100 step=1/80 skill=main_road_driving
[2026-06-03 12:17:08] [step] LACM ugv_parking episode=1101 step=1/80 skill=main_road_driving
[2026-06-03 12:17:08] [step] LACM ugv_parking episode=1102 step=1/80 skill=main_road_driving
[2026-06-03 12:17:08] [step] LACM ugv_parking episode=1103 step=1/80 skill=main_road_driving
[2026-06-03 12:17:08] [step] LACM ugv_parking episode=1104 step=1/80 skill=main_road_driving
[2026-06-03 12:17:08] [step] LACM ugv_parking episode=1105 step=1/80 skill=main_road_driving
[2026-06-03 12:17:08] [step] LACM ugv_parking episode=1106 step=1/80 skill=main_road_driving
[2026-06-03 12:17:08] [step] LACM ugv_parking episode=1107 step=1/80 skill=main_road_driving
[2026-06-03 12:17:08] [step] LACM ugv_parking episode=1108 step=1/80 skill=main_road_driving
[2026-06-03 12:17:08] [step] LACM ugv_parking episode=1109 step=1/80 skill=main_road_driving
[2026-06-03 12:17:08] [step] LACM ugv_parking episode=1110 step=1/80 skill=main_road_driving
[2026-06-03 12:17:08] [step] LACM ugv_parking episode=1111 step=1/80 skill=main_road_driving
[2026-06-03 12:17:08] [step] LACM ugv_parking episode=1112 step=1/80 skill=main_road_driving
[2026-06-03 12:17:08] [step] LACM ugv_parking episode=1113 step=1/80 skill=main_road_driving
[2026-06-03 12:17:08] [step] LACM ugv_parking episode=1114 step=1/80 skill=main_road_driving
[2026-06-03 12:17:08] [step] LACM ugv_parking episode=1115 step=1/80 skill=main_road_driving
[2026-06-03 12:17:08] [step] LACM ugv_parking episode=1116 step=1/80 skill=main_road_driving
[2026-06-03 12:17:08] [step] LACM ugv_parking episode=1117 step=1/80 skill=main_road_driving
[2026-06-03 12:17:08] [step] LACM ugv_parking episode=1118 step=1/80 skill=main_road_driving
[2026-06-03 12:17:08] [step] LACM ugv_parking episode=1119 step=1/80 skill=main_road_driving
[2026-06-03 12:17:08] [step] LACM ugv_parking episode=1120 step=1/80 skill=main_road_driving
[2026-06-03 12:17:08] [step] LACM ugv_parking episode=1121 step=1/80 skill=main_road_driving
[2026-06-03 12:17:08] [step] LACM ugv_parking episode=1122 step=1/80 skill=main_road_driving
[2026-06-03 12:17:08] [step] LACM ugv_parking episode=1123 step=1/80 skill=main_road_driving
[2026-06-03 12:17:08] [step] LACM ugv_parking episode=1124 step=1/80 skill=main_road_driving
[2026-06-03 12:17:08] [step] LACM ugv_parking episode=1125 step=1/80 skill=main_road_driving
[2026-06-03 12:17:08] [step] LACM ugv_parking episode=1126 step=1/80 skill=main_road_driving
[2026-06-03 12:17:08] [step] LACM ugv_parking episode=1127 step=1/80 skill=main_road_driving
[2026-06-03 12:17:08] [step] LACM ugv_parking episode=1128 step=1/80 skill=main_road_driving
[2026-06-03 12:17:08] [step] LACM ugv_parking episode=1129 step=1/80 skill=main_road_driving
[2026-06-03 12:17:08] [step] LACM ugv_parking episode=1130 step=1/80 skill=main_road_driving
[2026-06-03 12:17:08] [step] LACM ugv_parking episode=1131 step=1/80 skill=main_road_driving
[2026-06-03 12:17:08] [step] LACM ugv_parking episode=1132 step=1/80 skill=main_road_driving
[2026-06-03 12:17:08] [step] LACM ugv_parking episode=1133 step=1/80 skill=main_road_driving
[2026-06-03 12:17:08] [step] LACM ugv_parking episode=1134 step=1/80 skill=main_road_driving
[2026-06-03 12:17:08] [step] LACM ugv_parking episode=1135 step=1/80 skill=main_road_driving
[2026-06-03 12:17:08] [step] LACM ugv_parking episode=1136 step=1/80 skill=main_road_driving
[2026-06-03 12:17:08] [step] LACM ugv_parking episode=1137 step=1/80 skill=main_road_driving
[2026-06-03 12:17:08] [step] LACM ugv_parking episode=1138 step=1/80 skill=main_road_driving
[2026-06-03 12:17:08] [step] LACM ugv_parking episode=1139 step=1/80 skill=main_road_driving
[2026-06-03 12:17:08] [step] LACM ugv_parking episode=1140 step=1/80 skill=main_road_driving
[2026-06-03 12:17:08] [step] LACM ugv_parking episode=1141 step=1/80 skill=main_road_driving
[2026-06-03 12:17:08] [step] LACM ugv_parking episode=1142 step=1/80 skill=main_road_driving
[2026-06-03 12:17:08] [step] LACM ugv_parking episode=1143 step=1/80 skill=main_road_driving
[2026-06-03 12:17:08] [step] LACM ugv_parking episode=1144 step=1/80 skill=main_road_driving
[2026-06-03 12:17:08] [step] LACM ugv_parking episode=1145 step=1/80 skill=main_road_driving
[2026-06-03 12:17:08] [step] LACM ugv_parking episode=1146 step=1/80 skill=main_road_driving
[2026-06-03 12:17:08] [step] LACM ugv_parking episode=1147 step=1/80 skill=main_road_driving
[2026-06-03 12:17:08] [step] LACM ugv_parking episode=1148 step=1/80 skill=main_road_driving
[2026-06-03 12:17:08] [step] LACM ugv_parking episode=1149 step=1/80 skill=main_road_driving
[2026-06-03 12:17:08] [step] LACM ugv_parking episode=1150 step=1/80 skill=main_road_driving
[2026-06-03 12:17:08] [step] LACM ugv_parking episode=1151 step=1/80 skill=main_road_driving
[2026-06-03 12:17:08] [step] LACM ugv_parking episode=1152 step=1/80 skill=main_road_driving
[2026-06-03 12:17:08] [step] LACM ugv_parking episode=1153 step=1/80 skill=main_road_driving
[2026-06-03 12:17:08] [step] LACM ugv_parking episode=1154 step=1/80 skill=main_road_driving
[2026-06-03 12:17:08] [step] LACM ugv_parking episode=1155 step=1/80 skill=main_road_driving
[2026-06-03 12:17:08] [step] LACM ugv_parking episode=1156 step=1/80 skill=main_road_driving
[2026-06-03 12:17:08] [step] LACM ugv_parking episode=1157 step=1/80 skill=main_road_driving
[2026-06-03 12:17:08] [step] LACM ugv_parking episode=1158 step=1/80 skill=main_road_driving
[2026-06-03 12:17:08] [step] LACM ugv_parking episode=1159 step=1/80 skill=main_road_driving
[2026-06-03 12:17:08] [step] LACM ugv_parking episode=1160 step=1/80 skill=main_road_driving
[2026-06-03 12:17:08] [step] LACM ugv_parking episode=1161 step=1/80 skill=main_road_driving
[2026-06-03 12:17:08] [step] LACM ugv_parking episode=1162 step=1/80 skill=main_road_driving
[2026-06-03 12:17:08] [step] LACM ugv_parking episode=1163 step=1/80 skill=main_road_driving
[2026-06-03 12:17:08] [step] LACM ugv_parking episode=1164 step=1/80 skill=main_road_driving
[2026-06-03 12:17:08] [step] LACM ugv_parking episode=1165 step=1/80 skill=main_road_driving
[2026-06-03 12:17:08] [step] LACM ugv_parking episode=1166 step=1/80 skill=main_road_driving
[2026-06-03 12:17:08] [step] LACM ugv_parking episode=1167 step=1/80 skill=main_road_driving
[2026-06-03 12:17:08] [step] LACM ugv_parking episode=1168 step=1/80 skill=main_road_driving
[2026-06-03 12:17:08] [step] LACM ugv_parking episode=1169 step=1/80 skill=main_road_driving
[2026-06-03 12:17:08] [step] LACM ugv_parking episode=1170 step=1/80 skill=main_road_driving
[2026-06-03 12:17:08] [step] LACM ugv_parking episode=1171 step=1/80 skill=main_road_driving
[2026-06-03 12:17:08] [step] LACM ugv_parking episode=1172 step=1/80 skill=main_road_driving
[2026-06-03 12:17:08] [step] LACM ugv_parking episode=1173 step=1/80 skill=main_road_driving
[2026-06-03 12:17:08] [step] LACM ugv_parking episode=1174 step=1/80 skill=main_road_driving
[2026-06-03 12:17:08] [step] LACM ugv_parking episode=1175 step=1/80 skill=main_road_driving
[2026-06-03 12:17:08] [step] LACM ugv_parking episode=1176 step=1/80 skill=main_road_driving
[2026-06-03 12:17:08] [step] LACM ugv_parking episode=1177 step=1/80 skill=main_road_driving
[2026-06-03 12:17:08] [step] LACM ugv_parking episode=1178 step=1/80 skill=main_road_driving
[2026-06-03 12:17:08] [step] LACM ugv_parking episode=1179 step=1/80 skill=main_road_driving
[2026-06-03 12:17:08] [step] LACM ugv_parking episode=1180 step=1/80 skill=main_road_driving
[2026-06-03 12:17:08] [step] LACM ugv_parking episode=1181 step=1/80 skill=main_road_driving
[2026-06-03 12:17:08] [step] LACM ugv_parking episode=1182 step=1/80 skill=main_road_driving
[2026-06-03 12:17:08] [step] LACM ugv_parking episode=1183 step=1/80 skill=main_road_driving
[2026-06-03 12:17:08] [step] LACM ugv_parking episode=1184 step=1/80 skill=main_road_driving
[2026-06-03 12:17:08] [step] LACM ugv_parking episode=1185 step=1/80 skill=main_road_driving
[2026-06-03 12:17:08] [step] LACM ugv_parking episode=1186 step=1/80 skill=main_road_driving
[2026-06-03 12:17:08] [step] LACM ugv_parking episode=1187 step=1/80 skill=main_road_driving
[2026-06-03 12:17:08] [step] LACM ugv_parking episode=1188 step=1/80 skill=main_road_driving
[2026-06-03 12:17:08] [step] LACM ugv_parking episode=1189 step=1/80 skill=main_road_driving
[2026-06-03 12:17:08] [step] LACM ugv_parking episode=1190 step=1/80 skill=main_road_driving
[2026-06-03 12:17:08] [step] LACM ugv_parking episode=1191 step=1/80 skill=main_road_driving
[2026-06-03 12:17:08] [step] LACM ugv_parking episode=1192 step=1/80 skill=main_road_driving
[2026-06-03 12:17:08] [step] LACM ugv_parking episode=1193 step=1/80 skill=main_road_driving
[2026-06-03 12:17:08] [step] LACM ugv_parking episode=1194 step=1/80 skill=main_road_driving
[2026-06-03 12:17:08] [step] LACM ugv_parking episode=1195 step=1/80 skill=main_road_driving
[2026-06-03 12:17:08] [step] LACM ugv_parking episode=1196 step=1/80 skill=main_road_driving
[2026-06-03 12:17:08] [step] LACM ugv_parking episode=1197 step=1/80 skill=main_road_driving
[2026-06-03 12:17:08] [step] LACM ugv_parking episode=1198 step=1/80 skill=main_road_driving
[2026-06-03 12:17:08] [step] LACM ugv_parking episode=1199 step=1/80 skill=main_road_driving
[2026-06-03 12:17:08] [progress] LACM ugv_parking episode 1200/4000 reward=12.2000 success=1
[2026-06-03 12:17:08] [step] LACM ugv_parking episode=1200 step=1/80 skill=main_road_driving
[2026-06-03 12:17:08] [step] LACM ugv_parking episode=1201 step=1/80 skill=main_road_driving
[2026-06-03 12:17:08] [step] LACM ugv_parking episode=1202 step=1/80 skill=main_road_driving
[2026-06-03 12:17:08] [step] LACM ugv_parking episode=1203 step=1/80 skill=main_road_driving
[2026-06-03 12:17:08] [step] LACM ugv_parking episode=1204 step=1/80 skill=main_road_driving
[2026-06-03 12:17:08] [step] LACM ugv_parking episode=1205 step=1/80 skill=main_road_driving
[2026-06-03 12:17:08] [step] LACM ugv_parking episode=1206 step=1/80 skill=main_road_driving
[2026-06-03 12:17:08] [step] LACM ugv_parking episode=1207 step=1/80 skill=main_road_driving
[2026-06-03 12:17:08] [step] LACM ugv_parking episode=1208 step=1/80 skill=main_road_driving
[2026-06-03 12:17:08] [step] LACM ugv_parking episode=1209 step=1/80 skill=main_road_driving
[2026-06-03 12:17:08] [step] LACM ugv_parking episode=1210 step=1/80 skill=main_road_driving
[2026-06-03 12:17:08] [step] LACM ugv_parking episode=1211 step=1/80 skill=main_road_driving
[2026-06-03 12:17:08] [step] LACM ugv_parking episode=1212 step=1/80 skill=main_road_driving
[2026-06-03 12:17:08] [step] LACM ugv_parking episode=1213 step=1/80 skill=main_road_driving
[2026-06-03 12:17:08] [step] LACM ugv_parking episode=1214 step=1/80 skill=main_road_driving
[2026-06-03 12:17:08] [step] LACM ugv_parking episode=1215 step=1/80 skill=main_road_driving
[2026-06-03 12:17:08] [step] LACM ugv_parking episode=1216 step=1/80 skill=main_road_driving
[2026-06-03 12:17:08] [step] LACM ugv_parking episode=1217 step=1/80 skill=main_road_driving
[2026-06-03 12:17:09] [step] LACM ugv_parking episode=1218 step=1/80 skill=main_road_driving
[2026-06-03 12:17:09] [step] LACM ugv_parking episode=1219 step=1/80 skill=main_road_driving
[2026-06-03 12:17:09] [step] LACM ugv_parking episode=1220 step=1/80 skill=main_road_driving
[2026-06-03 12:17:09] [step] LACM ugv_parking episode=1221 step=1/80 skill=main_road_driving
[2026-06-03 12:17:09] [step] LACM ugv_parking episode=1222 step=1/80 skill=main_road_driving
[2026-06-03 12:17:09] [step] LACM ugv_parking episode=1223 step=1/80 skill=main_road_driving
[2026-06-03 12:17:09] [step] LACM ugv_parking episode=1224 step=1/80 skill=main_road_driving
[2026-06-03 12:17:09] [step] LACM ugv_parking episode=1225 step=1/80 skill=main_road_driving
[2026-06-03 12:17:09] [step] LACM ugv_parking episode=1226 step=1/80 skill=main_road_driving
[2026-06-03 12:17:09] [step] LACM ugv_parking episode=1227 step=1/80 skill=main_road_driving
[2026-06-03 12:17:09] [step] LACM ugv_parking episode=1228 step=1/80 skill=main_road_driving
[2026-06-03 12:17:09] [step] LACM ugv_parking episode=1229 step=1/80 skill=main_road_driving
[2026-06-03 12:17:09] [step] LACM ugv_parking episode=1230 step=1/80 skill=main_road_driving
[2026-06-03 12:17:09] [step] LACM ugv_parking episode=1231 step=1/80 skill=main_road_driving
[2026-06-03 12:17:09] [step] LACM ugv_parking episode=1232 step=1/80 skill=main_road_driving
[2026-06-03 12:17:09] [step] LACM ugv_parking episode=1233 step=1/80 skill=main_road_driving
[2026-06-03 12:17:09] [step] LACM ugv_parking episode=1234 step=1/80 skill=main_road_driving
[2026-06-03 12:17:09] [step] LACM ugv_parking episode=1235 step=1/80 skill=main_road_driving
[2026-06-03 12:17:09] [step] LACM ugv_parking episode=1236 step=1/80 skill=main_road_driving
[2026-06-03 12:17:09] [step] LACM ugv_parking episode=1237 step=1/80 skill=main_road_driving
[2026-06-03 12:17:09] [step] LACM ugv_parking episode=1238 step=1/80 skill=main_road_driving
[2026-06-03 12:17:09] [step] LACM ugv_parking episode=1239 step=1/80 skill=main_road_driving
[2026-06-03 12:17:09] [step] LACM ugv_parking episode=1240 step=1/80 skill=main_road_driving
[2026-06-03 12:17:09] [step] LACM ugv_parking episode=1241 step=1/80 skill=main_road_driving
[2026-06-03 12:17:09] [step] LACM ugv_parking episode=1242 step=1/80 skill=main_road_driving
[2026-06-03 12:17:09] [step] LACM ugv_parking episode=1243 step=1/80 skill=main_road_driving
[2026-06-03 12:17:09] [step] LACM ugv_parking episode=1244 step=1/80 skill=main_road_driving
[2026-06-03 12:17:09] [step] LACM ugv_parking episode=1245 step=1/80 skill=main_road_driving
[2026-06-03 12:17:09] [step] LACM ugv_parking episode=1246 step=1/80 skill=main_road_driving
[2026-06-03 12:17:09] [step] LACM ugv_parking episode=1247 step=1/80 skill=main_road_driving
[2026-06-03 12:17:09] [step] LACM ugv_parking episode=1248 step=1/80 skill=main_road_driving
[2026-06-03 12:17:09] [step] LACM ugv_parking episode=1249 step=1/80 skill=main_road_driving
[2026-06-03 12:17:09] [step] LACM ugv_parking episode=1250 step=1/80 skill=main_road_driving
[2026-06-03 12:17:09] [step] LACM ugv_parking episode=1251 step=1/80 skill=main_road_driving
[2026-06-03 12:17:09] [step] LACM ugv_parking episode=1252 step=1/80 skill=main_road_driving
[2026-06-03 12:17:09] [step] LACM ugv_parking episode=1253 step=1/80 skill=main_road_driving
[2026-06-03 12:17:09] [step] LACM ugv_parking episode=1254 step=1/80 skill=main_road_driving
[2026-06-03 12:17:09] [step] LACM ugv_parking episode=1255 step=1/80 skill=main_road_driving
[2026-06-03 12:17:09] [step] LACM ugv_parking episode=1256 step=1/80 skill=main_road_driving
[2026-06-03 12:17:09] [step] LACM ugv_parking episode=1257 step=1/80 skill=main_road_driving
[2026-06-03 12:17:09] [step] LACM ugv_parking episode=1258 step=1/80 skill=main_road_driving
[2026-06-03 12:17:09] [step] LACM ugv_parking episode=1259 step=1/80 skill=main_road_driving
[2026-06-03 12:17:09] [step] LACM ugv_parking episode=1260 step=1/80 skill=main_road_driving
[2026-06-03 12:17:09] [step] LACM ugv_parking episode=1261 step=1/80 skill=main_road_driving
[2026-06-03 12:17:09] [step] LACM ugv_parking episode=1262 step=1/80 skill=main_road_driving
[2026-06-03 12:17:09] [step] LACM ugv_parking episode=1263 step=1/80 skill=main_road_driving
[2026-06-03 12:17:09] [step] LACM ugv_parking episode=1264 step=1/80 skill=main_road_driving
[2026-06-03 12:17:09] [step] LACM ugv_parking episode=1265 step=1/80 skill=main_road_driving
[2026-06-03 12:17:09] [step] LACM ugv_parking episode=1266 step=1/80 skill=main_road_driving
[2026-06-03 12:17:09] [step] LACM ugv_parking episode=1267 step=1/80 skill=main_road_driving
[2026-06-03 12:17:09] [step] LACM ugv_parking episode=1268 step=1/80 skill=main_road_driving
[2026-06-03 12:17:09] [step] LACM ugv_parking episode=1269 step=1/80 skill=main_road_driving
[2026-06-03 12:17:09] [step] LACM ugv_parking episode=1270 step=1/80 skill=main_road_driving
[2026-06-03 12:17:09] [step] LACM ugv_parking episode=1271 step=1/80 skill=main_road_driving
[2026-06-03 12:17:09] [step] LACM ugv_parking episode=1272 step=1/80 skill=main_road_driving
[2026-06-03 12:17:09] [step] LACM ugv_parking episode=1273 step=1/80 skill=main_road_driving
[2026-06-03 12:17:09] [step] LACM ugv_parking episode=1274 step=1/80 skill=main_road_driving
[2026-06-03 12:17:09] [step] LACM ugv_parking episode=1275 step=1/80 skill=main_road_driving
[2026-06-03 12:17:09] [step] LACM ugv_parking episode=1276 step=1/80 skill=main_road_driving
[2026-06-03 12:17:09] [step] LACM ugv_parking episode=1277 step=1/80 skill=main_road_driving
[2026-06-03 12:17:09] [step] LACM ugv_parking episode=1278 step=1/80 skill=main_road_driving
[2026-06-03 12:17:09] [step] LACM ugv_parking episode=1279 step=1/80 skill=main_road_driving
[2026-06-03 12:17:09] [step] LACM ugv_parking episode=1280 step=1/80 skill=main_road_driving
[2026-06-03 12:17:09] [step] LACM ugv_parking episode=1281 step=1/80 skill=main_road_driving
[2026-06-03 12:17:09] [step] LACM ugv_parking episode=1282 step=1/80 skill=main_road_driving
[2026-06-03 12:17:09] [step] LACM ugv_parking episode=1283 step=1/80 skill=main_road_driving
[2026-06-03 12:17:09] [step] LACM ugv_parking episode=1284 step=1/80 skill=main_road_driving
[2026-06-03 12:17:09] [step] LACM ugv_parking episode=1285 step=1/80 skill=main_road_driving
[2026-06-03 12:17:09] [step] LACM ugv_parking episode=1286 step=1/80 skill=main_road_driving
[2026-06-03 12:17:09] [step] LACM ugv_parking episode=1287 step=1/80 skill=main_road_driving
[2026-06-03 12:17:09] [step] LACM ugv_parking episode=1288 step=1/80 skill=main_road_driving
[2026-06-03 12:17:09] [step] LACM ugv_parking episode=1289 step=1/80 skill=main_road_driving
[2026-06-03 12:17:09] [step] LACM ugv_parking episode=1290 step=1/80 skill=main_road_driving
[2026-06-03 12:17:09] [step] LACM ugv_parking episode=1291 step=1/80 skill=main_road_driving
[2026-06-03 12:17:09] [step] LACM ugv_parking episode=1292 step=1/80 skill=main_road_driving
[2026-06-03 12:17:09] [step] LACM ugv_parking episode=1293 step=1/80 skill=main_road_driving
[2026-06-03 12:17:09] [step] LACM ugv_parking episode=1294 step=1/80 skill=main_road_driving
[2026-06-03 12:17:09] [step] LACM ugv_parking episode=1295 step=1/80 skill=main_road_driving
[2026-06-03 12:17:09] [step] LACM ugv_parking episode=1296 step=1/80 skill=main_road_driving
[2026-06-03 12:17:09] [step] LACM ugv_parking episode=1297 step=1/80 skill=main_road_driving
[2026-06-03 12:17:09] [step] LACM ugv_parking episode=1298 step=1/80 skill=main_road_driving
[2026-06-03 12:17:09] [step] LACM ugv_parking episode=1299 step=1/80 skill=main_road_driving
[2026-06-03 12:17:09] [progress] LACM ugv_parking episode 1300/4000 reward=12.2000 success=1
[2026-06-03 12:17:09] [step] LACM ugv_parking episode=1300 step=1/80 skill=main_road_driving
[2026-06-03 12:17:09] [step] LACM ugv_parking episode=1301 step=1/80 skill=main_road_driving
[2026-06-03 12:17:09] [step] LACM ugv_parking episode=1302 step=1/80 skill=main_road_driving
[2026-06-03 12:17:09] [step] LACM ugv_parking episode=1303 step=1/80 skill=main_road_driving
[2026-06-03 12:17:09] [step] LACM ugv_parking episode=1304 step=1/80 skill=main_road_driving
[2026-06-03 12:17:09] [step] LACM ugv_parking episode=1305 step=1/80 skill=main_road_driving
[2026-06-03 12:17:09] [step] LACM ugv_parking episode=1306 step=1/80 skill=main_road_driving
[2026-06-03 12:17:09] [step] LACM ugv_parking episode=1307 step=1/80 skill=main_road_driving
[2026-06-03 12:17:09] [step] LACM ugv_parking episode=1308 step=1/80 skill=main_road_driving
[2026-06-03 12:17:09] [step] LACM ugv_parking episode=1309 step=1/80 skill=main_road_driving
[2026-06-03 12:17:09] [step] LACM ugv_parking episode=1310 step=1/80 skill=main_road_driving
[2026-06-03 12:17:09] [step] LACM ugv_parking episode=1311 step=1/80 skill=main_road_driving
[2026-06-03 12:17:09] [step] LACM ugv_parking episode=1312 step=1/80 skill=main_road_driving
[2026-06-03 12:17:09] [step] LACM ugv_parking episode=1313 step=1/80 skill=main_road_driving
[2026-06-03 12:17:09] [step] LACM ugv_parking episode=1314 step=1/80 skill=main_road_driving
[2026-06-03 12:17:09] [step] LACM ugv_parking episode=1315 step=1/80 skill=main_road_driving
[2026-06-03 12:17:09] [step] LACM ugv_parking episode=1316 step=1/80 skill=main_road_driving
[2026-06-03 12:17:09] [step] LACM ugv_parking episode=1317 step=1/80 skill=main_road_driving
[2026-06-03 12:17:09] [step] LACM ugv_parking episode=1318 step=1/80 skill=main_road_driving
[2026-06-03 12:17:09] [step] LACM ugv_parking episode=1319 step=1/80 skill=main_road_driving
[2026-06-03 12:17:09] [step] LACM ugv_parking episode=1320 step=1/80 skill=main_road_driving
[2026-06-03 12:17:09] [step] LACM ugv_parking episode=1321 step=1/80 skill=main_road_driving
[2026-06-03 12:17:09] [step] LACM ugv_parking episode=1322 step=1/80 skill=main_road_driving
[2026-06-03 12:17:09] [step] LACM ugv_parking episode=1323 step=1/80 skill=main_road_driving
[2026-06-03 12:17:09] [step] LACM ugv_parking episode=1324 step=1/80 skill=main_road_driving
[2026-06-03 12:17:09] [step] LACM ugv_parking episode=1325 step=1/80 skill=main_road_driving
[2026-06-03 12:17:09] [step] LACM ugv_parking episode=1326 step=1/80 skill=main_road_driving
[2026-06-03 12:17:09] [step] LACM ugv_parking episode=1327 step=1/80 skill=main_road_driving
[2026-06-03 12:17:09] [step] LACM ugv_parking episode=1328 step=1/80 skill=main_road_driving
[2026-06-03 12:17:09] [step] LACM ugv_parking episode=1329 step=1/80 skill=main_road_driving
[2026-06-03 12:17:09] [step] LACM ugv_parking episode=1330 step=1/80 skill=main_road_driving
[2026-06-03 12:17:09] [step] LACM ugv_parking episode=1331 step=1/80 skill=main_road_driving
[2026-06-03 12:17:09] [step] LACM ugv_parking episode=1332 step=1/80 skill=main_road_driving
[2026-06-03 12:17:09] [step] LACM ugv_parking episode=1333 step=1/80 skill=main_road_driving
[2026-06-03 12:17:09] [step] LACM ugv_parking episode=1334 step=1/80 skill=main_road_driving
[2026-06-03 12:17:09] [step] LACM ugv_parking episode=1335 step=1/80 skill=main_road_driving
[2026-06-03 12:17:09] [step] LACM ugv_parking episode=1336 step=1/80 skill=main_road_driving
[2026-06-03 12:17:09] [step] LACM ugv_parking episode=1337 step=1/80 skill=main_road_driving
[2026-06-03 12:17:09] [step] LACM ugv_parking episode=1338 step=1/80 skill=main_road_driving
[2026-06-03 12:17:09] [step] LACM ugv_parking episode=1339 step=1/80 skill=main_road_driving
[2026-06-03 12:17:09] [step] LACM ugv_parking episode=1340 step=1/80 skill=main_road_driving
[2026-06-03 12:17:09] [step] LACM ugv_parking episode=1341 step=1/80 skill=main_road_driving
[2026-06-03 12:17:09] [step] LACM ugv_parking episode=1342 step=1/80 skill=main_road_driving
[2026-06-03 12:17:09] [step] LACM ugv_parking episode=1343 step=1/80 skill=main_road_driving
[2026-06-03 12:17:09] [step] LACM ugv_parking episode=1344 step=1/80 skill=main_road_driving
[2026-06-03 12:17:09] [step] LACM ugv_parking episode=1345 step=1/80 skill=main_road_driving
[2026-06-03 12:17:09] [step] LACM ugv_parking episode=1346 step=1/80 skill=main_road_driving
[2026-06-03 12:17:09] [step] LACM ugv_parking episode=1347 step=1/80 skill=main_road_driving
[2026-06-03 12:17:09] [step] LACM ugv_parking episode=1348 step=1/80 skill=main_road_driving
[2026-06-03 12:17:09] [step] LACM ugv_parking episode=1349 step=1/80 skill=main_road_driving
[2026-06-03 12:17:09] [step] LACM ugv_parking episode=1350 step=1/80 skill=main_road_driving
[2026-06-03 12:17:09] [step] LACM ugv_parking episode=1351 step=1/80 skill=main_road_driving
[2026-06-03 12:17:09] [step] LACM ugv_parking episode=1352 step=1/80 skill=main_road_driving
[2026-06-03 12:17:09] [step] LACM ugv_parking episode=1353 step=1/80 skill=main_road_driving
[2026-06-03 12:17:09] [step] LACM ugv_parking episode=1354 step=1/80 skill=main_road_driving
[2026-06-03 12:17:09] [step] LACM ugv_parking episode=1355 step=1/80 skill=main_road_driving
[2026-06-03 12:17:09] [step] LACM ugv_parking episode=1356 step=1/80 skill=main_road_driving
[2026-06-03 12:17:09] [step] LACM ugv_parking episode=1357 step=1/80 skill=main_road_driving
[2026-06-03 12:17:09] [step] LACM ugv_parking episode=1358 step=1/80 skill=main_road_driving
[2026-06-03 12:17:09] [step] LACM ugv_parking episode=1359 step=1/80 skill=main_road_driving
[2026-06-03 12:17:09] [step] LACM ugv_parking episode=1360 step=1/80 skill=main_road_driving
[2026-06-03 12:17:09] [step] LACM ugv_parking episode=1361 step=1/80 skill=main_road_driving
[2026-06-03 12:17:09] [step] LACM ugv_parking episode=1362 step=1/80 skill=main_road_driving
[2026-06-03 12:17:09] [step] LACM ugv_parking episode=1363 step=1/80 skill=main_road_driving
[2026-06-03 12:17:09] [step] LACM ugv_parking episode=1364 step=1/80 skill=main_road_driving
[2026-06-03 12:17:09] [step] LACM ugv_parking episode=1365 step=1/80 skill=main_road_driving
[2026-06-03 12:17:09] [step] LACM ugv_parking episode=1366 step=1/80 skill=main_road_driving
[2026-06-03 12:17:09] [step] LACM ugv_parking episode=1367 step=1/80 skill=main_road_driving
[2026-06-03 12:17:09] [step] LACM ugv_parking episode=1368 step=1/80 skill=main_road_driving
[2026-06-03 12:17:09] [step] LACM ugv_parking episode=1369 step=1/80 skill=main_road_driving
[2026-06-03 12:17:09] [step] LACM ugv_parking episode=1370 step=1/80 skill=main_road_driving
[2026-06-03 12:17:09] [step] LACM ugv_parking episode=1371 step=1/80 skill=main_road_driving
[2026-06-03 12:17:09] [step] LACM ugv_parking episode=1372 step=1/80 skill=main_road_driving
[2026-06-03 12:17:09] [step] LACM ugv_parking episode=1373 step=1/80 skill=main_road_driving
[2026-06-03 12:17:09] [step] LACM ugv_parking episode=1374 step=1/80 skill=main_road_driving
[2026-06-03 12:17:09] [step] LACM ugv_parking episode=1375 step=1/80 skill=main_road_driving
[2026-06-03 12:17:09] [step] LACM ugv_parking episode=1376 step=1/80 skill=main_road_driving
[2026-06-03 12:17:09] [step] LACM ugv_parking episode=1377 step=1/80 skill=main_road_driving
[2026-06-03 12:17:09] [step] LACM ugv_parking episode=1378 step=1/80 skill=main_road_driving
[2026-06-03 12:17:09] [step] LACM ugv_parking episode=1379 step=1/80 skill=main_road_driving
[2026-06-03 12:17:09] [step] LACM ugv_parking episode=1380 step=1/80 skill=main_road_driving
[2026-06-03 12:17:09] [step] LACM ugv_parking episode=1381 step=1/80 skill=main_road_driving
[2026-06-03 12:17:09] [step] LACM ugv_parking episode=1382 step=1/80 skill=main_road_driving
[2026-06-03 12:17:09] [step] LACM ugv_parking episode=1383 step=1/80 skill=main_road_driving
[2026-06-03 12:17:09] [step] LACM ugv_parking episode=1384 step=1/80 skill=main_road_driving
[2026-06-03 12:17:09] [step] LACM ugv_parking episode=1385 step=1/80 skill=main_road_driving
[2026-06-03 12:17:10] [step] LACM ugv_parking episode=1386 step=1/80 skill=main_road_driving
[2026-06-03 12:17:10] [step] LACM ugv_parking episode=1387 step=1/80 skill=main_road_driving
[2026-06-03 12:17:10] [step] LACM ugv_parking episode=1388 step=1/80 skill=main_road_driving
[2026-06-03 12:17:10] [step] LACM ugv_parking episode=1389 step=1/80 skill=main_road_driving
[2026-06-03 12:17:10] [step] LACM ugv_parking episode=1390 step=1/80 skill=main_road_driving
[2026-06-03 12:17:10] [step] LACM ugv_parking episode=1391 step=1/80 skill=main_road_driving
[2026-06-03 12:17:10] [step] LACM ugv_parking episode=1392 step=1/80 skill=main_road_driving
[2026-06-03 12:17:10] [step] LACM ugv_parking episode=1393 step=1/80 skill=main_road_driving
[2026-06-03 12:17:10] [step] LACM ugv_parking episode=1394 step=1/80 skill=main_road_driving
[2026-06-03 12:17:10] [step] LACM ugv_parking episode=1395 step=1/80 skill=main_road_driving
[2026-06-03 12:17:10] [step] LACM ugv_parking episode=1396 step=1/80 skill=main_road_driving
[2026-06-03 12:17:10] [step] LACM ugv_parking episode=1397 step=1/80 skill=main_road_driving
[2026-06-03 12:17:10] [step] LACM ugv_parking episode=1398 step=1/80 skill=main_road_driving
[2026-06-03 12:17:10] [step] LACM ugv_parking episode=1399 step=1/80 skill=main_road_driving
[2026-06-03 12:17:10] [progress] LACM ugv_parking episode 1400/4000 reward=12.2000 success=1
[2026-06-03 12:17:10] [step] LACM ugv_parking episode=1400 step=1/80 skill=main_road_driving
[2026-06-03 12:17:10] [step] LACM ugv_parking episode=1401 step=1/80 skill=main_road_driving
[2026-06-03 12:17:10] [step] LACM ugv_parking episode=1402 step=1/80 skill=main_road_driving
[2026-06-03 12:17:10] [step] LACM ugv_parking episode=1403 step=1/80 skill=main_road_driving
[2026-06-03 12:17:10] [step] LACM ugv_parking episode=1404 step=1/80 skill=main_road_driving
[2026-06-03 12:17:10] [step] LACM ugv_parking episode=1405 step=1/80 skill=main_road_driving
[2026-06-03 12:17:10] [step] LACM ugv_parking episode=1406 step=1/80 skill=main_road_driving
[2026-06-03 12:17:10] [step] LACM ugv_parking episode=1407 step=1/80 skill=main_road_driving
[2026-06-03 12:17:10] [step] LACM ugv_parking episode=1408 step=1/80 skill=main_road_driving
[2026-06-03 12:17:10] [step] LACM ugv_parking episode=1409 step=1/80 skill=main_road_driving
[2026-06-03 12:17:10] [step] LACM ugv_parking episode=1410 step=1/80 skill=main_road_driving
[2026-06-03 12:17:10] [step] LACM ugv_parking episode=1411 step=1/80 skill=main_road_driving
[2026-06-03 12:17:10] [step] LACM ugv_parking episode=1412 step=1/80 skill=main_road_driving
[2026-06-03 12:17:10] [step] LACM ugv_parking episode=1413 step=1/80 skill=main_road_driving
[2026-06-03 12:17:10] [step] LACM ugv_parking episode=1414 step=1/80 skill=main_road_driving
[2026-06-03 12:17:10] [step] LACM ugv_parking episode=1415 step=1/80 skill=main_road_driving
[2026-06-03 12:17:10] [step] LACM ugv_parking episode=1416 step=1/80 skill=main_road_driving
[2026-06-03 12:17:10] [step] LACM ugv_parking episode=1417 step=1/80 skill=main_road_driving
[2026-06-03 12:17:10] [step] LACM ugv_parking episode=1418 step=1/80 skill=main_road_driving
[2026-06-03 12:17:10] [step] LACM ugv_parking episode=1419 step=1/80 skill=main_road_driving
[2026-06-03 12:17:10] [step] LACM ugv_parking episode=1420 step=1/80 skill=main_road_driving
[2026-06-03 12:17:10] [step] LACM ugv_parking episode=1421 step=1/80 skill=main_road_driving
[2026-06-03 12:17:10] [step] LACM ugv_parking episode=1422 step=1/80 skill=main_road_driving
[2026-06-03 12:17:10] [step] LACM ugv_parking episode=1423 step=1/80 skill=main_road_driving
[2026-06-03 12:17:10] [step] LACM ugv_parking episode=1424 step=1/80 skill=main_road_driving
[2026-06-03 12:17:10] [step] LACM ugv_parking episode=1425 step=1/80 skill=main_road_driving
[2026-06-03 12:17:10] [step] LACM ugv_parking episode=1426 step=1/80 skill=main_road_driving
[2026-06-03 12:17:10] [step] LACM ugv_parking episode=1427 step=1/80 skill=main_road_driving
[2026-06-03 12:17:10] [step] LACM ugv_parking episode=1428 step=1/80 skill=main_road_driving
[2026-06-03 12:17:10] [step] LACM ugv_parking episode=1429 step=1/80 skill=main_road_driving
[2026-06-03 12:17:10] [step] LACM ugv_parking episode=1430 step=1/80 skill=main_road_driving
[2026-06-03 12:17:10] [step] LACM ugv_parking episode=1431 step=1/80 skill=main_road_driving
[2026-06-03 12:17:10] [step] LACM ugv_parking episode=1432 step=1/80 skill=main_road_driving
[2026-06-03 12:17:10] [step] LACM ugv_parking episode=1433 step=1/80 skill=main_road_driving
[2026-06-03 12:17:10] [step] LACM ugv_parking episode=1434 step=1/80 skill=main_road_driving
[2026-06-03 12:17:10] [step] LACM ugv_parking episode=1435 step=1/80 skill=main_road_driving
[2026-06-03 12:17:10] [step] LACM ugv_parking episode=1436 step=1/80 skill=main_road_driving
[2026-06-03 12:17:10] [step] LACM ugv_parking episode=1437 step=1/80 skill=main_road_driving
[2026-06-03 12:17:10] [step] LACM ugv_parking episode=1438 step=1/80 skill=main_road_driving
[2026-06-03 12:17:10] [step] LACM ugv_parking episode=1439 step=1/80 skill=main_road_driving
[2026-06-03 12:17:10] [step] LACM ugv_parking episode=1440 step=1/80 skill=main_road_driving
[2026-06-03 12:17:10] [step] LACM ugv_parking episode=1441 step=1/80 skill=main_road_driving
[2026-06-03 12:17:10] [step] LACM ugv_parking episode=1442 step=1/80 skill=main_road_driving
[2026-06-03 12:17:10] [step] LACM ugv_parking episode=1443 step=1/80 skill=main_road_driving
[2026-06-03 12:17:10] [step] LACM ugv_parking episode=1444 step=1/80 skill=main_road_driving
[2026-06-03 12:17:10] [step] LACM ugv_parking episode=1445 step=1/80 skill=main_road_driving
[2026-06-03 12:17:10] [step] LACM ugv_parking episode=1446 step=1/80 skill=main_road_driving
[2026-06-03 12:17:10] [step] LACM ugv_parking episode=1447 step=1/80 skill=main_road_driving
[2026-06-03 12:17:10] [step] LACM ugv_parking episode=1448 step=1/80 skill=main_road_driving
[2026-06-03 12:17:10] [step] LACM ugv_parking episode=1449 step=1/80 skill=main_road_driving
[2026-06-03 12:17:10] [step] LACM ugv_parking episode=1450 step=1/80 skill=main_road_driving
[2026-06-03 12:17:10] [step] LACM ugv_parking episode=1451 step=1/80 skill=main_road_driving
[2026-06-03 12:17:10] [step] LACM ugv_parking episode=1452 step=1/80 skill=main_road_driving
[2026-06-03 12:17:10] [step] LACM ugv_parking episode=1453 step=1/80 skill=main_road_driving
[2026-06-03 12:17:10] [step] LACM ugv_parking episode=1454 step=1/80 skill=main_road_driving
[2026-06-03 12:17:10] [step] LACM ugv_parking episode=1455 step=1/80 skill=main_road_driving
[2026-06-03 12:17:10] [step] LACM ugv_parking episode=1456 step=1/80 skill=main_road_driving
[2026-06-03 12:17:10] [step] LACM ugv_parking episode=1457 step=1/80 skill=main_road_driving
[2026-06-03 12:17:10] [step] LACM ugv_parking episode=1458 step=1/80 skill=main_road_driving
[2026-06-03 12:17:10] [step] LACM ugv_parking episode=1459 step=1/80 skill=main_road_driving
[2026-06-03 12:17:10] [step] LACM ugv_parking episode=1460 step=1/80 skill=main_road_driving
[2026-06-03 12:17:10] [step] LACM ugv_parking episode=1461 step=1/80 skill=main_road_driving
[2026-06-03 12:17:10] [step] LACM ugv_parking episode=1462 step=1/80 skill=main_road_driving
[2026-06-03 12:17:10] [step] LACM ugv_parking episode=1463 step=1/80 skill=main_road_driving
[2026-06-03 12:17:10] [step] LACM ugv_parking episode=1464 step=1/80 skill=main_road_driving
[2026-06-03 12:17:10] [step] LACM ugv_parking episode=1465 step=1/80 skill=main_road_driving
[2026-06-03 12:17:10] [step] LACM ugv_parking episode=1466 step=1/80 skill=main_road_driving
[2026-06-03 12:17:10] [step] LACM ugv_parking episode=1467 step=1/80 skill=main_road_driving
[2026-06-03 12:17:10] [step] LACM ugv_parking episode=1468 step=1/80 skill=main_road_driving
[2026-06-03 12:17:10] [step] LACM ugv_parking episode=1469 step=1/80 skill=main_road_driving
[2026-06-03 12:17:10] [step] LACM ugv_parking episode=1470 step=1/80 skill=main_road_driving
[2026-06-03 12:17:10] [step] LACM ugv_parking episode=1471 step=1/80 skill=main_road_driving
[2026-06-03 12:17:10] [step] LACM ugv_parking episode=1472 step=1/80 skill=main_road_driving
[2026-06-03 12:17:10] [step] LACM ugv_parking episode=1473 step=1/80 skill=main_road_driving
[2026-06-03 12:17:10] [step] LACM ugv_parking episode=1474 step=1/80 skill=main_road_driving
[2026-06-03 12:17:10] [step] LACM ugv_parking episode=1475 step=1/80 skill=main_road_driving
[2026-06-03 12:17:10] [step] LACM ugv_parking episode=1476 step=1/80 skill=main_road_driving
[2026-06-03 12:17:10] [step] LACM ugv_parking episode=1477 step=1/80 skill=main_road_driving
[2026-06-03 12:17:10] [step] LACM ugv_parking episode=1478 step=1/80 skill=main_road_driving
[2026-06-03 12:17:10] [step] LACM ugv_parking episode=1479 step=1/80 skill=main_road_driving
[2026-06-03 12:17:10] [step] LACM ugv_parking episode=1480 step=1/80 skill=main_road_driving
[2026-06-03 12:17:10] [step] LACM ugv_parking episode=1481 step=1/80 skill=main_road_driving
[2026-06-03 12:17:10] [step] LACM ugv_parking episode=1482 step=1/80 skill=main_road_driving
[2026-06-03 12:17:10] [step] LACM ugv_parking episode=1483 step=1/80 skill=main_road_driving
[2026-06-03 12:17:10] [step] LACM ugv_parking episode=1484 step=1/80 skill=main_road_driving
[2026-06-03 12:17:10] [step] LACM ugv_parking episode=1485 step=1/80 skill=main_road_driving
[2026-06-03 12:17:10] [step] LACM ugv_parking episode=1486 step=1/80 skill=main_road_driving
[2026-06-03 12:17:10] [step] LACM ugv_parking episode=1487 step=1/80 skill=main_road_driving
[2026-06-03 12:17:10] [step] LACM ugv_parking episode=1488 step=1/80 skill=main_road_driving
[2026-06-03 12:17:10] [step] LACM ugv_parking episode=1489 step=1/80 skill=main_road_driving
[2026-06-03 12:17:10] [step] LACM ugv_parking episode=1490 step=1/80 skill=main_road_driving
[2026-06-03 12:17:10] [step] LACM ugv_parking episode=1491 step=1/80 skill=main_road_driving
[2026-06-03 12:17:10] [step] LACM ugv_parking episode=1492 step=1/80 skill=main_road_driving
[2026-06-03 12:17:10] [step] LACM ugv_parking episode=1493 step=1/80 skill=main_road_driving
[2026-06-03 12:17:10] [step] LACM ugv_parking episode=1494 step=1/80 skill=main_road_driving
[2026-06-03 12:17:10] [step] LACM ugv_parking episode=1495 step=1/80 skill=main_road_driving
[2026-06-03 12:17:10] [step] LACM ugv_parking episode=1496 step=1/80 skill=main_road_driving
[2026-06-03 12:17:10] [step] LACM ugv_parking episode=1497 step=1/80 skill=main_road_driving
[2026-06-03 12:17:10] [step] LACM ugv_parking episode=1498 step=1/80 skill=main_road_driving
[2026-06-03 12:17:10] [step] LACM ugv_parking episode=1499 step=1/80 skill=main_road_driving
[2026-06-03 12:17:10] [progress] LACM ugv_parking episode 1500/4000 reward=12.2000 success=1
[2026-06-03 12:17:10] [step] LACM ugv_parking episode=1500 step=1/80 skill=main_road_driving
[2026-06-03 12:17:10] [step] LACM ugv_parking episode=1501 step=1/80 skill=main_road_driving
[2026-06-03 12:17:10] [step] LACM ugv_parking episode=1502 step=1/80 skill=main_road_driving
[2026-06-03 12:17:10] [step] LACM ugv_parking episode=1503 step=1/80 skill=main_road_driving
[2026-06-03 12:17:10] [step] LACM ugv_parking episode=1504 step=1/80 skill=main_road_driving
[2026-06-03 12:17:10] [step] LACM ugv_parking episode=1505 step=1/80 skill=main_road_driving
[2026-06-03 12:17:10] [step] LACM ugv_parking episode=1506 step=1/80 skill=main_road_driving
[2026-06-03 12:17:10] [step] LACM ugv_parking episode=1507 step=1/80 skill=main_road_driving
[2026-06-03 12:17:10] [step] LACM ugv_parking episode=1508 step=1/80 skill=main_road_driving
[2026-06-03 12:17:10] [step] LACM ugv_parking episode=1509 step=1/80 skill=main_road_driving
[2026-06-03 12:17:10] [step] LACM ugv_parking episode=1510 step=1/80 skill=main_road_driving
[2026-06-03 12:17:10] [step] LACM ugv_parking episode=1511 step=1/80 skill=main_road_driving
[2026-06-03 12:17:10] [step] LACM ugv_parking episode=1512 step=1/80 skill=main_road_driving
[2026-06-03 12:17:10] [step] LACM ugv_parking episode=1513 step=1/80 skill=main_road_driving
[2026-06-03 12:17:10] [step] LACM ugv_parking episode=1514 step=1/80 skill=main_road_driving
[2026-06-03 12:17:10] [step] LACM ugv_parking episode=1515 step=1/80 skill=main_road_driving
[2026-06-03 12:17:10] [step] LACM ugv_parking episode=1516 step=1/80 skill=main_road_driving
[2026-06-03 12:17:10] [step] LACM ugv_parking episode=1517 step=1/80 skill=main_road_driving
[2026-06-03 12:17:10] [step] LACM ugv_parking episode=1518 step=1/80 skill=main_road_driving
[2026-06-03 12:17:10] [step] LACM ugv_parking episode=1519 step=1/80 skill=main_road_driving
[2026-06-03 12:17:10] [step] LACM ugv_parking episode=1520 step=1/80 skill=main_road_driving
[2026-06-03 12:17:10] [step] LACM ugv_parking episode=1521 step=1/80 skill=main_road_driving
[2026-06-03 12:17:10] [step] LACM ugv_parking episode=1522 step=1/80 skill=main_road_driving
[2026-06-03 12:17:10] [step] LACM ugv_parking episode=1523 step=1/80 skill=main_road_driving
[2026-06-03 12:17:10] [step] LACM ugv_parking episode=1524 step=1/80 skill=main_road_driving
[2026-06-03 12:17:10] [step] LACM ugv_parking episode=1525 step=1/80 skill=main_road_driving
[2026-06-03 12:17:10] [step] LACM ugv_parking episode=1526 step=1/80 skill=main_road_driving
[2026-06-03 12:17:10] [step] LACM ugv_parking episode=1527 step=1/80 skill=main_road_driving
[2026-06-03 12:17:10] [step] LACM ugv_parking episode=1528 step=1/80 skill=main_road_driving
[2026-06-03 12:17:10] [step] LACM ugv_parking episode=1529 step=1/80 skill=main_road_driving
[2026-06-03 12:17:10] [step] LACM ugv_parking episode=1530 step=1/80 skill=main_road_driving
[2026-06-03 12:17:10] [step] LACM ugv_parking episode=1531 step=1/80 skill=main_road_driving
[2026-06-03 12:17:10] [step] LACM ugv_parking episode=1532 step=1/80 skill=main_road_driving
[2026-06-03 12:17:10] [step] LACM ugv_parking episode=1533 step=1/80 skill=main_road_driving
[2026-06-03 12:17:10] [step] LACM ugv_parking episode=1534 step=1/80 skill=main_road_driving
[2026-06-03 12:17:10] [step] LACM ugv_parking episode=1535 step=1/80 skill=main_road_driving
[2026-06-03 12:17:10] [step] LACM ugv_parking episode=1536 step=1/80 skill=main_road_driving
[2026-06-03 12:17:10] [step] LACM ugv_parking episode=1537 step=1/80 skill=main_road_driving
[2026-06-03 12:17:10] [step] LACM ugv_parking episode=1538 step=1/80 skill=main_road_driving
[2026-06-03 12:17:10] [step] LACM ugv_parking episode=1539 step=1/80 skill=main_road_driving
[2026-06-03 12:17:10] [step] LACM ugv_parking episode=1540 step=1/80 skill=main_road_driving
[2026-06-03 12:17:10] [step] LACM ugv_parking episode=1541 step=1/80 skill=main_road_driving
[2026-06-03 12:17:10] [step] LACM ugv_parking episode=1542 step=1/80 skill=main_road_driving
[2026-06-03 12:17:10] [step] LACM ugv_parking episode=1543 step=1/80 skill=main_road_driving
[2026-06-03 12:17:10] [step] LACM ugv_parking episode=1544 step=1/80 skill=main_road_driving
[2026-06-03 12:17:10] [step] LACM ugv_parking episode=1545 step=1/80 skill=main_road_driving
[2026-06-03 12:17:10] [step] LACM ugv_parking episode=1546 step=1/80 skill=main_road_driving
[2026-06-03 12:17:10] [step] LACM ugv_parking episode=1547 step=1/80 skill=main_road_driving
[2026-06-03 12:17:10] [step] LACM ugv_parking episode=1548 step=1/80 skill=main_road_driving
[2026-06-03 12:17:10] [step] LACM ugv_parking episode=1549 step=1/80 skill=main_road_driving
[2026-06-03 12:17:10] [step] LACM ugv_parking episode=1550 step=1/80 skill=main_road_driving
[2026-06-03 12:17:10] [step] LACM ugv_parking episode=1551 step=1/80 skill=main_road_driving
[2026-06-03 12:17:10] [step] LACM ugv_parking episode=1552 step=1/80 skill=main_road_driving
[2026-06-03 12:17:11] [step] LACM ugv_parking episode=1553 step=1/80 skill=main_road_driving
[2026-06-03 12:17:11] [step] LACM ugv_parking episode=1554 step=1/80 skill=main_road_driving
[2026-06-03 12:17:11] [step] LACM ugv_parking episode=1555 step=1/80 skill=main_road_driving
[2026-06-03 12:17:11] [step] LACM ugv_parking episode=1556 step=1/80 skill=main_road_driving
[2026-06-03 12:17:11] [step] LACM ugv_parking episode=1557 step=1/80 skill=main_road_driving
[2026-06-03 12:17:11] [step] LACM ugv_parking episode=1558 step=1/80 skill=main_road_driving
[2026-06-03 12:17:11] [step] LACM ugv_parking episode=1559 step=1/80 skill=main_road_driving
[2026-06-03 12:17:11] [step] LACM ugv_parking episode=1560 step=1/80 skill=main_road_driving
[2026-06-03 12:17:11] [step] LACM ugv_parking episode=1561 step=1/80 skill=main_road_driving
[2026-06-03 12:17:11] [step] LACM ugv_parking episode=1562 step=1/80 skill=main_road_driving
[2026-06-03 12:17:11] [step] LACM ugv_parking episode=1563 step=1/80 skill=main_road_driving
[2026-06-03 12:17:11] [step] LACM ugv_parking episode=1564 step=1/80 skill=main_road_driving
[2026-06-03 12:17:11] [step] LACM ugv_parking episode=1565 step=1/80 skill=main_road_driving
[2026-06-03 12:17:11] [step] LACM ugv_parking episode=1566 step=1/80 skill=main_road_driving
[2026-06-03 12:17:11] [step] LACM ugv_parking episode=1567 step=1/80 skill=main_road_driving
[2026-06-03 12:17:11] [step] LACM ugv_parking episode=1568 step=1/80 skill=main_road_driving
[2026-06-03 12:17:11] [step] LACM ugv_parking episode=1569 step=1/80 skill=main_road_driving
[2026-06-03 12:17:11] [step] LACM ugv_parking episode=1570 step=1/80 skill=main_road_driving
[2026-06-03 12:17:11] [step] LACM ugv_parking episode=1571 step=1/80 skill=main_road_driving
[2026-06-03 12:17:11] [step] LACM ugv_parking episode=1572 step=1/80 skill=main_road_driving
[2026-06-03 12:17:11] [step] LACM ugv_parking episode=1573 step=1/80 skill=main_road_driving
[2026-06-03 12:17:11] [step] LACM ugv_parking episode=1574 step=1/80 skill=main_road_driving
[2026-06-03 12:17:11] [step] LACM ugv_parking episode=1575 step=1/80 skill=main_road_driving
[2026-06-03 12:17:11] [step] LACM ugv_parking episode=1576 step=1/80 skill=main_road_driving
[2026-06-03 12:17:11] [step] LACM ugv_parking episode=1577 step=1/80 skill=main_road_driving
[2026-06-03 12:17:11] [step] LACM ugv_parking episode=1578 step=1/80 skill=main_road_driving
[2026-06-03 12:17:11] [step] LACM ugv_parking episode=1579 step=1/80 skill=main_road_driving
[2026-06-03 12:17:11] [step] LACM ugv_parking episode=1580 step=1/80 skill=main_road_driving
[2026-06-03 12:17:11] [step] LACM ugv_parking episode=1581 step=1/80 skill=main_road_driving
[2026-06-03 12:17:11] [step] LACM ugv_parking episode=1582 step=1/80 skill=main_road_driving
[2026-06-03 12:17:11] [step] LACM ugv_parking episode=1583 step=1/80 skill=main_road_driving
[2026-06-03 12:17:11] [step] LACM ugv_parking episode=1584 step=1/80 skill=main_road_driving
[2026-06-03 12:17:11] [step] LACM ugv_parking episode=1585 step=1/80 skill=main_road_driving
[2026-06-03 12:17:11] [step] LACM ugv_parking episode=1586 step=1/80 skill=main_road_driving
[2026-06-03 12:17:11] [step] LACM ugv_parking episode=1587 step=1/80 skill=main_road_driving
[2026-06-03 12:17:11] [step] LACM ugv_parking episode=1588 step=1/80 skill=main_road_driving
[2026-06-03 12:17:11] [step] LACM ugv_parking episode=1589 step=1/80 skill=main_road_driving
[2026-06-03 12:17:11] [step] LACM ugv_parking episode=1590 step=1/80 skill=main_road_driving
[2026-06-03 12:17:11] [step] LACM ugv_parking episode=1591 step=1/80 skill=main_road_driving
[2026-06-03 12:17:11] [step] LACM ugv_parking episode=1592 step=1/80 skill=main_road_driving
[2026-06-03 12:17:11] [step] LACM ugv_parking episode=1593 step=1/80 skill=main_road_driving
[2026-06-03 12:17:11] [step] LACM ugv_parking episode=1594 step=1/80 skill=main_road_driving
[2026-06-03 12:17:11] [step] LACM ugv_parking episode=1595 step=1/80 skill=main_road_driving
[2026-06-03 12:17:11] [step] LACM ugv_parking episode=1596 step=1/80 skill=main_road_driving
[2026-06-03 12:17:11] [step] LACM ugv_parking episode=1597 step=1/80 skill=main_road_driving
[2026-06-03 12:17:11] [step] LACM ugv_parking episode=1598 step=1/80 skill=main_road_driving
[2026-06-03 12:17:11] [step] LACM ugv_parking episode=1599 step=1/80 skill=main_road_driving
[2026-06-03 12:17:11] [progress] LACM ugv_parking episode 1600/4000 reward=12.2000 success=1
[2026-06-03 12:17:11] [step] LACM ugv_parking episode=1600 step=1/80 skill=main_road_driving
[2026-06-03 12:17:11] [step] LACM ugv_parking episode=1601 step=1/80 skill=main_road_driving
[2026-06-03 12:17:11] [step] LACM ugv_parking episode=1602 step=1/80 skill=main_road_driving
[2026-06-03 12:17:11] [step] LACM ugv_parking episode=1603 step=1/80 skill=main_road_driving
[2026-06-03 12:17:11] [step] LACM ugv_parking episode=1604 step=1/80 skill=main_road_driving
[2026-06-03 12:17:11] [step] LACM ugv_parking episode=1605 step=1/80 skill=main_road_driving
[2026-06-03 12:17:11] [step] LACM ugv_parking episode=1606 step=1/80 skill=main_road_driving
[2026-06-03 12:17:11] [step] LACM ugv_parking episode=1607 step=1/80 skill=main_road_driving
[2026-06-03 12:17:11] [step] LACM ugv_parking episode=1608 step=1/80 skill=main_road_driving
[2026-06-03 12:17:11] [step] LACM ugv_parking episode=1609 step=1/80 skill=main_road_driving
[2026-06-03 12:17:11] [step] LACM ugv_parking episode=1610 step=1/80 skill=main_road_driving
[2026-06-03 12:17:11] [step] LACM ugv_parking episode=1611 step=1/80 skill=main_road_driving
[2026-06-03 12:17:11] [step] LACM ugv_parking episode=1612 step=1/80 skill=main_road_driving
[2026-06-03 12:17:11] [step] LACM ugv_parking episode=1613 step=1/80 skill=main_road_driving
[2026-06-03 12:17:11] [step] LACM ugv_parking episode=1614 step=1/80 skill=main_road_driving
[2026-06-03 12:17:11] [step] LACM ugv_parking episode=1615 step=1/80 skill=main_road_driving
[2026-06-03 12:17:11] [step] LACM ugv_parking episode=1616 step=1/80 skill=main_road_driving
[2026-06-03 12:17:11] [step] LACM ugv_parking episode=1617 step=1/80 skill=main_road_driving
[2026-06-03 12:17:11] [step] LACM ugv_parking episode=1618 step=1/80 skill=main_road_driving
[2026-06-03 12:17:11] [step] LACM ugv_parking episode=1619 step=1/80 skill=main_road_driving
[2026-06-03 12:17:11] [step] LACM ugv_parking episode=1620 step=1/80 skill=main_road_driving
[2026-06-03 12:17:11] [step] LACM ugv_parking episode=1621 step=1/80 skill=main_road_driving
[2026-06-03 12:17:11] [step] LACM ugv_parking episode=1622 step=1/80 skill=main_road_driving
[2026-06-03 12:17:11] [step] LACM ugv_parking episode=1623 step=1/80 skill=main_road_driving
[2026-06-03 12:17:11] [step] LACM ugv_parking episode=1624 step=1/80 skill=main_road_driving
[2026-06-03 12:17:11] [step] LACM ugv_parking episode=1625 step=1/80 skill=main_road_driving
[2026-06-03 12:17:11] [step] LACM ugv_parking episode=1626 step=1/80 skill=main_road_driving
[2026-06-03 12:17:11] [step] LACM ugv_parking episode=1627 step=1/80 skill=main_road_driving
[2026-06-03 12:17:11] [step] LACM ugv_parking episode=1628 step=1/80 skill=main_road_driving
[2026-06-03 12:17:11] [step] LACM ugv_parking episode=1629 step=1/80 skill=main_road_driving
[2026-06-03 12:17:11] [step] LACM ugv_parking episode=1630 step=1/80 skill=main_road_driving
[2026-06-03 12:17:11] [step] LACM ugv_parking episode=1631 step=1/80 skill=main_road_driving
[2026-06-03 12:17:11] [step] LACM ugv_parking episode=1632 step=1/80 skill=main_road_driving
[2026-06-03 12:17:11] [step] LACM ugv_parking episode=1633 step=1/80 skill=main_road_driving
[2026-06-03 12:17:11] [step] LACM ugv_parking episode=1634 step=1/80 skill=main_road_driving
[2026-06-03 12:17:11] [step] LACM ugv_parking episode=1635 step=1/80 skill=main_road_driving
[2026-06-03 12:17:11] [step] LACM ugv_parking episode=1636 step=1/80 skill=main_road_driving
[2026-06-03 12:17:11] [step] LACM ugv_parking episode=1637 step=1/80 skill=main_road_driving
[2026-06-03 12:17:11] [step] LACM ugv_parking episode=1638 step=1/80 skill=main_road_driving
[2026-06-03 12:17:11] [step] LACM ugv_parking episode=1639 step=1/80 skill=main_road_driving
[2026-06-03 12:17:11] [step] LACM ugv_parking episode=1640 step=1/80 skill=main_road_driving
[2026-06-03 12:17:11] [step] LACM ugv_parking episode=1641 step=1/80 skill=main_road_driving
[2026-06-03 12:17:11] [step] LACM ugv_parking episode=1642 step=1/80 skill=main_road_driving
[2026-06-03 12:17:11] [step] LACM ugv_parking episode=1643 step=1/80 skill=main_road_driving
[2026-06-03 12:17:11] [step] LACM ugv_parking episode=1644 step=1/80 skill=main_road_driving
[2026-06-03 12:17:11] [step] LACM ugv_parking episode=1645 step=1/80 skill=main_road_driving
[2026-06-03 12:17:11] [step] LACM ugv_parking episode=1646 step=1/80 skill=main_road_driving
[2026-06-03 12:17:11] [step] LACM ugv_parking episode=1647 step=1/80 skill=main_road_driving
[2026-06-03 12:17:11] [step] LACM ugv_parking episode=1648 step=1/80 skill=main_road_driving
[2026-06-03 12:17:11] [step] LACM ugv_parking episode=1649 step=1/80 skill=main_road_driving
[2026-06-03 12:17:11] [step] LACM ugv_parking episode=1650 step=1/80 skill=main_road_driving
[2026-06-03 12:17:11] [step] LACM ugv_parking episode=1651 step=1/80 skill=main_road_driving
[2026-06-03 12:17:11] [step] LACM ugv_parking episode=1652 step=1/80 skill=main_road_driving
[2026-06-03 12:17:11] [step] LACM ugv_parking episode=1653 step=1/80 skill=main_road_driving
[2026-06-03 12:17:11] [step] LACM ugv_parking episode=1654 step=1/80 skill=main_road_driving
[2026-06-03 12:17:11] [step] LACM ugv_parking episode=1655 step=1/80 skill=main_road_driving
[2026-06-03 12:17:11] [step] LACM ugv_parking episode=1656 step=1/80 skill=main_road_driving
[2026-06-03 12:17:11] [step] LACM ugv_parking episode=1657 step=1/80 skill=main_road_driving
[2026-06-03 12:17:11] [step] LACM ugv_parking episode=1658 step=1/80 skill=main_road_driving
[2026-06-03 12:17:11] [step] LACM ugv_parking episode=1659 step=1/80 skill=main_road_driving
[2026-06-03 12:17:11] [step] LACM ugv_parking episode=1660 step=1/80 skill=main_road_driving
[2026-06-03 12:17:11] [step] LACM ugv_parking episode=1661 step=1/80 skill=main_road_driving
[2026-06-03 12:17:11] [step] LACM ugv_parking episode=1662 step=1/80 skill=main_road_driving
[2026-06-03 12:17:11] [step] LACM ugv_parking episode=1663 step=1/80 skill=main_road_driving
[2026-06-03 12:17:11] [step] LACM ugv_parking episode=1664 step=1/80 skill=main_road_driving
[2026-06-03 12:17:11] [step] LACM ugv_parking episode=1665 step=1/80 skill=main_road_driving
[2026-06-03 12:17:11] [step] LACM ugv_parking episode=1666 step=1/80 skill=main_road_driving
[2026-06-03 12:17:11] [step] LACM ugv_parking episode=1667 step=1/80 skill=main_road_driving
[2026-06-03 12:17:11] [step] LACM ugv_parking episode=1668 step=1/80 skill=main_road_driving
[2026-06-03 12:17:11] [step] LACM ugv_parking episode=1669 step=1/80 skill=main_road_driving
[2026-06-03 12:17:11] [step] LACM ugv_parking episode=1670 step=1/80 skill=main_road_driving
[2026-06-03 12:17:11] [step] LACM ugv_parking episode=1671 step=1/80 skill=main_road_driving
[2026-06-03 12:17:11] [step] LACM ugv_parking episode=1672 step=1/80 skill=main_road_driving
[2026-06-03 12:17:11] [step] LACM ugv_parking episode=1673 step=1/80 skill=main_road_driving
[2026-06-03 12:17:11] [step] LACM ugv_parking episode=1674 step=1/80 skill=main_road_driving
[2026-06-03 12:17:11] [step] LACM ugv_parking episode=1675 step=1/80 skill=main_road_driving
[2026-06-03 12:17:11] [step] LACM ugv_parking episode=1676 step=1/80 skill=main_road_driving
