avg_inference_seconds,avg_wait_seconds,avg_wait_steps,compensation_ratio,done_reason,effective_return,episode,method,scene,seed,steps,success,total_reward
1.2657750214722203,0.7,3.5,0.0,success,11.882,0,LACM,ugv_parking,42,7,True,12.200000000000001
1.234322502231945,0.5333333333333333,2.6666666666666665,0.025,success,11.131,1,LACM,ugv_parking,43,9,True,11.8
1.380203155343636,0.7,3.5,0.0,success,11.882,2,LACM,ugv_parking,44,7,True,12.200000000000001
1.3039614488939995,0.7,3.5,0.0,success,11.882,3,LACM,ugv_parking,45,7,True,12.200000000000001
1.5153049889694004,0.7,3.5,0.0,success,11.882,4,LACM,ugv_parking,46,7,True,12.200000000000001
1.3128130007271923,0.7,3.5,0.0,success,11.882,5,LACM,ugv_parking,47,7,True,12.200000000000001
1.272019716716882,0.7,3.5,0.0,success,11.882,6,LACM,ugv_parking,48,7,True,12.200000000000001
1.1575017404579064,0.5333333333333333,2.6666666666666665,0.025,success,11.131,7,LACM,ugv_parking,49,9,True,11.8
1.3054841167324571,0.7,3.5,0.0,success,11.882,8,LACM,ugv_parking,50,7,True,12.200000000000001
1.2420438044008797,0.5333333333333333,2.6666666666666665,0.025,success,11.131,9,LACM,ugv_parking,51,9,True,11.8
1.4131510053525815,0.7,3.5,0.0,success,11.882,10,LACM,ugv_parking,52,7,True,12.200000000000001
1.602912011949001,0.7,3.5,0.0,success,11.882,11,LACM,ugv_parking,53,7,True,12.200000000000001
1.4204483968568489,0.7,3.5,0.0,success,11.882,12,LACM,ugv_parking,54,7,True,12.200000000000001
1.3175851924876743,0.5333333333333333,2.6666666666666665,0.025,success,11.131,13,LACM,ugv_parking,55,9,True,11.8
1.6102700408095394,0.7,3.5,0.0,success,11.882,14,LACM,ugv_parking,56,7,True,12.200000000000001
1.1737501267550445,0.5333333333333333,2.6666666666666665,0.025,success,11.131,15,LACM,ugv_parking,57,9,True,11.8
1.3145924655660146,0.7,3.5,0.0,success,11.882,16,LACM,ugv_parking,58,7,True,12.200000000000001
1.5606851680967477,0.5333333333333333,2.6666666666666665,0.025,success,11.131,17,LACM,ugv_parking,59,9,True,11.8
1.3543058527635266,0.7,3.5,0.0,success,11.882,18,LACM,ugv_parking,60,7,True,12.200000000000001
1.4204716664507335,0.7,3.5,0.0,success,11.882,19,LACM,ugv_parking,61,7,True,12.200000000000001
1.4404073823702874,0.7,3.5,0.0,success,11.882,20,LACM,ugv_parking,62,7,True,12.200000000000001
1.2956910829982833,0.7,3.5,0.0,success,11.882,21,LACM,ugv_parking,63,7,True,12.200000000000001
1.4425509266192922,0.7,3.5,0.0,success,11.882,22,LACM,ugv_parking,64,7,True,12.200000000000001
1.280977668771397,0.7,3.5,0.0,success,11.882,23,LACM,ugv_parking,65,7,True,12.200000000000001
1.2004390538190333,0.5333333333333333,2.6666666666666665,0.025,success,11.131,24,LACM,ugv_parking,66,9,True,11.8
1.483436842743787,0.5333333333333333,2.6666666666666665,0.025,success,11.131,25,LACM,ugv_parking,67,9,True,11.8
1.6729891275047155,0.7,3.5,0.0,success,11.882,26,LACM,ugv_parking,68,7,True,12.200000000000001
1.3120313043555512,0.7,3.5,0.0,success,11.882,27,LACM,ugv_parking,69,7,True,12.200000000000001
1.4815393114730202,0.7,3.5,0.0,success,11.882,28,LACM,ugv_parking,70,7,True,12.200000000000001
1.3775131324145242,0.7,3.5,0.0,success,11.882,29,LACM,ugv_parking,71,7,True,12.200000000000001
1.4419294788575943,0.5333333333333333,2.6666666666666665,0.025,success,11.131,30,LACM,ugv_parking,72,9,True,11.8
1.312782366879089,0.7,3.5,0.0,success,11.882,31,LACM,ugv_parking,73,7,True,12.200000000000001
1.550003309481995,0.7,3.5,0.0,success,11.882,32,LACM,ugv_parking,74,7,True,12.200000000000001
1.3549858809684374,0.7,3.5,0.0,success,11.882,33,LACM,ugv_parking,75,7,True,12.200000000000001
1.5282968308117995,0.7,3.5,0.0,success,11.882,34,LACM,ugv_parking,76,7,True,12.200000000000001
1.4500086052717052,0.7,3.5,0.0,success,11.882,35,LACM,ugv_parking,77,7,True,12.200000000000001
1.3642004355426778,0.7,3.5,0.0,success,11.882,36,LACM,ugv_parking,78,7,True,12.200000000000001
1.1754088665530487,0.5333333333333333,2.6666666666666665,0.025,success,11.131,37,LACM,ugv_parking,79,9,True,11.8
1.325359083093755,0.7,3.5,0.0,success,11.882,38,LACM,ugv_parking,80,7,True,12.200000000000001
1.3836900507739496,0.7,3.5,0.0,success,11.882,39,LACM,ugv_parking,81,7,True,12.200000000000001
1.3039248070020433,0.5333333333333333,2.6666666666666665,0.025,success,11.131,40,LACM,ugv_parking,82,9,True,11.8
1.5411680826655436,0.7,3.5,0.0,success,11.882,41,LACM,ugv_parking,83,7,True,12.200000000000001
1.6582371683671828,0.7,3.5,0.0,success,11.882,42,LACM,ugv_parking,84,7,True,12.200000000000001
1.2458004352297383,0.5333333333333333,2.6666666666666665,0.025,success,11.131,43,LACM,ugv_parking,85,9,True,11.8
1.3290238688409977,0.7,3.5,0.0,success,11.882,44,LACM,ugv_parking,86,7,True,12.200000000000001
1.3131300239290187,0.5333333333333333,2.6666666666666665,0.025,success,11.131,45,LACM,ugv_parking,87,9,True,11.8
1.2348001787261091,0.7,3.5,0.0,success,11.882,46,LACM,ugv_parking,88,7,True,12.200000000000001
1.449499014476647,0.5333333333333333,2.6666666666666665,0.025,success,11.131,47,LACM,ugv_parking,89,9,True,11.8
1.2548916990940384,0.5333333333333333,2.6666666666666665,0.025,success,11.131,48,LACM,ugv_parking,90,9,True,11.8
1.2505883678528569,0.5333333333333333,2.6666666666666665,0.025,success,11.131,49,LACM,ugv_parking,91,9,True,11.8
1.394383737642396,0.7,3.5,0.0,success,11.882,50,LACM,ugv_parking,92,7,True,12.200000000000001
1.5626772426639648,0.7,3.5,0.0,success,11.882,51,LACM,ugv_parking,93,7,True,12.200000000000001
1.2683681816051156,0.7,3.5,0.0,success,11.882,52,LACM,ugv_parking,94,7,True,12.200000000000001
1.5095912322452096,0.7,3.5,0.0,success,11.882,53,LACM,ugv_parking,95,7,True,12.200000000000001
1.511287778580312,0.7,3.5,0.0,success,11.882,54,LACM,ugv_parking,96,7,True,12.200000000000001
1.3660465068440877,0.5333333333333333,2.6666666666666665,0.025,success,11.131,55,LACM,ugv_parking,97,9,True,11.8
1.4750233936847663,0.7,3.5,0.0,success,11.882,56,LACM,ugv_parking,98,7,True,12.200000000000001
1.2416214078074446,0.7,3.5,0.0,success,11.882,57,LACM,ugv_parking,99,7,True,12.200000000000001
1.3657013507405795,0.5333333333333333,2.6666666666666665,0.025,success,11.131,58,LACM,ugv_parking,100,9,True,11.8
1.3103626512154807,0.7,3.5,0.0,success,11.882,59,LACM,ugv_parking,101,7,True,12.200000000000001
1.2490192842263932,0.5333333333333333,2.6666666666666665,0.025,success,11.131,60,LACM,ugv_parking,102,9,True,11.8
1.5741393585458492,0.7,3.5,0.0,success,11.882,61,LACM,ugv_parking,103,7,True,12.200000000000001
1.7327298468870111,0.7,3.5,0.0,success,11.882,62,LACM,ugv_parking,104,7,True,12.200000000000001
1.4908871983648786,0.7,3.5,0.0,success,11.882,63,LACM,ugv_parking,105,7,True,12.200000000000001
1.64471651750041,0.7,3.5,0.0,success,11.882,64,LACM,ugv_parking,106,7,True,12.200000000000001
1.480014105862877,0.5333333333333333,2.6666666666666665,0.025,success,11.131,65,LACM,ugv_parking,107,9,True,11.8
1.4870920627554953,0.5333333333333333,2.6666666666666665,0.025,success,11.131,66,LACM,ugv_parking,108,9,True,11.8
1.295544805166303,0.7,3.5,0.0,success,11.882,67,LACM,ugv_parking,109,7,True,12.200000000000001
1.5289186769294636,0.7,3.5,0.0,success,11.882,68,LACM,ugv_parking,110,7,True,12.200000000000001
1.4159734722073947,0.7,3.5,0.0,success,11.882,69,LACM,ugv_parking,111,7,True,12.200000000000001
1.4589336765192984,0.7,3.5,0.0,success,11.882,70,LACM,ugv_parking,112,7,True,12.200000000000001
1.4320664976843396,0.5333333333333333,2.6666666666666665,0.025,success,11.131,71,LACM,ugv_parking,113,9,True,11.8
1.2679330187281597,0.5333333333333333,2.6666666666666665,0.025,success,11.131,72,LACM,ugv_parking,114,9,True,11.8
1.4371349485535316,0.7,3.5,0.0,success,11.882,73,LACM,ugv_parking,115,7,True,12.200000000000001
1.568465084706944,0.7,3.5,0.0,success,11.882,74,LACM,ugv_parking,116,7,True,12.200000000000001
1.214494344064167,0.5333333333333333,2.6666666666666665,0.025,success,11.131,75,LACM,ugv_parking,117,9,True,11.8
1.3574083296778068,0.7,3.5,0.0,success,11.882,76,LACM,ugv_parking,118,7,True,12.200000000000001
1.442452722860932,0.7,3.5,0.0,success,11.882,77,LACM,ugv_parking,119,7,True,12.200000000000001
1.28143445012925,0.7,3.5,0.0,success,11.882,78,LACM,ugv_parking,120,7,True,12.200000000000001
1.2850296173835323,0.5333333333333333,2.6666666666666665,0.025,success,11.131,79,LACM,ugv_parking,121,9,True,11.8
1.4428066375404236,0.7,3.5,0.0,success,11.882,80,LACM,ugv_parking,122,7,True,12.200000000000001
1.1458112106783933,0.5333333333333333,2.6666666666666665,0.025,success,11.131,81,LACM,ugv_parking,123,9,True,11.8
1.6036144265042087,0.7,3.5,0.0,success,11.882,82,LACM,ugv_parking,124,7,True,12.200000000000001
1.4490362020469552,0.7,3.5,0.0,success,11.882,83,LACM,ugv_parking,125,7,True,12.200000000000001
1.4602562536468908,0.7,3.5,0.0,success,11.882,84,LACM,ugv_parking,126,7,True,12.200000000000001
1.3286746309506299,0.5333333333333333,2.6666666666666665,0.025,success,11.131,85,LACM,ugv_parking,127,9,True,11.8
1.470672891304195,0.7,3.5,0.0,success,11.882,86,LACM,ugv_parking,128,7,True,12.200000000000001
1.5472507220160996,0.7,3.5,0.0,success,11.882,87,LACM,ugv_parking,129,7,True,12.200000000000001
1.3172398513852976,0.7,3.5,0.0,success,11.882,88,LACM,ugv_parking,130,7,True,12.200000000000001
1.434121402741814,0.7,3.5,0.0,success,11.882,89,LACM,ugv_parking,131,7,True,12.200000000000001
1.3280603713334331,0.7,3.5,0.0,success,11.882,90,LACM,ugv_parking,132,7,True,12.200000000000001
1.3904746254587605,0.7,3.5,0.0,success,11.882,91,LACM,ugv_parking,133,7,True,12.200000000000001
1.2731547899512456,0.7,3.5,0.0,success,11.882,92,LACM,ugv_parking,134,7,True,12.200000000000001
1.5180014998223816,0.7,3.5,0.0,success,11.882,93,LACM,ugv_parking,135,7,True,12.200000000000001
1.4415238931463727,0.7,3.5,0.0,success,11.882,94,LACM,ugv_parking,136,7,True,12.200000000000001
1.392724376320207,0.5333333333333333,2.6666666666666665,0.025,success,11.131,95,LACM,ugv_parking,137,9,True,11.8
1.3577886852230634,0.5333333333333333,2.6666666666666665,0.025,success,11.131,96,LACM,ugv_parking,138,9,True,11.8
1.3294206841457599,0.5333333333333333,2.6666666666666665,0.025,success,11.131,97,LACM,ugv_parking,139,9,True,11.8
1.3466413554605603,0.7,3.5,0.0,success,11.882,98,LACM,ugv_parking,140,7,True,12.200000000000001
1.2190033804150058,0.7,3.5,0.0,success,11.882,99,LACM,ugv_parking,141,7,True,12.200000000000001
1.5051114300872914,0.7,3.5,0.0,success,11.882,100,LACM,ugv_parking,142,7,True,12.200000000000001
1.7031086121107635,0.7,3.5,0.0,success,11.882,101,LACM,ugv_parking,143,7,True,12.200000000000001
1.3610650095844006,0.7,3.5,0.0,success,11.882,102,LACM,ugv_parking,144,7,True,12.200000000000001
1.6706200813658056,0.7,3.5,0.0,success,11.882,103,LACM,ugv_parking,145,7,True,12.200000000000001
1.407805165202263,0.5333333333333333,2.6666666666666665,0.025,success,11.131,104,LACM,ugv_parking,146,9,True,11.8
1.3016149776265817,0.7,3.5,0.0,success,11.882,105,LACM,ugv_parking,147,7,True,12.200000000000001
1.4158128246612482,0.7,3.5,0.0,success,11.882,106,LACM,ugv_parking,148,7,True,12.200000000000001
1.1230815224065829,0.5333333333333333,2.6666666666666665,0.025,success,11.131,107,LACM,ugv_parking,149,9,True,11.8
1.6876065603653023,0.7,3.5,0.0,success,11.882,108,LACM,ugv_parking,150,7,True,12.200000000000001
1.6210220226086975,0.7,3.5,0.0,success,11.882,109,LACM,ugv_parking,151,7,True,12.200000000000001
1.5476415258165352,0.7,3.5,0.0,success,11.882,110,LACM,ugv_parking,152,7,True,12.200000000000001
1.4276139334675328,0.7,3.5,0.0,success,11.882,111,LACM,ugv_parking,153,7,True,12.200000000000001
1.4002202751218669,0.5333333333333333,2.6666666666666665,0.025,success,11.131,112,LACM,ugv_parking,154,9,True,11.8
1.4481091364745042,0.7,3.5,0.0,success,11.882,113,LACM,ugv_parking,155,7,True,12.200000000000001
1.5506906752523473,0.7,3.5,0.0,success,11.882,114,LACM,ugv_parking,156,7,True,12.200000000000001
1.334577529583902,0.7,3.5,0.0,success,11.882,115,LACM,ugv_parking,157,7,True,12.200000000000001
1.6718971376558294,0.7,3.5,0.0,success,11.882,116,LACM,ugv_parking,158,7,True,12.200000000000001
1.4268229055979953,0.7,3.5,0.0,success,11.882,117,LACM,ugv_parking,159,7,True,12.200000000000001
1.1706986105902715,0.5333333333333333,2.6666666666666665,0.025,success,11.131,118,LACM,ugv_parking,160,9,True,11.8
1.427417255557146,0.7,3.5,0.0,success,11.882,119,LACM,ugv_parking,161,7,True,12.200000000000001
1.3096720135569804,0.5333333333333333,2.6666666666666665,0.025,success,11.131,120,LACM,ugv_parking,162,9,True,11.8
1.399410124209708,0.7,3.5,0.0,success,11.882,121,LACM,ugv_parking,163,7,True,12.200000000000001
1.3573407808760571,0.5333333333333333,2.6666666666666665,0.025,success,11.131,122,LACM,ugv_parking,164,9,True,11.8
1.498725494165362,0.5333333333333333,2.6666666666666665,0.025,success,11.131,123,LACM,ugv_parking,165,9,True,11.8
1.3226617893609627,0.5333333333333333,2.6666666666666665,0.025,success,11.131,124,LACM,ugv_parking,166,9,True,11.8
1.1976771165377544,0.5333333333333333,2.6666666666666665,0.025,success,11.131,125,LACM,ugv_parking,167,9,True,11.8
1.505038343323184,0.7,3.5,0.0,success,11.882,126,LACM,ugv_parking,168,7,True,12.200000000000001
1.35209948925647,0.7,3.5,0.0,success,11.882,127,LACM,ugv_parking,169,7,True,12.200000000000001
1.6789233182732408,0.7,3.5,0.0,success,11.882,128,LACM,ugv_parking,170,7,True,12.200000000000001
1.5373537397135768,0.7,3.5,0.0,success,11.882,129,LACM,ugv_parking,171,7,True,12.200000000000001
1.2266029879245393,0.7,3.5,0.0,success,11.882,130,LACM,ugv_parking,172,7,True,12.200000000000001
1.3970869788713058,0.7,3.5,0.0,success,11.882,131,LACM,ugv_parking,173,7,True,12.200000000000001
1.4985123335955062,0.7,3.5,0.0,success,11.882,132,LACM,ugv_parking,174,7,True,12.200000000000001
1.1983104168148557,0.7,3.5,0.0,success,11.882,133,LACM,ugv_parking,175,7,True,12.200000000000001
1.2721876577075515,0.5333333333333333,2.6666666666666665,0.025,success,11.131,134,LACM,ugv_parking,176,9,True,11.8
1.5865505833536764,0.7,3.5,0.0,success,11.882,135,LACM,ugv_parking,177,7,True,12.200000000000001
1.7620250751654216,0.7,3.5,0.0,success,11.882,136,LACM,ugv_parking,178,7,True,12.200000000000001
1.4398717462456627,0.7,3.5,0.0,success,11.882,137,LACM,ugv_parking,179,7,True,12.200000000000001
1.383225028427903,0.5333333333333333,2.6666666666666665,0.025,success,11.131,138,LACM,ugv_parking,180,9,True,11.8
1.2745015941750772,0.7,3.5,0.0,success,11.882,139,LACM,ugv_parking,181,7,True,12.200000000000001
1.2742065953819033,0.7,3.5,0.0,success,11.882,140,LACM,ugv_parking,182,7,True,12.200000000000001
1.2284536109396929,0.5333333333333333,2.6666666666666665,0.025,success,11.131,141,LACM,ugv_parking,183,9,True,11.8
1.206563895054861,0.7,3.5,0.0,success,11.882,142,LACM,ugv_parking,184,7,True,12.200000000000001
1.68198983359074,0.7,3.5,0.0,success,11.882,143,LACM,ugv_parking,185,7,True,12.200000000000001
1.3027562246459072,0.7,3.5,0.0,success,11.882,144,LACM,ugv_parking,186,7,True,12.200000000000001
1.330642117936002,0.7,3.5,0.0,success,11.882,145,LACM,ugv_parking,187,7,True,12.200000000000001
1.6528153675558759,0.7,3.5,0.0,success,11.882,146,LACM,ugv_parking,188,7,True,12.200000000000001
1.491002404972559,0.7,3.5,0.0,success,11.882,147,LACM,ugv_parking,189,7,True,12.200000000000001
1.4585803406900266,0.5333333333333333,2.6666666666666665,0.025,success,11.131,148,LACM,ugv_parking,190,9,True,11.8
1.618496272207578,0.7,3.5,0.0,success,11.882,149,LACM,ugv_parking,191,7,True,12.200000000000001
1.2690799323310469,0.7,3.5,0.0,success,11.882,150,LACM,ugv_parking,192,7,True,12.200000000000001
1.5791830700436256,0.7,3.5,0.0,success,11.882,151,LACM,ugv_parking,193,7,True,12.200000000000001
1.3528422599553322,0.7,3.5,0.0,success,11.882,152,LACM,ugv_parking,194,7,True,12.200000000000001
1.255064362414934,0.7,3.5,0.0,success,11.882,153,LACM,ugv_parking,195,7,True,12.200000000000001
1.5441882018927866,0.7,3.5,0.0,success,11.882,154,LACM,ugv_parking,196,7,True,12.200000000000001
1.2689630066712418,0.7,3.5,0.0,success,11.882,155,LACM,ugv_parking,197,7,True,12.200000000000001
1.2307532901039975,0.5333333333333333,2.6666666666666665,0.025,success,11.131,156,LACM,ugv_parking,198,9,True,11.8
1.2949858027427277,0.7,3.5,0.0,success,11.882,157,LACM,ugv_parking,199,7,True,12.200000000000001
1.2555147363075305,0.5333333333333333,2.6666666666666665,0.025,success,11.131,158,LACM,ugv_parking,200,9,True,11.8
1.1057005820960493,0.5333333333333333,2.6666666666666665,0.025,success,11.131,159,LACM,ugv_parking,201,9,True,11.8
1.5634649302198806,0.7,3.5,0.0,success,11.882,160,LACM,ugv_parking,202,7,True,12.200000000000001
1.408884907678182,0.5333333333333333,2.6666666666666665,0.025,success,11.131,161,LACM,ugv_parking,203,9,True,11.8
1.192946013168473,0.7,3.5,0.0,success,11.882,162,LACM,ugv_parking,204,7,True,12.200000000000001
1.4635834234366003,0.7,3.5,0.0,success,11.882,163,LACM,ugv_parking,205,7,True,12.200000000000001
1.2799409633428416,0.5333333333333333,2.6666666666666665,0.025,success,11.131,164,LACM,ugv_parking,206,9,True,11.8
1.4700167514856033,0.7,3.5,0.0,success,11.882,165,LACM,ugv_parking,207,7,True,12.200000000000001
1.4238565436654802,0.7,3.5,0.0,success,11.882,166,LACM,ugv_parking,208,7,True,12.200000000000001
1.2321596527889564,0.7,3.5,0.0,success,11.882,167,LACM,ugv_parking,209,7,True,12.200000000000001
1.4261091349979633,0.7,3.5,0.0,success,11.882,168,LACM,ugv_parking,210,7,True,12.200000000000001
1.5222704100592797,0.7,3.5,0.0,success,11.882,169,LACM,ugv_parking,211,7,True,12.200000000000001
1.5514541377143762,0.7,3.5,0.0,success,11.882,170,LACM,ugv_parking,212,7,True,12.200000000000001
1.1046784319082066,0.5333333333333333,2.6666666666666665,0.025,success,11.131,171,LACM,ugv_parking,213,9,True,11.8
1.3490531091195435,0.7,3.5,0.0,success,11.882,172,LACM,ugv_parking,214,7,True,12.200000000000001
1.2833724435577467,0.5333333333333333,2.6666666666666665,0.025,success,11.131,173,LACM,ugv_parking,215,9,True,11.8
1.6002872985370455,0.7,3.5,0.0,success,11.882,174,LACM,ugv_parking,216,7,True,12.200000000000001
1.478371606681113,0.7,3.5,0.0,success,11.882,175,LACM,ugv_parking,217,7,True,12.200000000000001
1.1636640904831264,0.7,3.5,0.0,success,11.882,176,LACM,ugv_parking,218,7,True,12.200000000000001
1.4153867309236132,0.7,3.5,0.0,success,11.882,177,LACM,ugv_parking,219,7,True,12.200000000000001
1.3922048881187377,0.7,3.5,0.0,success,11.882,178,LACM,ugv_parking,220,7,True,12.200000000000001
1.165262721926182,0.5333333333333333,2.6666666666666665,0.025,success,11.131,179,LACM,ugv_parking,221,9,True,11.8
1.4056247275824387,0.7,3.5,0.0,success,11.882,180,LACM,ugv_parking,222,7,True,12.200000000000001
1.3087614016128652,0.7,3.5,0.0,success,11.882,181,LACM,ugv_parking,223,7,True,12.200000000000001
1.088170517087767,0.5333333333333333,2.6666666666666665,0.025,success,11.131,182,LACM,ugv_parking,224,9,True,11.8
1.3758120092125683,0.7,3.5,0.0,success,11.882,183,LACM,ugv_parking,225,7,True,12.200000000000001
1.536304252366543,0.7,3.5,0.0,success,11.882,184,LACM,ugv_parking,226,7,True,12.200000000000001
1.4860578801210584,0.7,3.5,0.0,success,11.882,185,LACM,ugv_parking,227,7,True,12.200000000000001
1.6460178387524316,0.7,3.5,0.0,success,11.882,186,LACM,ugv_parking,228,7,True,12.200000000000001
1.3016010405059377,0.7,3.5,0.0,success,11.882,187,LACM,ugv_parking,229,7,True,12.200000000000001
1.4027734577273183,0.7,3.5,0.0,success,11.882,188,LACM,ugv_parking,230,7,True,12.200000000000001
1.7266407166338134,0.7,3.5,0.0,success,11.882,189,LACM,ugv_parking,231,7,True,12.200000000000001
1.2056922107873749,0.7,3.5,0.0,success,11.882,190,LACM,ugv_parking,232,7,True,12.200000000000001
1.5243188499713334,0.7,3.5,0.0,success,11.882,191,LACM,ugv_parking,233,7,True,12.200000000000001
1.4829793641636733,0.7,3.5,0.0,success,11.882,192,LACM,ugv_parking,234,7,True,12.200000000000001
1.3446101650440194,0.7,3.5,0.0,success,11.882,193,LACM,ugv_parking,235,7,True,12.200000000000001
1.467422426822314,0.7,3.5,0.0,success,11.882,194,LACM,ugv_parking,236,7,True,12.200000000000001
1.6110351105437943,0.7,3.5,0.0,success,11.882,195,LACM,ugv_parking,237,7,True,12.200000000000001
1.3543175065699813,0.7,3.5,0.0,success,11.882,196,LACM,ugv_parking,238,7,True,12.200000000000001
1.2923025733610742,0.5333333333333333,2.6666666666666665,0.025,success,11.131,197,LACM,ugv_parking,239,9,True,11.8
1.3690314342183858,0.7,3.5,0.0,success,11.882,198,LACM,ugv_parking,240,7,True,12.200000000000001
1.5765554327889593,0.7,3.5,0.0,success,11.882,199,LACM,ugv_parking,241,7,True,12.200000000000001
1.33258340524926,0.7,3.5,0.0,success,11.882,200,LACM,ugv_parking,242,7,True,12.200000000000001
1.601469630626513,0.7,3.5,0.0,success,11.882,201,LACM,ugv_parking,243,7,True,12.200000000000001
1.6939042405405893,0.7,3.5,0.0,success,11.882,202,LACM,ugv_parking,244,7,True,12.200000000000001
1.2795071277758225,0.5333333333333333,2.6666666666666665,0.025,success,11.131,203,LACM,ugv_parking,245,9,True,11.8
1.5775006367208932,0.7,3.5,0.0,success,11.882,204,LACM,ugv_parking,246,7,True,12.200000000000001
1.1917574038697794,0.7,3.5,0.0,success,11.882,205,LACM,ugv_parking,247,7,True,12.200000000000001
1.624378107017388,0.7,3.5,0.0,success,11.882,206,LACM,ugv_parking,248,7,True,12.200000000000001
1.4510213470068203,0.7,3.5,0.0,success,11.882,207,LACM,ugv_parking,249,7,True,12.200000000000001
1.5282299743859304,0.7,3.5,0.0,success,11.882,208,LACM,ugv_parking,250,7,True,12.200000000000001
1.3308923315829153,0.7,3.5,0.0,success,11.882,209,LACM,ugv_parking,251,7,True,12.200000000000001
1.3172595607586932,0.7,3.5,0.0,success,11.882,210,LACM,ugv_parking,252,7,True,12.200000000000001
1.3679328559016701,0.7,3.5,0.0,success,11.882,211,LACM,ugv_parking,253,7,True,12.200000000000001
1.2503036049338137,0.7,3.5,0.0,success,11.882,212,LACM,ugv_parking,254,7,True,12.200000000000001
1.3976301402756768,0.5333333333333333,2.6666666666666665,0.025,success,11.131,213,LACM,ugv_parking,255,9,True,11.8
1.368443988789167,0.7,3.5,0.0,success,11.882,214,LACM,ugv_parking,256,7,True,12.200000000000001
1.1674472978133599,0.7,3.5,0.0,success,11.882,215,LACM,ugv_parking,257,7,True,12.200000000000001
1.290619143889146,0.7,3.5,0.0,success,11.882,216,LACM,ugv_parking,258,7,True,12.200000000000001
1.273203375917413,0.5333333333333333,2.6666666666666665,0.025,success,11.131,217,LACM,ugv_parking,259,9,True,11.8
1.457467655471878,0.5333333333333333,2.6666666666666665,0.025,success,11.131,218,LACM,ugv_parking,260,9,True,11.8
1.571822086026839,0.7,3.5,0.0,success,11.882,219,LACM,ugv_parking,261,7,True,12.200000000000001
1.3390115862018241,0.7,3.5,0.0,success,11.882,220,LACM,ugv_parking,262,7,True,12.200000000000001
1.6280177642171667,0.7,3.5,0.0,success,11.882,221,LACM,ugv_parking,263,7,True,12.200000000000001
1.5179512413326601,0.7,3.5,0.0,success,11.882,222,LACM,ugv_parking,264,7,True,12.200000000000001
1.5149520612403518,0.7,3.5,0.0,success,11.882,223,LACM,ugv_parking,265,7,True,12.200000000000001
1.6031599633438938,0.7,3.5,0.0,success,11.882,224,LACM,ugv_parking,266,7,True,12.200000000000001
1.2628973145287632,0.5333333333333333,2.6666666666666665,0.025,success,11.131,225,LACM,ugv_parking,267,9,True,11.8
1.515912635484515,0.7,3.5,0.0,success,11.882,226,LACM,ugv_parking,268,7,True,12.200000000000001
1.4466141798684153,0.5333333333333333,2.6666666666666665,0.025,success,11.131,227,LACM,ugv_parking,269,9,True,11.8
1.4818983405610098,0.7,3.5,0.0,success,11.882,228,LACM,ugv_parking,270,7,True,12.200000000000001
1.335630595666733,0.7,3.5,0.0,success,11.882,229,LACM,ugv_parking,271,7,True,12.200000000000001
1.535093475995589,0.7,3.5,0.0,success,11.882,230,LACM,ugv_parking,272,7,True,12.200000000000001
1.2839210620811035,0.5333333333333333,2.6666666666666665,0.025,success,11.131,231,LACM,ugv_parking,273,9,True,11.8
1.1488861117197928,0.5333333333333333,2.6666666666666665,0.025,success,11.131,232,LACM,ugv_parking,274,9,True,11.8
1.634950387298626,0.7,3.5,0.0,success,11.882,233,LACM,ugv_parking,275,7,True,12.200000000000001
1.2284751475144664,0.7,3.5,0.0,success,11.882,234,LACM,ugv_parking,276,7,True,12.200000000000001
1.728217832077046,0.7,3.5,0.0,success,11.882,235,LACM,ugv_parking,277,7,True,12.200000000000001
1.5618147211419515,0.7,3.5,0.0,success,11.882,236,LACM,ugv_parking,278,7,True,12.200000000000001
1.4790787466756836,0.7,3.5,0.0,success,11.882,237,LACM,ugv_parking,279,7,True,12.200000000000001
1.3862168556337715,0.7,3.5,0.0,success,11.882,238,LACM,ugv_parking,280,7,True,12.200000000000001
1.1914467153299728,0.5333333333333333,2.6666666666666665,0.025,success,11.131,239,LACM,ugv_parking,281,9,True,11.8
1.6446324846290408,0.7,3.5,0.0,success,11.882,240,LACM,ugv_parking,282,7,True,12.200000000000001
1.3445751901637588,0.7,3.5,0.0,success,11.882,241,LACM,ugv_parking,283,7,True,12.200000000000001
1.110539907337382,0.5333333333333333,2.6666666666666665,0.025,success,11.131,242,LACM,ugv_parking,284,9,True,11.8
1.3873705263408516,0.7,3.5,0.0,success,11.882,243,LACM,ugv_parking,285,7,True,12.200000000000001
1.3234211527265045,0.7,3.5,0.0,success,11.882,244,LACM,ugv_parking,286,7,True,12.200000000000001
1.3478345402737522,0.7,3.5,0.0,success,11.882,245,LACM,ugv_parking,287,7,True,12.200000000000001
1.4864776933244244,0.7,3.5,0.0,success,11.882,246,LACM,ugv_parking,288,7,True,12.200000000000001
1.4486651377711115,0.7,3.5,0.0,success,11.882,247,LACM,ugv_parking,289,7,True,12.200000000000001
1.3524053031876873,0.7,3.5,0.0,success,11.882,248,LACM,ugv_parking,290,7,True,12.200000000000001
1.5569213542514497,0.7,3.5,0.0,success,11.882,249,LACM,ugv_parking,291,7,True,12.200000000000001
1.613433728924634,0.7,3.5,0.0,success,11.882,250,LACM,ugv_parking,292,7,True,12.200000000000001
1.2367141386887557,0.7,3.5,0.0,success,11.882,251,LACM,ugv_parking,293,7,True,12.200000000000001
1.2291169164197397,0.5333333333333333,2.6666666666666665,0.025,success,11.131,252,LACM,ugv_parking,294,9,True,11.8
1.4577027757143002,0.7,3.5,0.0,success,11.882,253,LACM,ugv_parking,295,7,True,12.200000000000001
1.3659658028675743,0.5333333333333333,2.6666666666666665,0.025,success,11.131,254,LACM,ugv_parking,296,9,True,11.8
1.5094631533752403,0.7,3.5,0.0,success,11.882,255,LACM,ugv_parking,297,7,True,12.200000000000001
1.2754252070280907,0.5333333333333333,2.6666666666666665,0.025,success,11.131,256,LACM,ugv_parking,298,9,True,11.8
1.433618917402346,0.7,3.5,0.0,success,11.882,257,LACM,ugv_parking,299,7,True,12.200000000000001
1.3769622573969627,0.7,3.5,0.0,success,11.882,258,LACM,ugv_parking,300,7,True,12.200000000000001
1.4792667971080888,0.7,3.5,0.0,success,11.882,259,LACM,ugv_parking,301,7,True,12.200000000000001
1.6016889376212924,0.7,3.5,0.0,success,11.882,260,LACM,ugv_parking,302,7,True,12.200000000000001
1.3187644880464147,0.5333333333333333,2.6666666666666665,0.025,success,11.131,261,LACM,ugv_parking,303,9,True,11.8
1.3767708115803206,0.5333333333333333,2.6666666666666665,0.025,success,11.131,262,LACM,ugv_parking,304,9,True,11.8
1.3681044630787105,0.5333333333333333,2.6666666666666665,0.025,success,11.131,263,LACM,ugv_parking,305,9,True,11.8
1.3818635425109191,0.7,3.5,0.0,success,11.882,264,LACM,ugv_parking,306,7,True,12.200000000000001
1.3753393747680773,0.7,3.5,0.0,success,11.882,265,LACM,ugv_parking,307,7,True,12.200000000000001
1.4025358357449111,0.5333333333333333,2.6666666666666665,0.025,success,11.131,266,LACM,ugv_parking,308,9,True,11.8
1.0696480836654085,0.5333333333333333,2.6666666666666665,0.025,success,11.131,267,LACM,ugv_parking,309,9,True,11.8
1.2960179022855915,0.7,3.5,0.0,success,11.882,268,LACM,ugv_parking,310,7,True,12.200000000000001
1.4310488968776716,0.7,3.5,0.0,success,11.882,269,LACM,ugv_parking,311,7,True,12.200000000000001
1.5228072390769465,0.7,3.5,0.0,success,11.882,270,LACM,ugv_parking,312,7,True,12.200000000000001
1.6135745997141115,0.7,3.5,0.0,success,11.882,271,LACM,ugv_parking,313,7,True,12.200000000000001
1.082809546117984,0.5333333333333333,2.6666666666666665,0.025,success,11.131,272,LACM,ugv_parking,314,9,True,11.8
1.3295487941130086,0.7,3.5,0.0,success,11.882,273,LACM,ugv_parking,315,7,True,12.200000000000001
1.2629582593395645,0.5333333333333333,2.6666666666666665,0.025,success,11.131,274,LACM,ugv_parking,316,9,True,11.8
1.4668058537610624,0.7,3.5,0.0,success,11.882,275,LACM,ugv_parking,317,7,True,12.200000000000001
1.2982179525730149,0.7,3.5,0.0,success,11.882,276,LACM,ugv_parking,318,7,True,12.200000000000001
1.5027678283879264,0.5333333333333333,2.6666666666666665,0.025,success,11.131,277,LACM,ugv_parking,319,9,True,11.8
1.429960038064567,0.7,3.5,0.0,success,11.882,278,LACM,ugv_parking,320,7,True,12.200000000000001
1.1604050301474347,0.7,3.5,0.0,success,11.882,279,LACM,ugv_parking,321,7,True,12.200000000000001
1.6750063612647768,0.7,3.5,0.0,success,11.882,280,LACM,ugv_parking,322,7,True,12.200000000000001
1.583443301934731,0.7,3.5,0.0,success,11.882,281,LACM,ugv_parking,323,7,True,12.200000000000001
1.5225996703705067,0.7,3.5,0.0,success,11.882,282,LACM,ugv_parking,324,7,True,12.200000000000001
1.2705660623829207,0.7,3.5,0.0,success,11.882,283,LACM,ugv_parking,325,7,True,12.200000000000001
1.324779850207132,0.5333333333333333,2.6666666666666665,0.025,success,11.131,284,LACM,ugv_parking,326,9,True,11.8
1.6804978954084415,0.7,3.5,0.0,success,11.882,285,LACM,ugv_parking,327,7,True,12.200000000000001
1.5581328893613595,0.7,3.5,0.0,success,11.882,286,LACM,ugv_parking,328,7,True,12.200000000000001
1.4555012255529656,0.7,3.5,0.0,success,11.882,287,LACM,ugv_parking,329,7,True,12.200000000000001
1.6273182869087726,0.7,3.5,0.0,success,11.882,288,LACM,ugv_parking,330,7,True,12.200000000000001
1.4627265262697025,0.7,3.5,0.0,success,11.882,289,LACM,ugv_parking,331,7,True,12.200000000000001
1.361848027916051,0.5333333333333333,2.6666666666666665,0.025,success,11.131,290,LACM,ugv_parking,332,9,True,11.8
1.3631880806880188,0.7,3.5,0.0,success,11.882,291,LACM,ugv_parking,333,7,True,12.200000000000001
1.5918163718065548,0.7,3.5,0.0,success,11.882,292,LACM,ugv_parking,334,7,True,12.200000000000001
1.3869794763277055,0.5333333333333333,2.6666666666666665,0.025,success,11.131,293,LACM,ugv_parking,335,9,True,11.8
1.445661527917913,0.5333333333333333,2.6666666666666665,0.025,success,11.131,294,LACM,ugv_parking,336,9,True,11.8
1.3736572240979585,0.5333333333333333,2.6666666666666665,0.025,success,11.131,295,LACM,ugv_parking,337,9,True,11.8
1.2363046925841905,0.5333333333333333,2.6666666666666665,0.025,success,11.131,296,LACM,ugv_parking,338,9,True,11.8
1.469480184282357,0.5333333333333333,2.6666666666666665,0.025,success,11.131,297,LACM,ugv_parking,339,9,True,11.8
1.1979605661724135,0.7,3.5,0.0,success,11.882,298,LACM,ugv_parking,340,7,True,12.200000000000001
1.4601419308198027,0.7,3.5,0.0,success,11.882,299,LACM,ugv_parking,341,7,True,12.200000000000001
1.2065412051560156,0.5333333333333333,2.6666666666666665,0.025,success,11.131,300,LACM,ugv_parking,342,9,True,11.8
1.499305801892034,0.5333333333333333,2.6666666666666665,0.025,success,11.131,301,LACM,ugv_parking,343,9,True,11.8
1.1914525469399087,0.7,3.5,0.0,success,11.882,302,LACM,ugv_parking,344,7,True,12.200000000000001
1.3105731202654176,0.7,3.5,0.0,success,11.882,303,LACM,ugv_parking,345,7,True,12.200000000000001
1.4671601388846531,0.7,3.5,0.0,success,11.882,304,LACM,ugv_parking,346,7,True,12.200000000000001
1.3279125849702846,0.7,3.5,0.0,success,11.882,305,LACM,ugv_parking,347,7,True,12.200000000000001
1.6561993187772994,0.7,3.5,0.0,success,11.882,306,LACM,ugv_parking,348,7,True,12.200000000000001
1.3351813071846812,0.7,3.5,0.0,success,11.882,307,LACM,ugv_parking,349,7,True,12.200000000000001
1.6769749329765364,0.7,3.5,0.0,success,11.882,308,LACM,ugv_parking,350,7,True,12.200000000000001
1.5734483657981282,0.7,3.5,0.0,success,11.882,309,LACM,ugv_parking,351,7,True,12.200000000000001
1.4126885385107564,0.7,3.5,0.0,success,11.882,310,LACM,ugv_parking,352,7,True,12.200000000000001
1.3200925031852448,0.5333333333333333,2.6666666666666665,0.025,success,11.131,311,LACM,ugv_parking,353,9,True,11.8
1.1058478527154942,0.5333333333333333,2.6666666666666665,0.025,success,11.131,312,LACM,ugv_parking,354,9,True,11.8
1.2967754193360097,0.5333333333333333,2.6666666666666665,0.025,success,11.131,313,LACM,ugv_parking,355,9,True,11.8
1.4485240218109983,0.7,3.5,0.0,success,11.882,314,LACM,ugv_parking,356,7,True,12.200000000000001
1.3153470659856443,0.5333333333333333,2.6666666666666665,0.025,success,11.131,315,LACM,ugv_parking,357,9,True,11.8
1.4017747795482913,0.7,3.5,0.0,success,11.882,316,LACM,ugv_parking,358,7,True,12.200000000000001
1.3150297181784227,0.5333333333333333,2.6666666666666665,0.025,success,11.131,317,LACM,ugv_parking,359,9,True,11.8
1.490540049890627,0.7,3.5,0.0,success,11.882,318,LACM,ugv_parking,360,7,True,12.200000000000001
1.4173001061808388,0.7,3.5,0.0,success,11.882,319,LACM,ugv_parking,361,7,True,12.200000000000001
1.516736571459012,0.7,3.5,0.0,success,11.882,320,LACM,ugv_parking,362,7,True,12.200000000000001
1.6427682256869658,0.7,3.5,0.0,success,11.882,321,LACM,ugv_parking,363,7,True,12.200000000000001
1.3504073336736062,0.7,3.5,0.0,success,11.882,322,LACM,ugv_parking,364,7,True,12.200000000000001
1.6402263104679649,0.7,3.5,0.0,success,11.882,323,LACM,ugv_parking,365,7,True,12.200000000000001
1.2433574644971024,0.5333333333333333,2.6666666666666665,0.025,success,11.131,324,LACM,ugv_parking,366,9,True,11.8
1.3901551586896819,0.5333333333333333,2.6666666666666665,0.025,success,11.131,325,LACM,ugv_parking,367,9,True,11.8
1.5835135743859063,0.7,3.5,0.0,success,11.882,326,LACM,ugv_parking,368,7,True,12.200000000000001
1.7050166313136255,0.7,3.5,0.0,success,11.882,327,LACM,ugv_parking,369,7,True,12.200000000000001
1.4599384503021617,0.5333333333333333,2.6666666666666665,0.025,success,11.131,328,LACM,ugv_parking,370,9,True,11.8
1.290049782424914,0.7,3.5,0.0,success,11.882,329,LACM,ugv_parking,371,7,True,12.200000000000001
1.4917167900316397,0.5333333333333333,2.6666666666666665,0.025,success,11.131,330,LACM,ugv_parking,372,9,True,11.8
1.4433686168203377,0.5333333333333333,2.6666666666666665,0.025,success,11.131,331,LACM,ugv_parking,373,9,True,11.8
1.4199568738372432,0.7,3.5,0.0,success,11.882,332,LACM,ugv_parking,374,7,True,12.200000000000001
1.2455038512627081,0.5333333333333333,2.6666666666666665,0.025,success,11.131,333,LACM,ugv_parking,375,9,True,11.8
1.5570001606238448,0.7,3.5,0.0,success,11.882,334,LACM,ugv_parking,376,7,True,12.200000000000001
1.3465476164502743,0.5333333333333333,2.6666666666666665,0.025,success,11.131,335,LACM,ugv_parking,377,9,True,11.8
1.3819380008167457,0.5333333333333333,2.6666666666666665,0.025,success,11.131,336,LACM,ugv_parking,378,9,True,11.8
1.3581254026015899,0.5333333333333333,2.6666666666666665,0.025,success,11.131,337,LACM,ugv_parking,379,9,True,11.8
1.5007370201190713,0.7,3.5,0.0,success,11.882,338,LACM,ugv_parking,380,7,True,12.200000000000001
1.5811688990816761,0.7,3.5,0.0,success,11.882,339,LACM,ugv_parking,381,7,True,12.200000000000001
1.112167744076176,0.5333333333333333,2.6666666666666665,0.025,success,11.131,340,LACM,ugv_parking,382,9,True,11.8
1.4189700045179412,0.7,3.5,0.0,success,11.882,341,LACM,ugv_parking,383,7,True,12.200000000000001
1.4112817254404264,0.7,3.5,0.0,success,11.882,342,LACM,ugv_parking,384,7,True,12.200000000000001
1.701472960597913,0.7,3.5,0.0,success,11.882,343,LACM,ugv_parking,385,7,True,12.200000000000001
1.5239731273073545,0.7,3.5,0.0,success,11.882,344,LACM,ugv_parking,386,7,True,12.200000000000001
1.1920751873465387,0.7,3.5,0.0,success,11.882,345,LACM,ugv_parking,387,7,True,12.200000000000001
1.468858975976054,0.7,3.5,0.0,success,11.882,346,LACM,ugv_parking,388,7,True,12.200000000000001
1.5226556162162685,0.7,3.5,0.0,success,11.882,347,LACM,ugv_parking,389,7,True,12.200000000000001
1.2624137983600536,0.7,3.5,0.0,success,11.882,348,LACM,ugv_parking,390,7,True,12.200000000000001
1.5806933637936709,0.7,3.5,0.0,success,11.882,349,LACM,ugv_parking,391,7,True,12.200000000000001
1.4275101255735354,0.7,3.5,0.0,success,11.882,350,LACM,ugv_parking,392,7,True,12.200000000000001
1.2170406467235795,0.7,3.5,0.0,success,11.882,351,LACM,ugv_parking,393,7,True,12.200000000000001
1.4901596653122424,0.7,3.5,0.0,success,11.882,352,LACM,ugv_parking,394,7,True,12.200000000000001
1.1566871740757483,0.7,3.5,0.0,success,11.882,353,LACM,ugv_parking,395,7,True,12.200000000000001
1.3365792180968505,0.5333333333333333,2.6666666666666665,0.025,success,11.131,354,LACM,ugv_parking,396,9,True,11.8
1.3457043613703077,0.5333333333333333,2.6666666666666665,0.025,success,11.131,355,LACM,ugv_parking,397,9,True,11.8
1.543279953723526,0.7,3.5,0.0,success,11.882,356,LACM,ugv_parking,398,7,True,12.200000000000001
1.203422753774113,0.5333333333333333,2.6666666666666665,0.025,success,11.131,357,LACM,ugv_parking,399,9,True,11.8
1.2245929549605175,0.7,3.5,0.0,success,11.882,358,LACM,ugv_parking,400,7,True,12.200000000000001
1.370148843299718,0.7,3.5,0.0,success,11.882,359,LACM,ugv_parking,401,7,True,12.200000000000001
1.3676890944942897,0.7,3.5,0.0,success,11.882,360,LACM,ugv_parking,402,7,True,12.200000000000001
1.3669357177030614,0.5333333333333333,2.6666666666666665,0.025,success,11.131,361,LACM,ugv_parking,403,9,True,11.8
1.1324099905092015,0.5333333333333333,2.6666666666666665,0.025,success,11.131,362,LACM,ugv_parking,404,9,True,11.8
1.4620707061998004,0.5333333333333333,2.6666666666666665,0.025,success,11.131,363,LACM,ugv_parking,405,9,True,11.8
1.3351822635897168,0.7,3.5,0.0,success,11.882,364,LACM,ugv_parking,406,7,True,12.200000000000001
1.3047565926705755,0.7,3.5,0.0,success,11.882,365,LACM,ugv_parking,407,7,True,12.200000000000001
1.4954949646587496,0.7,3.5,0.0,success,11.882,366,LACM,ugv_parking,408,7,True,12.200000000000001
1.5493171632163798,0.7,3.5,0.0,success,11.882,367,LACM,ugv_parking,409,7,True,12.200000000000001
1.2988698813984059,0.5333333333333333,2.6666666666666665,0.025,success,11.131,368,LACM,ugv_parking,410,9,True,11.8
1.3059497682604009,0.5333333333333333,2.6666666666666665,0.025,success,11.131,369,LACM,ugv_parking,411,9,True,11.8
1.3991839368746686,0.7,3.5,0.0,success,11.882,370,LACM,ugv_parking,412,7,True,12.200000000000001
1.5836271364038663,0.7,3.5,0.0,success,11.882,371,LACM,ugv_parking,413,7,True,12.200000000000001
1.3083646377139955,0.7,3.5,0.0,success,11.882,372,LACM,ugv_parking,414,7,True,12.200000000000001
1.4087468866571267,0.7,3.5,0.0,success,11.882,373,LACM,ugv_parking,415,7,True,12.200000000000001
1.104556349927043,0.7,3.5,0.0,success,11.882,374,LACM,ugv_parking,416,7,True,12.200000000000001
1.6929383111254115,0.7,3.5,0.0,success,11.882,375,LACM,ugv_parking,417,7,True,12.200000000000001
1.1742376585451004,0.7,3.5,0.0,success,11.882,376,LACM,ugv_parking,418,7,True,12.200000000000001
1.538757004766181,0.7,3.5,0.0,success,11.882,377,LACM,ugv_parking,419,7,True,12.200000000000001
1.2880850184764512,0.5333333333333333,2.6666666666666665,0.025,success,11.131,378,LACM,ugv_parking,420,9,True,11.8
1.5062978084928313,0.7,3.5,0.0,success,11.882,379,LACM,ugv_parking,421,7,True,12.200000000000001
1.156857745684,0.7,3.5,0.0,success,11.882,380,LACM,ugv_parking,422,7,True,12.200000000000001
1.3452850365680664,0.7,3.5,0.0,success,11.882,381,LACM,ugv_parking,423,7,True,12.200000000000001
1.545406803932421,0.7,3.5,0.0,success,11.882,382,LACM,ugv_parking,424,7,True,12.200000000000001
1.236345879541401,0.7,3.5,0.0,success,11.882,383,LACM,ugv_parking,425,7,True,12.200000000000001
1.3320489489065557,0.5333333333333333,2.6666666666666665,0.025,success,11.131,384,LACM,ugv_parking,426,9,True,11.8
1.4749710032592123,0.5333333333333333,2.6666666666666665,0.025,success,11.131,385,LACM,ugv_parking,427,9,True,11.8
1.1226207267621433,0.7,3.5,0.0,success,11.882,386,LACM,ugv_parking,428,7,True,12.200000000000001
1.286906116747956,0.7,3.5,0.0,success,11.882,387,LACM,ugv_parking,429,7,True,12.200000000000001
1.1638241728907883,0.7,3.5,0.0,success,11.882,388,LACM,ugv_parking,430,7,True,12.200000000000001
1.6979766080269159,0.7,3.5,0.0,success,11.882,389,LACM,ugv_parking,431,7,True,12.200000000000001
1.4990543190661587,0.7,3.5,0.0,success,11.882,390,LACM,ugv_parking,432,7,True,12.200000000000001
1.1963860596042635,0.5333333333333333,2.6666666666666665,0.025,success,11.131,391,LACM,ugv_parking,433,9,True,11.8
1.3528997160967382,0.7,3.5,0.0,success,11.882,392,LACM,ugv_parking,434,7,True,12.200000000000001
1.7397097945827638,0.7,3.5,0.0,success,11.882,393,LACM,ugv_parking,435,7,True,12.200000000000001
1.4643622782195964,0.7,3.5,0.0,success,11.882,394,LACM,ugv_parking,436,7,True,12.200000000000001
1.25185797256269,0.7,3.5,0.0,success,11.882,395,LACM,ugv_parking,437,7,True,12.200000000000001
1.4397625906170795,0.5333333333333333,2.6666666666666665,0.025,success,11.131,396,LACM,ugv_parking,438,9,True,11.8
1.2860807470625826,0.7,3.5,0.0,success,11.882,397,LACM,ugv_parking,439,7,True,12.200000000000001
1.135526924334557,0.5333333333333333,2.6666666666666665,0.025,success,11.131,398,LACM,ugv_parking,440,9,True,11.8
1.4467056693283578,0.5333333333333333,2.6666666666666665,0.025,success,11.131,399,LACM,ugv_parking,441,9,True,11.8
1.3246199619271015,0.7,3.5,0.0,success,11.882,400,LACM,ugv_parking,442,7,True,12.200000000000001
1.311165034069654,0.7,3.5,0.0,success,11.882,401,LACM,ugv_parking,443,7,True,12.200000000000001
1.1288528698591898,0.7,3.5,0.0,success,11.882,402,LACM,ugv_parking,444,7,True,12.200000000000001
1.3202819988231895,0.7,3.5,0.0,success,11.882,403,LACM,ugv_parking,445,7,True,12.200000000000001
1.6211378068270956,0.7,3.5,0.0,success,11.882,404,LACM,ugv_parking,446,7,True,12.200000000000001
1.3745325705269384,0.7,3.5,0.0,success,11.882,405,LACM,ugv_parking,447,7,True,12.200000000000001
1.159341389526126,0.7,3.5,0.0,success,11.882,406,LACM,ugv_parking,448,7,True,12.200000000000001
1.2048218887028936,0.5333333333333333,2.6666666666666665,0.025,success,11.131,407,LACM,ugv_parking,449,9,True,11.8
1.501769119482122,0.5333333333333333,2.6666666666666665,0.025,success,11.131,408,LACM,ugv_parking,450,9,True,11.8
1.2409367709022012,0.5333333333333333,2.6666666666666665,0.025,success,11.131,409,LACM,ugv_parking,451,9,True,11.8
1.3990724415819389,0.7,3.5,0.0,success,11.882,410,LACM,ugv_parking,452,7,True,12.200000000000001
1.383302698276301,0.5333333333333333,2.6666666666666665,0.025,success,11.131,411,LACM,ugv_parking,453,9,True,11.8
1.420158690585899,0.7,3.5,0.0,success,11.882,412,LACM,ugv_parking,454,7,True,12.200000000000001
1.6528783645767176,0.7,3.5,0.0,success,11.882,413,LACM,ugv_parking,455,7,True,12.200000000000001
1.685915937768272,0.7,3.5,0.0,success,11.882,414,LACM,ugv_parking,456,7,True,12.200000000000001
1.6993292645366205,0.7,3.5,0.0,success,11.882,415,LACM,ugv_parking,457,7,True,12.200000000000001
1.1781393888287794,0.5333333333333333,2.6666666666666665,0.025,success,11.131,416,LACM,ugv_parking,458,9,True,11.8
1.6911528124019837,0.7,3.5,0.0,success,11.882,417,LACM,ugv_parking,459,7,True,12.200000000000001
1.4218859946860969,0.7,3.5,0.0,success,11.882,418,LACM,ugv_parking,460,7,True,12.200000000000001
1.59201560729608,0.7,3.5,0.0,success,11.882,419,LACM,ugv_parking,461,7,True,12.200000000000001
1.2668159027156145,0.7,3.5,0.0,success,11.882,420,LACM,ugv_parking,462,7,True,12.200000000000001
1.420636197131594,0.5333333333333333,2.6666666666666665,0.025,success,11.131,421,LACM,ugv_parking,463,9,True,11.8
1.327889376944952,0.7,3.5,0.0,success,11.882,422,LACM,ugv_parking,464,7,True,12.200000000000001
1.332310652082448,0.5333333333333333,2.6666666666666665,0.025,success,11.131,423,LACM,ugv_parking,465,9,True,11.8
1.4087348858869455,0.7,3.5,0.0,success,11.882,424,LACM,ugv_parking,466,7,True,12.200000000000001
1.2622726456821298,0.7,3.5,0.0,success,11.882,425,LACM,ugv_parking,467,7,True,12.200000000000001
1.5505787678459853,0.7,3.5,0.0,success,11.882,426,LACM,ugv_parking,468,7,True,12.200000000000001
1.2256593986133213,0.7,3.5,0.0,success,11.882,427,LACM,ugv_parking,469,7,True,12.200000000000001
1.1385144659355848,0.5333333333333333,2.6666666666666665,0.025,success,11.131,428,LACM,ugv_parking,470,9,True,11.8
1.7679938572835534,0.7,3.5,0.0,success,11.882,429,LACM,ugv_parking,471,7,True,12.200000000000001
1.7319624255599944,0.7,3.5,0.0,success,11.882,430,LACM,ugv_parking,472,7,True,12.200000000000001
1.1560630004098067,0.7,3.5,0.0,success,11.882,431,LACM,ugv_parking,473,7,True,12.200000000000001
1.2971726182452428,0.5333333333333333,2.6666666666666665,0.025,success,11.131,432,LACM,ugv_parking,474,9,True,11.8
1.415625926810451,0.7,3.5,0.0,success,11.882,433,LACM,ugv_parking,475,7,True,12.200000000000001
1.4361004798453445,0.7,3.5,0.0,success,11.882,434,LACM,ugv_parking,476,7,True,12.200000000000001
1.605897526348449,0.7,3.5,0.0,success,11.882,435,LACM,ugv_parking,477,7,True,12.200000000000001
1.7203590317895183,0.7,3.5,0.0,success,11.882,436,LACM,ugv_parking,478,7,True,12.200000000000001
1.7174943423429825,0.7,3.5,0.0,success,11.882,437,LACM,ugv_parking,479,7,True,12.200000000000001
1.4967647649437499,0.7,3.5,0.0,success,11.882,438,LACM,ugv_parking,480,7,True,12.200000000000001
1.4604988890441288,0.7,3.5,0.0,success,11.882,439,LACM,ugv_parking,481,7,True,12.200000000000001
1.3286743565717425,0.7,3.5,0.0,success,11.882,440,LACM,ugv_parking,482,7,True,12.200000000000001
1.5350903816639883,0.7,3.5,0.0,success,11.882,441,LACM,ugv_parking,483,7,True,12.200000000000001
1.406049518232318,0.7,3.5,0.0,success,11.882,442,LACM,ugv_parking,484,7,True,12.200000000000001
1.368881104723646,0.5333333333333333,2.6666666666666665,0.025,success,11.131,443,LACM,ugv_parking,485,9,True,11.8
1.2243731372494802,0.5333333333333333,2.6666666666666665,0.025,success,11.131,444,LACM,ugv_parking,486,9,True,11.8
1.664242103045623,0.7,3.5,0.0,success,11.882,445,LACM,ugv_parking,487,7,True,12.200000000000001
1.4576810371169204,0.5333333333333333,2.6666666666666665,0.025,success,11.131,446,LACM,ugv_parking,488,9,True,11.8
1.447436754526074,0.7,3.5,0.0,success,11.882,447,LACM,ugv_parking,489,7,True,12.200000000000001
1.5499477514013615,0.7,3.5,0.0,success,11.882,448,LACM,ugv_parking,490,7,True,12.200000000000001
1.3563300677318353,0.7,3.5,0.0,success,11.882,449,LACM,ugv_parking,491,7,True,12.200000000000001
1.6366541198506368,0.7,3.5,0.0,success,11.882,450,LACM,ugv_parking,492,7,True,12.200000000000001
1.6320612496043898,0.7,3.5,0.0,success,11.882,451,LACM,ugv_parking,493,7,True,12.200000000000001
1.526219258997608,0.7,3.5,0.0,success,11.882,452,LACM,ugv_parking,494,7,True,12.200000000000001
1.349083855955844,0.7,3.5,0.0,success,11.882,453,LACM,ugv_parking,495,7,True,12.200000000000001
1.4725887815334062,0.7,3.5,0.0,success,11.882,454,LACM,ugv_parking,496,7,True,12.200000000000001
1.4878416994987242,0.7,3.5,0.0,success,11.882,455,LACM,ugv_parking,497,7,True,12.200000000000001
1.4371935195380816,0.7,3.5,0.0,success,11.882,456,LACM,ugv_parking,498,7,True,12.200000000000001
1.3637118366002252,0.5333333333333333,2.6666666666666665,0.025,success,11.131,457,LACM,ugv_parking,499,9,True,11.8
1.6987220525393565,0.7,3.5,0.0,success,11.882,458,LACM,ugv_parking,500,7,True,12.200000000000001
1.5072593856944616,0.7,3.5,0.0,success,11.882,459,LACM,ugv_parking,501,7,True,12.200000000000001
1.2695925682594396,0.7,3.5,0.0,success,11.882,460,LACM,ugv_parking,502,7,True,12.200000000000001
1.191213063899294,0.5333333333333333,2.6666666666666665,0.025,success,11.131,461,LACM,ugv_parking,503,9,True,11.8
1.4135136997410465,0.7,3.5,0.0,success,11.882,462,LACM,ugv_parking,504,7,True,12.200000000000001
1.3398448683704867,0.5333333333333333,2.6666666666666665,0.025,success,11.131,463,LACM,ugv_parking,505,9,True,11.8
1.4991065891146678,0.7,3.5,0.0,success,11.882,464,LACM,ugv_parking,506,7,True,12.200000000000001
1.4399117125668373,0.7,3.5,0.0,success,11.882,465,LACM,ugv_parking,507,7,True,12.200000000000001
1.4821850395378364,0.7,3.5,0.0,success,11.882,466,LACM,ugv_parking,508,7,True,12.200000000000001
1.6484218185675357,0.7,3.5,0.0,success,11.882,467,LACM,ugv_parking,509,7,True,12.200000000000001
1.4944160255548524,0.7,3.5,0.0,success,11.882,468,LACM,ugv_parking,510,7,True,12.200000000000001
1.1263577860214002,0.5333333333333333,2.6666666666666665,0.025,success,11.131,469,LACM,ugv_parking,511,9,True,11.8
1.2103234288021352,0.5333333333333333,2.6666666666666665,0.025,success,11.131,470,LACM,ugv_parking,512,9,True,11.8
1.2042778181502232,0.5333333333333333,2.6666666666666665,0.025,success,11.131,471,LACM,ugv_parking,513,9,True,11.8
1.3961006902567277,0.7,3.5,0.0,success,11.882,472,LACM,ugv_parking,514,7,True,12.200000000000001
1.5437630826035864,0.5333333333333333,2.6666666666666665,0.025,success,11.131,473,LACM,ugv_parking,515,9,True,11.8
1.6659387766433928,0.7,3.5,0.0,success,11.882,474,LACM,ugv_parking,516,7,True,12.200000000000001
1.7089438383394149,0.7,3.5,0.0,success,11.882,475,LACM,ugv_parking,517,7,True,12.200000000000001
1.7056071977823577,0.7,3.5,0.0,success,11.882,476,LACM,ugv_parking,518,7,True,12.200000000000001
1.2526982051887132,0.7,3.5,0.0,success,11.882,477,LACM,ugv_parking,519,7,True,12.200000000000001
1.4171131460228392,0.7,3.5,0.0,success,11.882,478,LACM,ugv_parking,520,7,True,12.200000000000001
1.3225418462728509,0.5333333333333333,2.6666666666666665,0.025,success,11.131,479,LACM,ugv_parking,521,9,True,11.8
1.3516109863726589,0.5333333333333333,2.6666666666666665,0.025,success,11.131,480,LACM,ugv_parking,522,9,True,11.8
1.663310240567985,0.7,3.5,0.0,success,11.882,481,LACM,ugv_parking,523,7,True,12.200000000000001
1.1350034078640323,0.5333333333333333,2.6666666666666665,0.025,success,11.131,482,LACM,ugv_parking,524,9,True,11.8
1.720278989261348,0.7,3.5,0.0,success,11.882,483,LACM,ugv_parking,525,7,True,12.200000000000001
1.4847268472270176,0.7,3.5,0.0,success,11.882,484,LACM,ugv_parking,526,7,True,12.200000000000001
1.7631626886871319,0.7,3.5,0.0,success,11.882,485,LACM,ugv_parking,527,7,True,12.200000000000001
1.64024518687641,0.7,3.5,0.0,success,11.882,486,LACM,ugv_parking,528,7,True,12.200000000000001
1.3209387918549136,0.7,3.5,0.0,success,11.882,487,LACM,ugv_parking,529,7,True,12.200000000000001
1.3937542559958342,0.7,3.5,0.0,success,11.882,488,LACM,ugv_parking,530,7,True,12.200000000000001
1.633951615857601,0.7,3.5,0.0,success,11.882,489,LACM,ugv_parking,531,7,True,12.200000000000001
1.245730339895755,0.5333333333333333,2.6666666666666665,0.025,success,11.131,490,LACM,ugv_parking,532,9,True,11.8
1.427363215510181,0.7,3.5,0.0,success,11.882,491,LACM,ugv_parking,533,7,True,12.200000000000001
1.3894708963878397,0.7,3.5,0.0,success,11.882,492,LACM,ugv_parking,534,7,True,12.200000000000001
1.3337576532123065,0.5333333333333333,2.6666666666666665,0.025,success,11.131,493,LACM,ugv_parking,535,9,True,11.8
1.5496523133629578,0.7,3.5,0.0,success,11.882,494,LACM,ugv_parking,536,7,True,12.200000000000001
1.687619402092631,0.7,3.5,0.0,success,11.882,495,LACM,ugv_parking,537,7,True,12.200000000000001
1.1275660457850316,0.7,3.5,0.0,success,11.882,496,LACM,ugv_parking,538,7,True,12.200000000000001
1.4189385376804247,0.7,3.5,0.0,success,11.882,497,LACM,ugv_parking,539,7,True,12.200000000000001
1.5126909375001758,0.7,3.5,0.0,success,11.882,498,LACM,ugv_parking,540,7,True,12.200000000000001
1.3307543289091184,0.7,3.5,0.0,success,11.882,499,LACM,ugv_parking,541,7,True,12.200000000000001
1.2570751891539034,0.7,3.5,0.0,success,11.882,500,LACM,ugv_parking,542,7,True,12.200000000000001
1.729176424607521,0.7,3.5,0.0,success,11.882,501,LACM,ugv_parking,543,7,True,12.200000000000001
1.378015979702162,0.7,3.5,0.0,success,11.882,502,LACM,ugv_parking,544,7,True,12.200000000000001
1.531430590189865,0.5333333333333333,2.6666666666666665,0.025,success,11.131,503,LACM,ugv_parking,545,9,True,11.8
1.3479123308598633,0.5333333333333333,2.6666666666666665,0.025,success,11.131,504,LACM,ugv_parking,546,9,True,11.8
1.283489905047608,0.5333333333333333,2.6666666666666665,0.025,success,11.131,505,LACM,ugv_parking,547,9,True,11.8
1.701392212712997,0.7,3.5,0.0,success,11.882,506,LACM,ugv_parking,548,7,True,12.200000000000001
1.4513520929745498,0.7,3.5,0.0,success,11.882,507,LACM,ugv_parking,549,7,True,12.200000000000001
1.5244571705988734,0.7,3.5,0.0,success,11.882,508,LACM,ugv_parking,550,7,True,12.200000000000001
1.4733965203398167,0.7,3.5,0.0,success,11.882,509,LACM,ugv_parking,551,7,True,12.200000000000001
1.1590963128870189,0.5333333333333333,2.6666666666666665,0.025,success,11.131,510,LACM,ugv_parking,552,9,True,11.8
1.370612892988414,0.7,3.5,0.0,success,11.882,511,LACM,ugv_parking,553,7,True,12.200000000000001
1.2751191204957746,0.7,3.5,0.0,success,11.882,512,LACM,ugv_parking,554,7,True,12.200000000000001
1.2441663128365443,0.5333333333333333,2.6666666666666665,0.025,success,11.131,513,LACM,ugv_parking,555,9,True,11.8
1.3507332756262764,0.7,3.5,0.0,success,11.882,514,LACM,ugv_parking,556,7,True,12.200000000000001
1.1824578465317617,0.5333333333333333,2.6666666666666665,0.025,success,11.131,515,LACM,ugv_parking,557,9,True,11.8
1.7346331585981298,0.7,3.5,0.0,success,11.882,516,LACM,ugv_parking,558,7,True,12.200000000000001
1.457876525297377,0.5333333333333333,2.6666666666666665,0.025,success,11.131,517,LACM,ugv_parking,559,9,True,11.8
1.322014800056345,0.7,3.5,0.0,success,11.882,518,LACM,ugv_parking,560,7,True,12.200000000000001
1.3156510076175025,0.7,3.5,0.0,success,11.882,519,LACM,ugv_parking,561,7,True,12.200000000000001
1.5758702344851112,0.7,3.5,0.0,success,11.882,520,LACM,ugv_parking,562,7,True,12.200000000000001
1.5565855012625016,0.7,3.5,0.0,success,11.882,521,LACM,ugv_parking,563,7,True,12.200000000000001
1.4493102758902687,0.7,3.5,0.0,success,11.882,522,LACM,ugv_parking,564,7,True,12.200000000000001
1.6972615343647641,0.7,3.5,0.0,success,11.882,523,LACM,ugv_parking,565,7,True,12.200000000000001
1.5129153981869679,0.7,3.5,0.0,success,11.882,524,LACM,ugv_parking,566,7,True,12.200000000000001
1.3949420218058595,0.5333333333333333,2.6666666666666665,0.025,success,11.131,525,LACM,ugv_parking,567,9,True,11.8
1.390072753673489,0.5333333333333333,2.6666666666666665,0.025,success,11.131,526,LACM,ugv_parking,568,9,True,11.8
1.6169092875722513,0.7,3.5,0.0,success,11.882,527,LACM,ugv_parking,569,7,True,12.200000000000001
1.0375038435846469,0.5333333333333333,2.6666666666666665,0.025,success,11.131,528,LACM,ugv_parking,570,9,True,11.8
1.4366253240132518,0.5333333333333333,2.6666666666666665,0.025,success,11.131,529,LACM,ugv_parking,571,9,True,11.8
1.5368950043030385,0.7,3.5,0.0,success,11.882,530,LACM,ugv_parking,572,7,True,12.200000000000001
1.5388408557741973,0.7,3.5,0.0,success,11.882,531,LACM,ugv_parking,573,7,True,12.200000000000001
1.3438962774190437,0.7,3.5,0.0,success,11.882,532,LACM,ugv_parking,574,7,True,12.200000000000001
1.487176738435457,0.7,3.5,0.0,success,11.882,533,LACM,ugv_parking,575,7,True,12.200000000000001
1.5407778996630748,0.7,3.5,0.0,success,11.882,534,LACM,ugv_parking,576,7,True,12.200000000000001
1.4373356086905784,0.7,3.5,0.0,success,11.882,535,LACM,ugv_parking,577,7,True,12.200000000000001
1.370811882498437,0.7,3.5,0.0,success,11.882,536,LACM,ugv_parking,578,7,True,12.200000000000001
1.286685668722741,0.7,3.5,0.0,success,11.882,537,LACM,ugv_parking,579,7,True,12.200000000000001
1.3272749736024485,0.7,3.5,0.0,success,11.882,538,LACM,ugv_parking,580,7,True,12.200000000000001
1.357445971054847,0.7,3.5,0.0,success,11.882,539,LACM,ugv_parking,581,7,True,12.200000000000001
1.5430405896092179,0.5333333333333333,2.6666666666666665,0.025,success,11.131,540,LACM,ugv_parking,582,9,True,11.8
1.2609821832174175,0.7,3.5,0.0,success,11.882,541,LACM,ugv_parking,583,7,True,12.200000000000001
1.3388412858528804,0.7,3.5,0.0,success,11.882,542,LACM,ugv_parking,584,7,True,12.200000000000001
1.2589125621699944,0.5333333333333333,2.6666666666666665,0.025,success,11.131,543,LACM,ugv_parking,585,9,True,11.8
1.3419041187569918,0.7,3.5,0.0,success,11.882,544,LACM,ugv_parking,586,7,True,12.200000000000001
1.672635115637744,0.7,3.5,0.0,success,11.882,545,LACM,ugv_parking,587,7,True,12.200000000000001
1.6555201790653442,0.7,3.5,0.0,success,11.882,546,LACM,ugv_parking,588,7,True,12.200000000000001
1.2810079227028046,0.5333333333333333,2.6666666666666665,0.025,success,11.131,547,LACM,ugv_parking,589,9,True,11.8
1.1498773533557394,0.5333333333333333,2.6666666666666665,0.025,success,11.131,548,LACM,ugv_parking,590,9,True,11.8
1.4220789596164245,0.7,3.5,0.0,success,11.882,549,LACM,ugv_parking,591,7,True,12.200000000000001
1.3144195299241856,0.5333333333333333,2.6666666666666665,0.025,success,11.131,550,LACM,ugv_parking,592,9,True,11.8
1.5160385807154202,0.7,3.5,0.0,success,11.882,551,LACM,ugv_parking,593,7,True,12.200000000000001
1.2672833430507031,0.5333333333333333,2.6666666666666665,0.025,success,11.131,552,LACM,ugv_parking,594,9,True,11.8
1.5398436791464474,0.7,3.5,0.0,success,11.882,553,LACM,ugv_parking,595,7,True,12.200000000000001
1.5327859888281647,0.7,3.5,0.0,success,11.882,554,LACM,ugv_parking,596,7,True,12.200000000000001
1.1821766996729959,0.5333333333333333,2.6666666666666665,0.025,success,11.131,555,LACM,ugv_parking,597,9,True,11.8
1.3803607121011174,0.7,3.5,0.0,success,11.882,556,LACM,ugv_parking,598,7,True,12.200000000000001
1.4197791581066124,0.7,3.5,0.0,success,11.882,557,LACM,ugv_parking,599,7,True,12.200000000000001
1.51382689445298,0.7,3.5,0.0,success,11.882,558,LACM,ugv_parking,600,7,True,12.200000000000001
1.398459417160174,0.5333333333333333,2.6666666666666665,0.025,success,11.131,559,LACM,ugv_parking,601,9,True,11.8
1.2944175890530398,0.7,3.5,0.0,success,11.882,560,LACM,ugv_parking,602,7,True,12.200000000000001
1.314471008149939,0.5333333333333333,2.6666666666666665,0.025,success,11.131,561,LACM,ugv_parking,603,9,True,11.8
1.4653885752785822,0.5333333333333333,2.6666666666666665,0.025,success,11.131,562,LACM,ugv_parking,604,9,True,11.8
1.3150071707381334,0.5333333333333333,2.6666666666666665,0.025,success,11.131,563,LACM,ugv_parking,605,9,True,11.8
1.316624427563158,0.7,3.5,0.0,success,11.882,564,LACM,ugv_parking,606,7,True,12.200000000000001
1.670414241654369,0.7,3.5,0.0,success,11.882,565,LACM,ugv_parking,607,7,True,12.200000000000001
1.459394979206768,0.5333333333333333,2.6666666666666665,0.025,success,11.131,566,LACM,ugv_parking,608,9,True,11.8
1.3756923812800004,0.7,3.5,0.0,success,11.882,567,LACM,ugv_parking,609,7,True,12.200000000000001
1.3007934193733284,0.7,3.5,0.0,success,11.882,568,LACM,ugv_parking,610,7,True,12.200000000000001
1.6042344371716615,0.7,3.5,0.0,success,11.882,569,LACM,ugv_parking,611,7,True,12.200000000000001
1.4202027561095079,0.7,3.5,0.0,success,11.882,570,LACM,ugv_parking,612,7,True,12.200000000000001
1.4261657394478409,0.7,3.5,0.0,success,11.882,571,LACM,ugv_parking,613,7,True,12.200000000000001
1.3425070104456327,0.7,3.5,0.0,success,11.882,572,LACM,ugv_parking,614,7,True,12.200000000000001
1.257145502590357,0.5333333333333333,2.6666666666666665,0.025,success,11.131,573,LACM,ugv_parking,615,9,True,11.8
1.3443713322282258,0.5333333333333333,2.6666666666666665,0.025,success,11.131,574,LACM,ugv_parking,616,9,True,11.8
1.4588734130457541,0.7,3.5,0.0,success,11.882,575,LACM,ugv_parking,617,7,True,12.200000000000001
1.5403249587219157,0.7,3.5,0.0,success,11.882,576,LACM,ugv_parking,618,7,True,12.200000000000001
1.2061185379443002,0.7,3.5,0.0,success,11.882,577,LACM,ugv_parking,619,7,True,12.200000000000001
1.357086250169429,0.5333333333333333,2.6666666666666665,0.025,success,11.131,578,LACM,ugv_parking,620,9,True,11.8
1.3752042535980435,0.7,3.5,0.0,success,11.882,579,LACM,ugv_parking,621,7,True,12.200000000000001
1.5105768645592534,0.7,3.5,0.0,success,11.882,580,LACM,ugv_parking,622,7,True,12.200000000000001
1.0742550949544167,0.5333333333333333,2.6666666666666665,0.025,success,11.131,581,LACM,ugv_parking,623,9,True,11.8
1.1160198577995388,0.5333333333333333,2.6666666666666665,0.025,success,11.131,582,LACM,ugv_parking,624,9,True,11.8
1.5007993847354106,0.7,3.5,0.0,success,11.882,583,LACM,ugv_parking,625,7,True,12.200000000000001
1.1949075818036448,0.7,3.5,0.0,success,11.882,584,LACM,ugv_parking,626,7,True,12.200000000000001
1.6643903518878387,0.7,3.5,0.0,success,11.882,585,LACM,ugv_parking,627,7,True,12.200000000000001
1.3884796528434737,0.7,3.5,0.0,success,11.882,586,LACM,ugv_parking,628,7,True,12.200000000000001
1.3917770956806284,0.5333333333333333,2.6666666666666665,0.025,success,11.131,587,LACM,ugv_parking,629,9,True,11.8
1.459553990899943,0.7,3.5,0.0,success,11.882,588,LACM,ugv_parking,630,7,True,12.200000000000001
1.4525291893784145,0.7,3.5,0.0,success,11.882,589,LACM,ugv_parking,631,7,True,12.200000000000001
1.5255865388048917,0.7,3.5,0.0,success,11.882,590,LACM,ugv_parking,632,7,True,12.200000000000001
1.4993210004653783,0.5333333333333333,2.6666666666666665,0.025,success,11.131,591,LACM,ugv_parking,633,9,True,11.8
1.2110446165988618,0.5333333333333333,2.6666666666666665,0.025,success,11.131,592,LACM,ugv_parking,634,9,True,11.8
1.4494956496549352,0.7,3.5,0.0,success,11.882,593,LACM,ugv_parking,635,7,True,12.200000000000001
1.291808461955193,0.5333333333333333,2.6666666666666665,0.025,success,11.131,594,LACM,ugv_parking,636,9,True,11.8
1.3030084224659935,0.7,3.5,0.0,success,11.882,595,LACM,ugv_parking,637,7,True,12.200000000000001
1.4416775881018298,0.7,3.5,0.0,success,11.882,596,LACM,ugv_parking,638,7,True,12.200000000000001
1.528880285611144,0.7,3.5,0.0,success,11.882,597,LACM,ugv_parking,639,7,True,12.200000000000001
1.1417262041715737,0.5333333333333333,2.6666666666666665,0.025,success,11.131,598,LACM,ugv_parking,640,9,True,11.8
1.1579583481828108,0.7,3.5,0.0,success,11.882,599,LACM,ugv_parking,641,7,True,12.200000000000001
1.3650126988641622,0.7,3.5,0.0,success,11.882,600,LACM,ugv_parking,642,7,True,12.200000000000001
1.3753392925601227,0.7,3.5,0.0,success,11.882,601,LACM,ugv_parking,643,7,True,12.200000000000001
1.366740462802192,0.7,3.5,0.0,success,11.882,602,LACM,ugv_parking,644,7,True,12.200000000000001
1.30035513271597,0.5333333333333333,2.6666666666666665,0.025,success,11.131,603,LACM,ugv_parking,645,9,True,11.8
1.4638386479207401,0.7,3.5,0.0,success,11.882,604,LACM,ugv_parking,646,7,True,12.200000000000001
1.7613670980897325,0.7,3.5,0.0,success,11.882,605,LACM,ugv_parking,647,7,True,12.200000000000001
1.4850083485119039,0.7,3.5,0.0,success,11.882,606,LACM,ugv_parking,648,7,True,12.200000000000001
1.23382615846768,0.7,3.5,0.0,success,11.882,607,LACM,ugv_parking,649,7,True,12.200000000000001
1.3990144933246675,0.7,3.5,0.0,success,11.882,608,LACM,ugv_parking,650,7,True,12.200000000000001
1.3561175465441373,0.5333333333333333,2.6666666666666665,0.025,success,11.131,609,LACM,ugv_parking,651,9,True,11.8
1.3342803653916817,0.5333333333333333,2.6666666666666665,0.025,success,11.131,610,LACM,ugv_parking,652,9,True,11.8
1.4932701256100231,0.7,3.5,0.0,success,11.882,611,LACM,ugv_parking,653,7,True,12.200000000000001
1.4175144141666451,0.7,3.5,0.0,success,11.882,612,LACM,ugv_parking,654,7,True,12.200000000000001
1.4033922205054565,0.7,3.5,0.0,success,11.882,613,LACM,ugv_parking,655,7,True,12.200000000000001
1.5405489449453964,0.7,3.5,0.0,success,11.882,614,LACM,ugv_parking,656,7,True,12.200000000000001
1.5536722170342459,0.7,3.5,0.0,success,11.882,615,LACM,ugv_parking,657,7,True,12.200000000000001
1.196072481794037,0.5333333333333333,2.6666666666666665,0.025,success,11.131,616,LACM,ugv_parking,658,9,True,11.8
1.5964078479166637,0.7,3.5,0.0,success,11.882,617,LACM,ugv_parking,659,7,True,12.200000000000001
1.2763155831500883,0.5333333333333333,2.6666666666666665,0.025,success,11.131,618,LACM,ugv_parking,660,9,True,11.8
1.7183535414654496,0.7,3.5,0.0,success,11.882,619,LACM,ugv_parking,661,7,True,12.200000000000001
1.2646774749580854,0.7,3.5,0.0,success,11.882,620,LACM,ugv_parking,662,7,True,12.200000000000001
1.6012497240656982,0.7,3.5,0.0,success,11.882,621,LACM,ugv_parking,663,7,True,12.200000000000001
1.677395744680585,0.7,3.5,0.0,success,11.882,622,LACM,ugv_parking,664,7,True,12.200000000000001
1.2992203328726437,0.7,3.5,0.0,success,11.882,623,LACM,ugv_parking,665,7,True,12.200000000000001
1.543777121182893,0.7,3.5,0.0,success,11.882,624,LACM,ugv_parking,666,7,True,12.200000000000001
1.2543999643638324,0.5333333333333333,2.6666666666666665,0.025,success,11.131,625,LACM,ugv_parking,667,9,True,11.8
1.1921847091531783,0.7,3.5,0.0,success,11.882,626,LACM,ugv_parking,668,7,True,12.200000000000001
1.3288692954079075,0.7,3.5,0.0,success,11.882,627,LACM,ugv_parking,669,7,True,12.200000000000001
1.5209359870699468,0.7,3.5,0.0,success,11.882,628,LACM,ugv_parking,670,7,True,12.200000000000001
1.3752797765134623,0.7,3.5,0.0,success,11.882,629,LACM,ugv_parking,671,7,True,12.200000000000001
1.1081651023278758,0.5333333333333333,2.6666666666666665,0.025,success,11.131,630,LACM,ugv_parking,672,9,True,11.8
1.3906530700346642,0.7,3.5,0.0,success,11.882,631,LACM,ugv_parking,673,7,True,12.200000000000001
1.1949826719757923,0.7,3.5,0.0,success,11.882,632,LACM,ugv_parking,674,7,True,12.200000000000001
1.3485695822257269,0.5333333333333333,2.6666666666666665,0.025,success,11.131,633,LACM,ugv_parking,675,9,True,11.8
1.3964440344930933,0.5333333333333333,2.6666666666666665,0.025,success,11.131,634,LACM,ugv_parking,676,9,True,11.8
1.5092056606180984,0.7,3.5,0.0,success,11.882,635,LACM,ugv_parking,677,7,True,12.200000000000001
1.2019041333752736,0.5333333333333333,2.6666666666666665,0.025,success,11.131,636,LACM,ugv_parking,678,9,True,11.8
1.6092118984014374,0.7,3.5,0.0,success,11.882,637,LACM,ugv_parking,679,7,True,12.200000000000001
1.585487973922741,0.7,3.5,0.0,success,11.882,638,LACM,ugv_parking,680,7,True,12.200000000000001
1.2917053693907383,0.7,3.5,0.0,success,11.882,639,LACM,ugv_parking,681,7,True,12.200000000000001
1.291589280410129,0.7,3.5,0.0,success,11.882,640,LACM,ugv_parking,682,7,True,12.200000000000001
1.509934215766435,0.7,3.5,0.0,success,11.882,641,LACM,ugv_parking,683,7,True,12.200000000000001
1.3969709101174201,0.7,3.5,0.0,success,11.882,642,LACM,ugv_parking,684,7,True,12.200000000000001
1.4891691800774,0.7,3.5,0.0,success,11.882,643,LACM,ugv_parking,685,7,True,12.200000000000001
1.6043138844302827,0.7,3.5,0.0,success,11.882,644,LACM,ugv_parking,686,7,True,12.200000000000001
1.2175029420205044,0.7,3.5,0.0,success,11.882,645,LACM,ugv_parking,687,7,True,12.200000000000001
1.6938344348532002,0.7,3.5,0.0,success,11.882,646,LACM,ugv_parking,688,7,True,12.200000000000001
1.5889826670070186,0.7,3.5,0.0,success,11.882,647,LACM,ugv_parking,689,7,True,12.200000000000001
1.3160100808596153,0.7,3.5,0.0,success,11.882,648,LACM,ugv_parking,690,7,True,12.200000000000001
1.327490503352072,0.7,3.5,0.0,success,11.882,649,LACM,ugv_parking,691,7,True,12.200000000000001
1.6079482375401386,0.7,3.5,0.0,success,11.882,650,LACM,ugv_parking,692,7,True,12.200000000000001
1.4255262669925932,0.7,3.5,0.0,success,11.882,651,LACM,ugv_parking,693,7,True,12.200000000000001
1.6238804660712804,0.7,3.5,0.0,success,11.882,652,LACM,ugv_parking,694,7,True,12.200000000000001
1.4240222818974577,0.7,3.5,0.0,success,11.882,653,LACM,ugv_parking,695,7,True,12.200000000000001
1.2274099514142671,0.5333333333333333,2.6666666666666665,0.025,success,11.131,654,LACM,ugv_parking,696,9,True,11.8
1.2574869131989883,0.5333333333333333,2.6666666666666665,0.025,success,11.131,655,LACM,ugv_parking,697,9,True,11.8
1.7218156282575174,0.7,3.5,0.0,success,11.882,656,LACM,ugv_parking,698,7,True,12.200000000000001
1.5113939464810002,0.7,3.5,0.0,success,11.882,657,LACM,ugv_parking,699,7,True,12.200000000000001
1.2821003825778308,0.5333333333333333,2.6666666666666665,0.025,success,11.131,658,LACM,ugv_parking,700,9,True,11.8
1.4985993277514567,0.7,3.5,0.0,success,11.882,659,LACM,ugv_parking,701,7,True,12.200000000000001
1.6233337487691588,0.7,3.5,0.0,success,11.882,660,LACM,ugv_parking,702,7,True,12.200000000000001
1.3137228080582124,0.5333333333333333,2.6666666666666665,0.025,success,11.131,661,LACM,ugv_parking,703,9,True,11.8
1.4855359594242354,0.7,3.5,0.0,success,11.882,662,LACM,ugv_parking,704,7,True,12.200000000000001
1.3151348309357982,0.7,3.5,0.0,success,11.882,663,LACM,ugv_parking,705,7,True,12.200000000000001
1.6036055051490758,0.7,3.5,0.0,success,11.882,664,LACM,ugv_parking,706,7,True,12.200000000000001
1.2628614208107127,0.5333333333333333,2.6666666666666665,0.025,success,11.131,665,LACM,ugv_parking,707,9,True,11.8
1.4800223797522183,0.5333333333333333,2.6666666666666665,0.025,success,11.131,666,LACM,ugv_parking,708,9,True,11.8
1.3213118038974707,0.7,3.5,0.0,success,11.882,667,LACM,ugv_parking,709,7,True,12.200000000000001
1.3746651057412613,0.7,3.5,0.0,success,11.882,668,LACM,ugv_parking,710,7,True,12.200000000000001
1.4030065810188694,0.7,3.5,0.0,success,11.882,669,LACM,ugv_parking,711,7,True,12.200000000000001
1.316451651198038,0.7,3.5,0.0,success,11.882,670,LACM,ugv_parking,712,7,True,12.200000000000001
1.2697057455834904,0.7,3.5,0.0,success,11.882,671,LACM,ugv_parking,713,7,True,12.200000000000001
1.337353331055772,0.7,3.5,0.0,success,11.882,672,LACM,ugv_parking,714,7,True,12.200000000000001
1.2649522689820185,0.7,3.5,0.0,success,11.882,673,LACM,ugv_parking,715,7,True,12.200000000000001
1.3080201295731364,0.5333333333333333,2.6666666666666665,0.025,success,11.131,674,LACM,ugv_parking,716,9,True,11.8
1.3096591833385702,0.5333333333333333,2.6666666666666665,0.025,success,11.131,675,LACM,ugv_parking,717,9,True,11.8
1.3562056183170794,0.7,3.5,0.0,success,11.882,676,LACM,ugv_parking,718,7,True,12.200000000000001
1.3899403932057233,0.7,3.5,0.0,success,11.882,677,LACM,ugv_parking,719,7,True,12.200000000000001
1.3611250101745664,0.7,3.5,0.0,success,11.882,678,LACM,ugv_parking,720,7,True,12.200000000000001
1.3540141316837973,0.5333333333333333,2.6666666666666665,0.025,success,11.131,679,LACM,ugv_parking,721,9,True,11.8
1.3048008527721415,0.7,3.5,0.0,success,11.882,680,LACM,ugv_parking,722,7,True,12.200000000000001
1.298798705468713,0.7,3.5,0.0,success,11.882,681,LACM,ugv_parking,723,7,True,12.200000000000001
1.4663108959310684,0.7,3.5,0.0,success,11.882,682,LACM,ugv_parking,724,7,True,12.200000000000001
1.1837186456620838,0.5333333333333333,2.6666666666666665,0.025,success,11.131,683,LACM,ugv_parking,725,9,True,11.8
1.2478904655937428,0.7,3.5,0.0,success,11.882,684,LACM,ugv_parking,726,7,True,12.200000000000001
1.7310161343156902,0.7,3.5,0.0,success,11.882,685,LACM,ugv_parking,727,7,True,12.200000000000001
1.5436836925042576,0.7,3.5,0.0,success,11.882,686,LACM,ugv_parking,728,7,True,12.200000000000001
1.4114083256131051,0.7,3.5,0.0,success,11.882,687,LACM,ugv_parking,729,7,True,12.200000000000001
1.3683410626983603,0.7,3.5,0.0,success,11.882,688,LACM,ugv_parking,730,7,True,12.200000000000001
1.5681623238480575,0.7,3.5,0.0,success,11.882,689,LACM,ugv_parking,731,7,True,12.200000000000001
1.6075378969510297,0.7,3.5,0.0,success,11.882,690,LACM,ugv_parking,732,7,True,12.200000000000001
1.421617279528317,0.7,3.5,0.0,success,11.882,691,LACM,ugv_parking,733,7,True,12.200000000000001
1.5871456164199191,0.7,3.5,0.0,success,11.882,692,LACM,ugv_parking,734,7,True,12.200000000000001
1.2223137999196156,0.7,3.5,0.0,success,11.882,693,LACM,ugv_parking,735,7,True,12.200000000000001
1.1295933816077057,0.7,3.5,0.0,success,11.882,694,LACM,ugv_parking,736,7,True,12.200000000000001
1.1014447420716724,0.5333333333333333,2.6666666666666665,0.025,success,11.131,695,LACM,ugv_parking,737,9,True,11.8
1.3778572452619673,0.7,3.5,0.0,success,11.882,696,LACM,ugv_parking,738,7,True,12.200000000000001
1.364246260733846,0.5333333333333333,2.6666666666666665,0.025,success,11.131,697,LACM,ugv_parking,739,9,True,11.8
1.2475557733220326,0.7,3.5,0.0,success,11.882,698,LACM,ugv_parking,740,7,True,12.200000000000001
1.4465955606645078,0.5333333333333333,2.6666666666666665,0.025,success,11.131,699,LACM,ugv_parking,741,9,True,11.8
1.2905489865117263,0.7,3.5,0.0,success,11.882,700,LACM,ugv_parking,742,7,True,12.200000000000001
1.3936594560529003,0.7,3.5,0.0,success,11.882,701,LACM,ugv_parking,743,7,True,12.200000000000001
1.3385231244596763,0.7,3.5,0.0,success,11.882,702,LACM,ugv_parking,744,7,True,12.200000000000001
1.334722145794867,0.5333333333333333,2.6666666666666665,0.025,success,11.131,703,LACM,ugv_parking,745,9,True,11.8
1.2325161424190412,0.7,3.5,0.0,success,11.882,704,LACM,ugv_parking,746,7,True,12.200000000000001
1.3705825956603839,0.7,3.5,0.0,success,11.882,705,LACM,ugv_parking,747,7,True,12.200000000000001
1.3535615987485599,0.5333333333333333,2.6666666666666665,0.025,success,11.131,706,LACM,ugv_parking,748,9,True,11.8
1.5744146355708728,0.7,3.5,0.0,success,11.882,707,LACM,ugv_parking,749,7,True,12.200000000000001
1.1861853522641739,0.7,3.5,0.0,success,11.882,708,LACM,ugv_parking,750,7,True,12.200000000000001
1.509384259106171,0.7,3.5,0.0,success,11.882,709,LACM,ugv_parking,751,7,True,12.200000000000001
1.4945348859142547,0.7,3.5,0.0,success,11.882,710,LACM,ugv_parking,752,7,True,12.200000000000001
1.3343814321792606,0.7,3.5,0.0,success,11.882,711,LACM,ugv_parking,753,7,True,12.200000000000001
1.2175322875543675,0.5333333333333333,2.6666666666666665,0.025,success,11.131,712,LACM,ugv_parking,754,9,True,11.8
1.5102315034082268,0.7,3.5,0.0,success,11.882,713,LACM,ugv_parking,755,7,True,12.200000000000001
1.292169491911316,0.7,3.5,0.0,success,11.882,714,LACM,ugv_parking,756,7,True,12.200000000000001
1.232225537268652,0.7,3.5,0.0,success,11.882,715,LACM,ugv_parking,757,7,True,12.200000000000001
1.458133297773566,0.7,3.5,0.0,success,11.882,716,LACM,ugv_parking,758,7,True,12.200000000000001
1.4045053163886454,0.5333333333333333,2.6666666666666665,0.025,success,11.131,717,LACM,ugv_parking,759,9,True,11.8
1.293665015018031,0.5333333333333333,2.6666666666666665,0.025,success,11.131,718,LACM,ugv_parking,760,9,True,11.8
1.3271274247007037,0.5333333333333333,2.6666666666666665,0.025,success,11.131,719,LACM,ugv_parking,761,9,True,11.8
1.531639771510036,0.7,3.5,0.0,success,11.882,720,LACM,ugv_parking,762,7,True,12.200000000000001
1.6364548817957454,0.7,3.5,0.0,success,11.882,721,LACM,ugv_parking,763,7,True,12.200000000000001
1.6666847856452442,0.7,3.5,0.0,success,11.882,722,LACM,ugv_parking,764,7,True,12.200000000000001
1.1473140598894636,0.5333333333333333,2.6666666666666665,0.025,success,11.131,723,LACM,ugv_parking,765,9,True,11.8
1.430946758535581,0.7,3.5,0.0,success,11.882,724,LACM,ugv_parking,766,7,True,12.200000000000001
1.6263668537285594,0.7,3.5,0.0,success,11.882,725,LACM,ugv_parking,767,7,True,12.200000000000001
1.3841400459974424,0.5333333333333333,2.6666666666666665,0.025,success,11.131,726,LACM,ugv_parking,768,9,True,11.8
1.1929969741426514,0.5333333333333333,2.6666666666666665,0.025,success,11.131,727,LACM,ugv_parking,769,9,True,11.8
1.5153070061017941,0.7,3.5,0.0,success,11.882,728,LACM,ugv_parking,770,7,True,12.200000000000001
1.4507738308637286,0.7,3.5,0.0,success,11.882,729,LACM,ugv_parking,771,7,True,12.200000000000001
1.3962192697896567,0.5333333333333333,2.6666666666666665,0.025,success,11.131,730,LACM,ugv_parking,772,9,True,11.8
1.4156256440970794,0.5333333333333333,2.6666666666666665,0.025,success,11.131,731,LACM,ugv_parking,773,9,True,11.8
1.1684502924434854,0.7,3.5,0.0,success,11.882,732,LACM,ugv_parking,774,7,True,12.200000000000001
1.2031555764975117,0.7,3.5,0.0,success,11.882,733,LACM,ugv_parking,775,7,True,12.200000000000001
1.4218099013561067,0.7,3.5,0.0,success,11.882,734,LACM,ugv_parking,776,7,True,12.200000000000001
1.2782742699250405,0.5333333333333333,2.6666666666666665,0.025,success,11.131,735,LACM,ugv_parking,777,9,True,11.8
1.2909958610500099,0.5333333333333333,2.6666666666666665,0.025,success,11.131,736,LACM,ugv_parking,778,9,True,11.8
1.5474101317496909,0.7,3.5,0.0,success,11.882,737,LACM,ugv_parking,779,7,True,12.200000000000001
1.4920029952927145,0.5333333333333333,2.6666666666666665,0.025,success,11.131,738,LACM,ugv_parking,780,9,True,11.8
1.4029090021246382,0.5333333333333333,2.6666666666666665,0.025,success,11.131,739,LACM,ugv_parking,781,9,True,11.8
1.3690828306376626,0.7,3.5,0.0,success,11.882,740,LACM,ugv_parking,782,7,True,12.200000000000001
1.5687058771014688,0.7,3.5,0.0,success,11.882,741,LACM,ugv_parking,783,7,True,12.200000000000001
1.571970121765191,0.7,3.5,0.0,success,11.882,742,LACM,ugv_parking,784,7,True,12.200000000000001
1.5670925565918936,0.7,3.5,0.0,success,11.882,743,LACM,ugv_parking,785,7,True,12.200000000000001
1.3420091661344742,0.7,3.5,0.0,success,11.882,744,LACM,ugv_parking,786,7,True,12.200000000000001
1.3753585695404507,0.7,3.5,0.0,success,11.882,745,LACM,ugv_parking,787,7,True,12.200000000000001
1.608189077060454,0.7,3.5,0.0,success,11.882,746,LACM,ugv_parking,788,7,True,12.200000000000001
1.4467056475357563,0.7,3.5,0.0,success,11.882,747,LACM,ugv_parking,789,7,True,12.200000000000001
1.6064813426348665,0.7,3.5,0.0,success,11.882,748,LACM,ugv_parking,790,7,True,12.200000000000001
1.50782600109914,0.7,3.5,0.0,success,11.882,749,LACM,ugv_parking,791,7,True,12.200000000000001
1.436477171681944,0.7,3.5,0.0,success,11.882,750,LACM,ugv_parking,792,7,True,12.200000000000001
1.6193894710548953,0.7,3.5,0.0,success,11.882,751,LACM,ugv_parking,793,7,True,12.200000000000001
1.331733695416491,0.7,3.5,0.0,success,11.882,752,LACM,ugv_parking,794,7,True,12.200000000000001
1.34195135651009,0.7,3.5,0.0,success,11.882,753,LACM,ugv_parking,795,7,True,12.200000000000001
1.4171484708092708,0.7,3.5,0.0,success,11.882,754,LACM,ugv_parking,796,7,True,12.200000000000001
1.7309241205123125,0.7,3.5,0.0,success,11.882,755,LACM,ugv_parking,797,7,True,12.200000000000001
1.3361524233780537,0.7,3.5,0.0,success,11.882,756,LACM,ugv_parking,798,7,True,12.200000000000001
1.6942665005739486,0.7,3.5,0.0,success,11.882,757,LACM,ugv_parking,799,7,True,12.200000000000001
1.648490825557419,0.7,3.5,0.0,success,11.882,758,LACM,ugv_parking,800,7,True,12.200000000000001
1.3363380612768874,0.5333333333333333,2.6666666666666665,0.025,success,11.131,759,LACM,ugv_parking,801,9,True,11.8
1.4397161945760546,0.7,3.5,0.0,success,11.882,760,LACM,ugv_parking,802,7,True,12.200000000000001
1.2678089714521077,0.5333333333333333,2.6666666666666665,0.025,success,11.131,761,LACM,ugv_parking,803,9,True,11.8
1.3756733202166718,0.7,3.5,0.0,success,11.882,762,LACM,ugv_parking,804,7,True,12.200000000000001
1.5375009926418925,0.7,3.5,0.0,success,11.882,763,LACM,ugv_parking,805,7,True,12.200000000000001
1.372964301772384,0.7,3.5,0.0,success,11.882,764,LACM,ugv_parking,806,7,True,12.200000000000001
1.1869976594918792,0.7,3.5,0.0,success,11.882,765,LACM,ugv_parking,807,7,True,12.200000000000001
1.4057376615316883,0.7,3.5,0.0,success,11.882,766,LACM,ugv_parking,808,7,True,12.200000000000001
1.3256851631280775,0.5333333333333333,2.6666666666666665,0.025,success,11.131,767,LACM,ugv_parking,809,9,True,11.8
1.5153071115562988,0.7,3.5,0.0,success,11.882,768,LACM,ugv_parking,810,7,True,12.200000000000001
1.4215967866863448,0.5333333333333333,2.6666666666666665,0.025,success,11.131,769,LACM,ugv_parking,811,9,True,11.8
1.3626468193547359,0.5333333333333333,2.6666666666666665,0.025,success,11.131,770,LACM,ugv_parking,812,9,True,11.8
1.366402616876308,0.7,3.5,0.0,success,11.882,771,LACM,ugv_parking,813,7,True,12.200000000000001
1.5703245796783891,0.7,3.5,0.0,success,11.882,772,LACM,ugv_parking,814,7,True,12.200000000000001
1.473223909889821,0.7,3.5,0.0,success,11.882,773,LACM,ugv_parking,815,7,True,12.200000000000001
1.1809489945116003,0.5333333333333333,2.6666666666666665,0.025,success,11.131,774,LACM,ugv_parking,816,9,True,11.8
1.3415436628306578,0.5333333333333333,2.6666666666666665,0.025,success,11.131,775,LACM,ugv_parking,817,9,True,11.8
1.3157886246583983,0.7,3.5,0.0,success,11.882,776,LACM,ugv_parking,818,7,True,12.200000000000001
1.21228847499708,0.7,3.5,0.0,success,11.882,777,LACM,ugv_parking,819,7,True,12.200000000000001
1.433055138555443,0.5333333333333333,2.6666666666666665,0.025,success,11.131,778,LACM,ugv_parking,820,9,True,11.8
1.6217120562203635,0.7,3.5,0.0,success,11.882,779,LACM,ugv_parking,821,7,True,12.200000000000001
1.7553064557660836,0.7,3.5,0.0,success,11.882,780,LACM,ugv_parking,822,7,True,12.200000000000001
1.482802909138128,0.7,3.5,0.0,success,11.882,781,LACM,ugv_parking,823,7,True,12.200000000000001
1.5600458818010619,0.7,3.5,0.0,success,11.882,782,LACM,ugv_parking,824,7,True,12.200000000000001
1.4990151506050604,0.7,3.5,0.0,success,11.882,783,LACM,ugv_parking,825,7,True,12.200000000000001
1.476493579258178,0.7,3.5,0.0,success,11.882,784,LACM,ugv_parking,826,7,True,12.200000000000001
1.2547697136253617,0.7,3.5,0.0,success,11.882,785,LACM,ugv_parking,827,7,True,12.200000000000001
1.307570743157357,0.5333333333333333,2.6666666666666665,0.025,success,11.131,786,LACM,ugv_parking,828,9,True,11.8
1.2316289777251923,0.5333333333333333,2.6666666666666665,0.025,success,11.131,787,LACM,ugv_parking,829,9,True,11.8
1.3047913470296297,0.5333333333333333,2.6666666666666665,0.025,success,11.131,788,LACM,ugv_parking,830,9,True,11.8
1.4533138412035773,0.5333333333333333,2.6666666666666665,0.025,success,11.131,789,LACM,ugv_parking,831,9,True,11.8
1.5092956363841803,0.7,3.5,0.0,success,11.882,790,LACM,ugv_parking,832,7,True,12.200000000000001
1.342995905786148,0.7,3.5,0.0,success,11.882,791,LACM,ugv_parking,833,7,True,12.200000000000001
1.1965623978175506,0.7,3.5,0.0,success,11.882,792,LACM,ugv_parking,834,7,True,12.200000000000001
1.62731529577951,0.7,3.5,0.0,success,11.882,793,LACM,ugv_parking,835,7,True,12.200000000000001
1.3867007664243172,0.7,3.5,0.0,success,11.882,794,LACM,ugv_parking,836,7,True,12.200000000000001
1.4003157984406878,0.7,3.5,0.0,success,11.882,795,LACM,ugv_parking,837,7,True,12.200000000000001
1.3324071919012135,0.7,3.5,0.0,success,11.882,796,LACM,ugv_parking,838,7,True,12.200000000000001
1.2932805586843892,0.7,3.5,0.0,success,11.882,797,LACM,ugv_parking,839,7,True,12.200000000000001
1.311300158930648,0.5333333333333333,2.6666666666666665,0.025,success,11.131,798,LACM,ugv_parking,840,9,True,11.8
1.5096757189393792,0.7,3.5,0.0,success,11.882,799,LACM,ugv_parking,841,7,True,12.200000000000001
1.5456590182792511,0.7,3.5,0.0,success,11.882,800,LACM,ugv_parking,842,7,True,12.200000000000001
1.4744030133662474,0.7,3.5,0.0,success,11.882,801,LACM,ugv_parking,843,7,True,12.200000000000001
1.5535847375831808,0.7,3.5,0.0,success,11.882,802,LACM,ugv_parking,844,7,True,12.200000000000001
1.329564732800641,0.5333333333333333,2.6666666666666665,0.025,success,11.131,803,LACM,ugv_parking,845,9,True,11.8
1.2002270205741428,0.5333333333333333,2.6666666666666665,0.025,success,11.131,804,LACM,ugv_parking,846,9,True,11.8
1.4952655416446818,0.7,3.5,0.0,success,11.882,805,LACM,ugv_parking,847,7,True,12.200000000000001
1.6500407453163102,0.7,3.5,0.0,success,11.882,806,LACM,ugv_parking,848,7,True,12.200000000000001
1.191140289717312,0.5333333333333333,2.6666666666666665,0.025,success,11.131,807,LACM,ugv_parking,849,9,True,11.8
1.5266195975811434,0.7,3.5,0.0,success,11.882,808,LACM,ugv_parking,850,7,True,12.200000000000001
1.5119486531986877,0.7,3.5,0.0,success,11.882,809,LACM,ugv_parking,851,7,True,12.200000000000001
1.571765115381492,0.7,3.5,0.0,success,11.882,810,LACM,ugv_parking,852,7,True,12.200000000000001
1.5072424668073756,0.7,3.5,0.0,success,11.882,811,LACM,ugv_parking,853,7,True,12.200000000000001
1.5079233529928595,0.7,3.5,0.0,success,11.882,812,LACM,ugv_parking,854,7,True,12.200000000000001
1.3613574301617277,0.5333333333333333,2.6666666666666665,0.025,success,11.131,813,LACM,ugv_parking,855,9,True,11.8
1.5061865261187544,0.5333333333333333,2.6666666666666665,0.025,success,11.131,814,LACM,ugv_parking,856,9,True,11.8
1.6490023707637445,0.7,3.5,0.0,success,11.882,815,LACM,ugv_parking,857,7,True,12.200000000000001
1.247043045941781,0.7,3.5,0.0,success,11.882,816,LACM,ugv_parking,858,7,True,12.200000000000001
1.3168506918413145,0.7,3.5,0.0,success,11.882,817,LACM,ugv_parking,859,7,True,12.200000000000001
1.238949777197807,0.5333333333333333,2.6666666666666665,0.025,success,11.131,818,LACM,ugv_parking,860,9,True,11.8
1.5213114361813207,0.7,3.5,0.0,success,11.882,819,LACM,ugv_parking,861,7,True,12.200000000000001
1.30786737314402,0.7,3.5,0.0,success,11.882,820,LACM,ugv_parking,862,7,True,12.200000000000001
1.574804917365135,0.7,3.5,0.0,success,11.882,821,LACM,ugv_parking,863,7,True,12.200000000000001
1.312973213074937,0.7,3.5,0.0,success,11.882,822,LACM,ugv_parking,864,7,True,12.200000000000001
1.3822204540431402,0.7,3.5,0.0,success,11.882,823,LACM,ugv_parking,865,7,True,12.200000000000001
1.4485515926368202,0.7,3.5,0.0,success,11.882,824,LACM,ugv_parking,866,7,True,12.200000000000001
1.6358587447748851,0.7,3.5,0.0,success,11.882,825,LACM,ugv_parking,867,7,True,12.200000000000001
1.2922698638005654,0.7,3.5,0.0,success,11.882,826,LACM,ugv_parking,868,7,True,12.200000000000001
1.3245982018506273,0.7,3.5,0.0,success,11.882,827,LACM,ugv_parking,869,7,True,12.200000000000001
1.282713080986513,0.5333333333333333,2.6666666666666665,0.025,success,11.131,828,LACM,ugv_parking,870,9,True,11.8
1.4834441353937624,0.7,3.5,0.0,success,11.882,829,LACM,ugv_parking,871,7,True,12.200000000000001
1.4097644625380243,0.7,3.5,0.0,success,11.882,830,LACM,ugv_parking,872,7,True,12.200000000000001
1.269698220888981,0.5333333333333333,2.6666666666666665,0.025,success,11.131,831,LACM,ugv_parking,873,9,True,11.8
1.3492963091555796,0.7,3.5,0.0,success,11.882,832,LACM,ugv_parking,874,7,True,12.200000000000001
1.5004753654005731,0.7,3.5,0.0,success,11.882,833,LACM,ugv_parking,875,7,True,12.200000000000001
1.579181406738674,0.7,3.5,0.0,success,11.882,834,LACM,ugv_parking,876,7,True,12.200000000000001
1.5108458566601237,0.5333333333333333,2.6666666666666665,0.025,success,11.131,835,LACM,ugv_parking,877,9,True,11.8
1.5465618068762765,0.7,3.5,0.0,success,11.882,836,LACM,ugv_parking,878,7,True,12.200000000000001
1.205759491646483,0.5333333333333333,2.6666666666666665,0.025,success,11.131,837,LACM,ugv_parking,879,9,True,11.8
1.4357927138818445,0.7,3.5,0.0,success,11.882,838,LACM,ugv_parking,880,7,True,12.200000000000001
1.3360507641528978,0.7,3.5,0.0,success,11.882,839,LACM,ugv_parking,881,7,True,12.200000000000001
1.6768546809351774,0.7,3.5,0.0,success,11.882,840,LACM,ugv_parking,882,7,True,12.200000000000001
1.2886024070906954,0.7,3.5,0.0,success,11.882,841,LACM,ugv_parking,883,7,True,12.200000000000001
1.6377877735200257,0.7,3.5,0.0,success,11.882,842,LACM,ugv_parking,884,7,True,12.200000000000001
1.5265860121077224,0.7,3.5,0.0,success,11.882,843,LACM,ugv_parking,885,7,True,12.200000000000001
1.232498896473522,0.5333333333333333,2.6666666666666665,0.025,success,11.131,844,LACM,ugv_parking,886,9,True,11.8
1.392867398854244,0.7,3.5,0.0,success,11.882,845,LACM,ugv_parking,887,7,True,12.200000000000001
1.4212373860152627,0.5333333333333333,2.6666666666666665,0.025,success,11.131,846,LACM,ugv_parking,888,9,True,11.8
1.575532380743911,0.7,3.5,0.0,success,11.882,847,LACM,ugv_parking,889,7,True,12.200000000000001
1.3356952973286882,0.5333333333333333,2.6666666666666665,0.025,success,11.131,848,LACM,ugv_parking,890,9,True,11.8
1.559107705688287,0.7,3.5,0.0,success,11.882,849,LACM,ugv_parking,891,7,True,12.200000000000001
1.3311077103027416,0.5333333333333333,2.6666666666666665,0.025,success,11.131,850,LACM,ugv_parking,892,9,True,11.8
1.3122916221651182,0.7,3.5,0.0,success,11.882,851,LACM,ugv_parking,893,7,True,12.200000000000001
1.2905362166601513,0.7,3.5,0.0,success,11.882,852,LACM,ugv_parking,894,7,True,12.200000000000001
1.2708982388666996,0.7,3.5,0.0,success,11.882,853,LACM,ugv_parking,895,7,True,12.200000000000001
1.16964776222433,0.5333333333333333,2.6666666666666665,0.025,success,11.131,854,LACM,ugv_parking,896,9,True,11.8
1.1026017386587237,0.5333333333333333,2.6666666666666665,0.025,success,11.131,855,LACM,ugv_parking,897,9,True,11.8
1.199730868477816,0.7,3.5,0.0,success,11.882,856,LACM,ugv_parking,898,7,True,12.200000000000001
1.3548319455128999,0.7,3.5,0.0,success,11.882,857,LACM,ugv_parking,899,7,True,12.200000000000001
1.4659984469378429,0.7,3.5,0.0,success,11.882,858,LACM,ugv_parking,900,7,True,12.200000000000001
1.2903234773115149,0.7,3.5,0.0,success,11.882,859,LACM,ugv_parking,901,7,True,12.200000000000001
1.6529239860400917,0.7,3.5,0.0,success,11.882,860,LACM,ugv_parking,902,7,True,12.200000000000001
1.2628870232899743,0.5333333333333333,2.6666666666666665,0.025,success,11.131,861,LACM,ugv_parking,903,9,True,11.8
1.6459917530598003,0.7,3.5,0.0,success,11.882,862,LACM,ugv_parking,904,7,True,12.200000000000001
1.412441373417891,0.7,3.5,0.0,success,11.882,863,LACM,ugv_parking,905,7,True,12.200000000000001
1.4738818331966537,0.5333333333333333,2.6666666666666665,0.025,success,11.131,864,LACM,ugv_parking,906,9,True,11.8
1.3021369585602027,0.7,3.5,0.0,success,11.882,865,LACM,ugv_parking,907,7,True,12.200000000000001
1.5964020294777894,0.7,3.5,0.0,success,11.882,866,LACM,ugv_parking,908,7,True,12.200000000000001
1.378236708096968,0.5333333333333333,2.6666666666666665,0.025,success,11.131,867,LACM,ugv_parking,909,9,True,11.8
1.4303357285045388,0.7,3.5,0.0,success,11.882,868,LACM,ugv_parking,910,7,True,12.200000000000001
1.5475863847302336,0.7,3.5,0.0,success,11.882,869,LACM,ugv_parking,911,7,True,12.200000000000001
1.5661575873857894,0.7,3.5,0.0,success,11.882,870,LACM,ugv_parking,912,7,True,12.200000000000001
1.350511385625408,0.5333333333333333,2.6666666666666665,0.025,success,11.131,871,LACM,ugv_parking,913,9,True,11.8
1.4270449482620169,0.5333333333333333,2.6666666666666665,0.025,success,11.131,872,LACM,ugv_parking,914,9,True,11.8
1.387500376425595,0.5333333333333333,2.6666666666666665,0.025,success,11.131,873,LACM,ugv_parking,915,9,True,11.8
1.6562264449980448,0.7,3.5,0.0,success,11.882,874,LACM,ugv_parking,916,7,True,12.200000000000001
1.552477619848639,0.7,3.5,0.0,success,11.882,875,LACM,ugv_parking,917,7,True,12.200000000000001
1.6048847442026808,0.7,3.5,0.0,success,11.882,876,LACM,ugv_parking,918,7,True,12.200000000000001
1.5656702154876794,0.7,3.5,0.0,success,11.882,877,LACM,ugv_parking,919,7,True,12.200000000000001
1.4053841381278958,0.7,3.5,0.0,success,11.882,878,LACM,ugv_parking,920,7,True,12.200000000000001
1.5320730008457701,0.7,3.5,0.0,success,11.882,879,LACM,ugv_parking,921,7,True,12.200000000000001
1.5069206221938762,0.5333333333333333,2.6666666666666665,0.025,success,11.131,880,LACM,ugv_parking,922,9,True,11.8
1.3873170974170486,0.7,3.5,0.0,success,11.882,881,LACM,ugv_parking,923,7,True,12.200000000000001
1.3610863483432931,0.7,3.5,0.0,success,11.882,882,LACM,ugv_parking,924,7,True,12.200000000000001
1.436563765814312,0.7,3.5,0.0,success,11.882,883,LACM,ugv_parking,925,7,True,12.200000000000001
1.59966401323758,0.7,3.5,0.0,success,11.882,884,LACM,ugv_parking,926,7,True,12.200000000000001
1.3050320804829707,0.7,3.5,0.0,success,11.882,885,LACM,ugv_parking,927,7,True,12.200000000000001
1.337601517284354,0.7,3.5,0.0,success,11.882,886,LACM,ugv_parking,928,7,True,12.200000000000001
1.2788106474737277,0.5333333333333333,2.6666666666666665,0.025,success,11.131,887,LACM,ugv_parking,929,9,True,11.8
1.6997425663655272,0.7,3.5,0.0,success,11.882,888,LACM,ugv_parking,930,7,True,12.200000000000001
1.4781926366951401,0.7,3.5,0.0,success,11.882,889,LACM,ugv_parking,931,7,True,12.200000000000001
1.2492394884848719,0.7,3.5,0.0,success,11.882,890,LACM,ugv_parking,932,7,True,12.200000000000001
1.2814363095970922,0.7,3.5,0.0,success,11.882,891,LACM,ugv_parking,933,7,True,12.200000000000001
1.1855137684193577,0.7,3.5,0.0,success,11.882,892,LACM,ugv_parking,934,7,True,12.200000000000001
1.6199816678141958,0.7,3.5,0.0,success,11.882,893,LACM,ugv_parking,935,7,True,12.200000000000001
1.5394407482697536,0.5333333333333333,2.6666666666666665,0.025,success,11.131,894,LACM,ugv_parking,936,9,True,11.8
1.4674165165841615,0.7,3.5,0.0,success,11.882,895,LACM,ugv_parking,937,7,True,12.200000000000001
1.3279887091998859,0.7,3.5,0.0,success,11.882,896,LACM,ugv_parking,938,7,True,12.200000000000001
1.4236351827281422,0.7,3.5,0.0,success,11.882,897,LACM,ugv_parking,939,7,True,12.200000000000001
1.2512861220517766,0.7,3.5,0.0,success,11.882,898,LACM,ugv_parking,940,7,True,12.200000000000001
1.3562485841696705,0.7,3.5,0.0,success,11.882,899,LACM,ugv_parking,941,7,True,12.200000000000001
1.4773969181034374,0.7,3.5,0.0,success,11.882,900,LACM,ugv_parking,942,7,True,12.200000000000001
1.4306381312888425,0.7,3.5,0.0,success,11.882,901,LACM,ugv_parking,943,7,True,12.200000000000001
1.3917663895776202,0.5333333333333333,2.6666666666666665,0.025,success,11.131,902,LACM,ugv_parking,944,9,True,11.8
1.4532631456570702,0.7,3.5,0.0,success,11.882,903,LACM,ugv_parking,945,7,True,12.200000000000001
1.4415420944325863,0.5333333333333333,2.6666666666666665,0.025,success,11.131,904,LACM,ugv_parking,946,9,True,11.8
1.2218986612978804,0.5333333333333333,2.6666666666666665,0.025,success,11.131,905,LACM,ugv_parking,947,9,True,11.8
1.5169754306618528,0.7,3.5,0.0,success,11.882,906,LACM,ugv_parking,948,7,True,12.200000000000001
1.2811329970035008,0.7,3.5,0.0,success,11.882,907,LACM,ugv_parking,949,7,True,12.200000000000001
1.451316108171415,0.5333333333333333,2.6666666666666665,0.025,success,11.131,908,LACM,ugv_parking,950,9,True,11.8
1.3724612951938133,0.7,3.5,0.0,success,11.882,909,LACM,ugv_parking,951,7,True,12.200000000000001
1.0941041075510394,0.5333333333333333,2.6666666666666665,0.025,success,11.131,910,LACM,ugv_parking,952,9,True,11.8
1.1710397593722988,0.5333333333333333,2.6666666666666665,0.025,success,11.131,911,LACM,ugv_parking,953,9,True,11.8
1.2881502627947163,0.5333333333333333,2.6666666666666665,0.025,success,11.131,912,LACM,ugv_parking,954,9,True,11.8
1.447731437308267,0.7,3.5,0.0,success,11.882,913,LACM,ugv_parking,955,7,True,12.200000000000001
1.333309652852876,0.7,3.5,0.0,success,11.882,914,LACM,ugv_parking,956,7,True,12.200000000000001
1.5567482142423548,0.7,3.5,0.0,success,11.882,915,LACM,ugv_parking,957,7,True,12.200000000000001
1.4850909666736882,0.7,3.5,0.0,success,11.882,916,LACM,ugv_parking,958,7,True,12.200000000000001
1.2343743706613095,0.7,3.5,0.0,success,11.882,917,LACM,ugv_parking,959,7,True,12.200000000000001
1.224762470886898,0.7,3.5,0.0,success,11.882,918,LACM,ugv_parking,960,7,True,12.200000000000001
1.4679624522734358,0.7,3.5,0.0,success,11.882,919,LACM,ugv_parking,961,7,True,12.200000000000001
1.3618886030333432,0.7,3.5,0.0,success,11.882,920,LACM,ugv_parking,962,7,True,12.200000000000001
1.7312466244047215,0.7,3.5,0.0,success,11.882,921,LACM,ugv_parking,963,7,True,12.200000000000001
1.5336088246902864,0.7,3.5,0.0,success,11.882,922,LACM,ugv_parking,964,7,True,12.200000000000001
1.3320384764652546,0.5333333333333333,2.6666666666666665,0.025,success,11.131,923,LACM,ugv_parking,965,9,True,11.8
1.3145179375568772,0.5333333333333333,2.6666666666666665,0.025,success,11.131,924,LACM,ugv_parking,966,9,True,11.8
1.4485402606181648,0.7,3.5,0.0,success,11.882,925,LACM,ugv_parking,967,7,True,12.200000000000001
1.436811568953609,0.7,3.5,0.0,success,11.882,926,LACM,ugv_parking,968,7,True,12.200000000000001
1.415192043568833,0.7,3.5,0.0,success,11.882,927,LACM,ugv_parking,969,7,True,12.200000000000001
1.6126502555509394,0.7,3.5,0.0,success,11.882,928,LACM,ugv_parking,970,7,True,12.200000000000001
1.500178000753658,0.7,3.5,0.0,success,11.882,929,LACM,ugv_parking,971,7,True,12.200000000000001
1.5054827735639003,0.7,3.5,0.0,success,11.882,930,LACM,ugv_parking,972,7,True,12.200000000000001
1.1662804191055518,0.5333333333333333,2.6666666666666665,0.025,success,11.131,931,LACM,ugv_parking,973,9,True,11.8
1.4930552136583723,0.7,3.5,0.0,success,11.882,932,LACM,ugv_parking,974,7,True,12.200000000000001
1.4765948884553142,0.7,3.5,0.0,success,11.882,933,LACM,ugv_parking,975,7,True,12.200000000000001
1.6239133030657367,0.7,3.5,0.0,success,11.882,934,LACM,ugv_parking,976,7,True,12.200000000000001
1.272476778674949,0.7,3.5,0.0,success,11.882,935,LACM,ugv_parking,977,7,True,12.200000000000001
1.4571771810911476,0.7,3.5,0.0,success,11.882,936,LACM,ugv_parking,978,7,True,12.200000000000001
1.5033858579441572,0.7,3.5,0.0,success,11.882,937,LACM,ugv_parking,979,7,True,12.200000000000001
1.5623025486026625,0.7,3.5,0.0,success,11.882,938,LACM,ugv_parking,980,7,True,12.200000000000001
1.3891063700824346,0.7,3.5,0.0,success,11.882,939,LACM,ugv_parking,981,7,True,12.200000000000001
1.5373668386621753,0.7,3.5,0.0,success,11.882,940,LACM,ugv_parking,982,7,True,12.200000000000001
1.5686924219950837,0.7,3.5,0.0,success,11.882,941,LACM,ugv_parking,983,7,True,12.200000000000001
1.5702202344556593,0.7,3.5,0.0,success,11.882,942,LACM,ugv_parking,984,7,True,12.200000000000001
1.2198341857359605,0.7,3.5,0.0,success,11.882,943,LACM,ugv_parking,985,7,True,12.200000000000001
1.362788113432152,0.5333333333333333,2.6666666666666665,0.025,success,11.131,944,LACM,ugv_parking,986,9,True,11.8
1.42462821491254,0.7,3.5,0.0,success,11.882,945,LACM,ugv_parking,987,7,True,12.200000000000001
1.6245693874692617,0.7,3.5,0.0,success,11.882,946,LACM,ugv_parking,988,7,True,12.200000000000001
1.659802866645156,0.7,3.5,0.0,success,11.882,947,LACM,ugv_parking,989,7,True,12.200000000000001
1.34129785367315,0.7,3.5,0.0,success,11.882,948,LACM,ugv_parking,990,7,True,12.200000000000001
1.2913303333625656,0.5333333333333333,2.6666666666666665,0.025,success,11.131,949,LACM,ugv_parking,991,9,True,11.8
1.536761173597837,0.7,3.5,0.0,success,11.882,950,LACM,ugv_parking,992,7,True,12.200000000000001
1.1829575407219917,0.5333333333333333,2.6666666666666665,0.025,success,11.131,951,LACM,ugv_parking,993,9,True,11.8
1.6833110067244603,0.7,3.5,0.0,success,11.882,952,LACM,ugv_parking,994,7,True,12.200000000000001
1.3418061321029462,0.5333333333333333,2.6666666666666665,0.025,success,11.131,953,LACM,ugv_parking,995,9,True,11.8
1.543695510836247,0.7,3.5,0.0,success,11.882,954,LACM,ugv_parking,996,7,True,12.200000000000001
1.3062457821601985,0.7,3.5,0.0,success,11.882,955,LACM,ugv_parking,997,7,True,12.200000000000001
1.4398956379337269,0.5333333333333333,2.6666666666666665,0.025,success,11.131,956,LACM,ugv_parking,998,9,True,11.8
1.344564999864292,0.7,3.5,0.0,success,11.882,957,LACM,ugv_parking,999,7,True,12.200000000000001
1.5788728809039254,0.7,3.5,0.0,success,11.882,958,LACM,ugv_parking,1000,7,True,12.200000000000001
1.342110880283202,0.7,3.5,0.0,success,11.882,959,LACM,ugv_parking,1001,7,True,12.200000000000001
1.3768794432133529,0.7,3.5,0.0,success,11.882,960,LACM,ugv_parking,1002,7,True,12.200000000000001
1.3429327511200242,0.7,3.5,0.0,success,11.882,961,LACM,ugv_parking,1003,7,True,12.200000000000001
1.5588928962501625,0.7,3.5,0.0,success,11.882,962,LACM,ugv_parking,1004,7,True,12.200000000000001
1.5541173582931482,0.7,3.5,0.0,success,11.882,963,LACM,ugv_parking,1005,7,True,12.200000000000001
1.2301044210778938,0.7,3.5,0.0,success,11.882,964,LACM,ugv_parking,1006,7,True,12.200000000000001
1.6625693317384385,0.7,3.5,0.0,success,11.882,965,LACM,ugv_parking,1007,7,True,12.200000000000001
1.5912890804034427,0.7,3.5,0.0,success,11.882,966,LACM,ugv_parking,1008,7,True,12.200000000000001
1.1987057045030198,0.5333333333333333,2.6666666666666665,0.025,success,11.131,967,LACM,ugv_parking,1009,9,True,11.8
1.611023603161176,0.7,3.5,0.0,success,11.882,968,LACM,ugv_parking,1010,7,True,12.200000000000001
1.1590755959385959,0.7,3.5,0.0,success,11.882,969,LACM,ugv_parking,1011,7,True,12.200000000000001
1.1933169679697992,0.7,3.5,0.0,success,11.882,970,LACM,ugv_parking,1012,7,True,12.200000000000001
1.668443574747344,0.7,3.5,0.0,success,11.882,971,LACM,ugv_parking,1013,7,True,12.200000000000001
1.301923028408659,0.7,3.5,0.0,success,11.882,972,LACM,ugv_parking,1014,7,True,12.200000000000001
1.3570915075242207,0.5333333333333333,2.6666666666666665,0.025,success,11.131,973,LACM,ugv_parking,1015,9,True,11.8
1.3021132358169671,0.7,3.5,0.0,success,11.882,974,LACM,ugv_parking,1016,7,True,12.200000000000001
1.4466064314105491,0.7,3.5,0.0,success,11.882,975,LACM,ugv_parking,1017,7,True,12.200000000000001
1.4660052032370574,0.7,3.5,0.0,success,11.882,976,LACM,ugv_parking,1018,7,True,12.200000000000001
1.2735666983794696,0.5333333333333333,2.6666666666666665,0.025,success,11.131,977,LACM,ugv_parking,1019,9,True,11.8
1.2614083794366469,0.5333333333333333,2.6666666666666665,0.025,success,11.131,978,LACM,ugv_parking,1020,9,True,11.8
1.2837599905515353,0.7,3.5,0.0,success,11.882,979,LACM,ugv_parking,1021,7,True,12.200000000000001
1.3796381813173249,0.5333333333333333,2.6666666666666665,0.025,success,11.131,980,LACM,ugv_parking,1022,9,True,11.8
1.3761558002116732,0.7,3.5,0.0,success,11.882,981,LACM,ugv_parking,1023,7,True,12.200000000000001
1.5122201766640329,0.7,3.5,0.0,success,11.882,982,LACM,ugv_parking,1024,7,True,12.200000000000001
1.1597001497159087,0.5333333333333333,2.6666666666666665,0.025,success,11.131,983,LACM,ugv_parking,1025,9,True,11.8
1.2366479236185912,0.5333333333333333,2.6666666666666665,0.025,success,11.131,984,LACM,ugv_parking,1026,9,True,11.8
1.3913843018259477,0.5333333333333333,2.6666666666666665,0.025,success,11.131,985,LACM,ugv_parking,1027,9,True,11.8
1.3424645467453575,0.7,3.5,0.0,success,11.882,986,LACM,ugv_parking,1028,7,True,12.200000000000001
1.5227188644549643,0.7,3.5,0.0,success,11.882,987,LACM,ugv_parking,1029,7,True,12.200000000000001
1.5534584427618703,0.7,3.5,0.0,success,11.882,988,LACM,ugv_parking,1030,7,True,12.200000000000001
1.5007549304067194,0.7,3.5,0.0,success,11.882,989,LACM,ugv_parking,1031,7,True,12.200000000000001
1.3733058037552608,0.7,3.5,0.0,success,11.882,990,LACM,ugv_parking,1032,7,True,12.200000000000001
1.4672036033051212,0.7,3.5,0.0,success,11.882,991,LACM,ugv_parking,1033,7,True,12.200000000000001
1.5820721063850476,0.7,3.5,0.0,success,11.882,992,LACM,ugv_parking,1034,7,True,12.200000000000001
1.660152296536107,0.7,3.5,0.0,success,11.882,993,LACM,ugv_parking,1035,7,True,12.200000000000001
1.4587185840551453,0.7,3.5,0.0,success,11.882,994,LACM,ugv_parking,1036,7,True,12.200000000000001
1.3785098056822127,0.5333333333333333,2.6666666666666665,0.025,success,11.131,995,LACM,ugv_parking,1037,9,True,11.8
1.1310669016750126,0.5333333333333333,2.6666666666666665,0.025,success,11.131,996,LACM,ugv_parking,1038,9,True,11.8
1.3450163688055539,0.7,3.5,0.0,success,11.882,997,LACM,ugv_parking,1039,7,True,12.200000000000001
1.348286953218387,0.7,3.5,0.0,success,11.882,998,LACM,ugv_parking,1040,7,True,12.200000000000001
1.358520798509892,0.7,3.5,0.0,success,11.882,999,LACM,ugv_parking,1041,7,True,12.200000000000001
1.4106103550033202,0.5333333333333333,2.6666666666666665,0.025,success,11.131,1000,LACM,ugv_parking,1042,9,True,11.8
1.5277329948641294,0.7,3.5,0.0,success,11.882,1001,LACM,ugv_parking,1043,7,True,12.200000000000001
1.4619111945387344,0.7,3.5,0.0,success,11.882,1002,LACM,ugv_parking,1044,7,True,12.200000000000001
1.638362743768876,0.7,3.5,0.0,success,11.882,1003,LACM,ugv_parking,1045,7,True,12.200000000000001
1.5076234820249774,0.7,3.5,0.0,success,11.882,1004,LACM,ugv_parking,1046,7,True,12.200000000000001
1.2445922114889125,0.5333333333333333,2.6666666666666665,0.025,success,11.131,1005,LACM,ugv_parking,1047,9,True,11.8
1.1711990877649194,0.7,3.5,0.0,success,11.882,1006,LACM,ugv_parking,1048,7,True,12.200000000000001
1.667632243828035,0.7,3.5,0.0,success,11.882,1007,LACM,ugv_parking,1049,7,True,12.200000000000001
1.3729855635962238,0.7,3.5,0.0,success,11.882,1008,LACM,ugv_parking,1050,7,True,12.200000000000001
1.1691858881763817,0.5333333333333333,2.6666666666666665,0.025,success,11.131,1009,LACM,ugv_parking,1051,9,True,11.8
1.6301144479066623,0.7,3.5,0.0,success,11.882,1010,LACM,ugv_parking,1052,7,True,12.200000000000001
1.442978931382387,0.7,3.5,0.0,success,11.882,1011,LACM,ugv_parking,1053,7,True,12.200000000000001
1.2581229054627963,0.5333333333333333,2.6666666666666665,0.025,success,11.131,1012,LACM,ugv_parking,1054,9,True,11.8
1.2675202760438269,0.5333333333333333,2.6666666666666665,0.025,success,11.131,1013,LACM,ugv_parking,1055,9,True,11.8
1.4721851873128955,0.5333333333333333,2.6666666666666665,0.025,success,11.131,1014,LACM,ugv_parking,1056,9,True,11.8
1.55810344374568,0.7,3.5,0.0,success,11.882,1015,LACM,ugv_parking,1057,7,True,12.200000000000001
1.171843045284898,0.7,3.5,0.0,success,11.882,1016,LACM,ugv_parking,1058,7,True,12.200000000000001
1.2344644065357395,0.5333333333333333,2.6666666666666665,0.025,success,11.131,1017,LACM,ugv_parking,1059,9,True,11.8
1.244651673414885,0.5333333333333333,2.6666666666666665,0.025,success,11.131,1018,LACM,ugv_parking,1060,9,True,11.8
1.344505418744272,0.7,3.5,0.0,success,11.882,1019,LACM,ugv_parking,1061,7,True,12.200000000000001
1.3155679420743394,0.5333333333333333,2.6666666666666665,0.025,success,11.131,1020,LACM,ugv_parking,1062,9,True,11.8
1.459871595697025,0.5333333333333333,2.6666666666666665,0.025,success,11.131,1021,LACM,ugv_parking,1063,9,True,11.8
1.230894216303584,0.5333333333333333,2.6666666666666665,0.025,success,11.131,1022,LACM,ugv_parking,1064,9,True,11.8
1.4066355841209677,0.7,3.5,0.0,success,11.882,1023,LACM,ugv_parking,1065,7,True,12.200000000000001
1.565908495104484,0.7,3.5,0.0,success,11.882,1024,LACM,ugv_parking,1066,7,True,12.200000000000001
1.2993530630526917,0.5333333333333333,2.6666666666666665,0.025,success,11.131,1025,LACM,ugv_parking,1067,9,True,11.8
1.25110598778571,0.7,3.5,0.0,success,11.882,1026,LACM,ugv_parking,1068,7,True,12.200000000000001
1.6678025558692815,0.7,3.5,0.0,success,11.882,1027,LACM,ugv_parking,1069,7,True,12.200000000000001
1.1750343924755868,0.7,3.5,0.0,success,11.882,1028,LACM,ugv_parking,1070,7,True,12.200000000000001
1.4564629921480494,0.5333333333333333,2.6666666666666665,0.025,success,11.131,1029,LACM,ugv_parking,1071,9,True,11.8
1.5238020028341301,0.7,3.5,0.0,success,11.882,1030,LACM,ugv_parking,1072,7,True,12.200000000000001
1.129744798138872,0.7,3.5,0.0,success,11.882,1031,LACM,ugv_parking,1073,7,True,12.200000000000001
1.476458367574836,0.7,3.5,0.0,success,11.882,1032,LACM,ugv_parking,1074,7,True,12.200000000000001
1.5741971500418024,0.7,3.5,0.0,success,11.882,1033,LACM,ugv_parking,1075,7,True,12.200000000000001
1.1557074000028926,0.7,3.5,0.0,success,11.882,1034,LACM,ugv_parking,1076,7,True,12.200000000000001
1.3569664937014843,0.7,3.5,0.0,success,11.882,1035,LACM,ugv_parking,1077,7,True,12.200000000000001
1.3435737327566757,0.5333333333333333,2.6666666666666665,0.025,success,11.131,1036,LACM,ugv_parking,1078,9,True,11.8
1.406379082166539,0.7,3.5,0.0,success,11.882,1037,LACM,ugv_parking,1079,7,True,12.200000000000001
1.6416446031581973,0.7,3.5,0.0,success,11.882,1038,LACM,ugv_parking,1080,7,True,12.200000000000001
1.3092510126563794,0.7,3.5,0.0,success,11.882,1039,LACM,ugv_parking,1081,7,True,12.200000000000001
1.4185890445129623,0.5333333333333333,2.6666666666666665,0.025,success,11.131,1040,LACM,ugv_parking,1082,9,True,11.8
1.3913135130400336,0.5333333333333333,2.6666666666666665,0.025,success,11.131,1041,LACM,ugv_parking,1083,9,True,11.8
1.5540727465460877,0.7,3.5,0.0,success,11.882,1042,LACM,ugv_parking,1084,7,True,12.200000000000001
1.5305910067320596,0.7,3.5,0.0,success,11.882,1043,LACM,ugv_parking,1085,7,True,12.200000000000001
1.7072505846486328,0.7,3.5,0.0,success,11.882,1044,LACM,ugv_parking,1086,7,True,12.200000000000001
1.4918627713539017,0.5333333333333333,2.6666666666666665,0.025,success,11.131,1045,LACM,ugv_parking,1087,9,True,11.8
1.4146534029927582,0.7,3.5,0.0,success,11.882,1046,LACM,ugv_parking,1088,7,True,12.200000000000001
1.3097433104811116,0.7,3.5,0.0,success,11.882,1047,LACM,ugv_parking,1089,7,True,12.200000000000001
1.3381523356207952,0.7,3.5,0.0,success,11.882,1048,LACM,ugv_parking,1090,7,True,12.200000000000001
1.4804185618251353,0.7,3.5,0.0,success,11.882,1049,LACM,ugv_parking,1091,7,True,12.200000000000001
1.4416746360905144,0.7,3.5,0.0,success,11.882,1050,LACM,ugv_parking,1092,7,True,12.200000000000001
1.3742472322342576,0.7,3.5,0.0,success,11.882,1051,LACM,ugv_parking,1093,7,True,12.200000000000001
1.4765605401884656,0.7,3.5,0.0,success,11.882,1052,LACM,ugv_parking,1094,7,True,12.200000000000001
1.1463432353294765,0.5333333333333333,2.6666666666666665,0.025,success,11.131,1053,LACM,ugv_parking,1095,9,True,11.8
1.6229696760206416,0.7,3.5,0.0,success,11.882,1054,LACM,ugv_parking,1096,7,True,12.200000000000001
1.2193121996571592,0.7,3.5,0.0,success,11.882,1055,LACM,ugv_parking,1097,7,True,12.200000000000001
1.2695246787767123,0.5333333333333333,2.6666666666666665,0.025,success,11.131,1056,LACM,ugv_parking,1098,9,True,11.8
1.2605360296784665,0.7,3.5,0.0,success,11.882,1057,LACM,ugv_parking,1099,7,True,12.200000000000001
1.6745184001545317,0.7,3.5,0.0,success,11.882,1058,LACM,ugv_parking,1100,7,True,12.200000000000001
1.5430155403120878,0.7,3.5,0.0,success,11.882,1059,LACM,ugv_parking,1101,7,True,12.200000000000001
1.3449425906607144,0.7,3.5,0.0,success,11.882,1060,LACM,ugv_parking,1102,7,True,12.200000000000001
1.3503109316350306,0.7,3.5,0.0,success,11.882,1061,LACM,ugv_parking,1103,7,True,12.200000000000001
1.479479302851027,0.7,3.5,0.0,success,11.882,1062,LACM,ugv_parking,1104,7,True,12.200000000000001
1.3407151737739185,0.7,3.5,0.0,success,11.882,1063,LACM,ugv_parking,1105,7,True,12.200000000000001
1.3159153117794449,0.7,3.5,0.0,success,11.882,1064,LACM,ugv_parking,1106,7,True,12.200000000000001
1.5776553389612968,0.7,3.5,0.0,success,11.882,1065,LACM,ugv_parking,1107,7,True,12.200000000000001
1.3811273290373423,0.5333333333333333,2.6666666666666665,0.025,success,11.131,1066,LACM,ugv_parking,1108,9,True,11.8
1.5412927197274169,0.7,3.5,0.0,success,11.882,1067,LACM,ugv_parking,1109,7,True,12.200000000000001
1.442209460819631,0.7,3.5,0.0,success,11.882,1068,LACM,ugv_parking,1110,7,True,12.200000000000001
1.321129367957299,0.5333333333333333,2.6666666666666665,0.025,success,11.131,1069,LACM,ugv_parking,1111,9,True,11.8
1.2143429544203608,0.7,3.5,0.0,success,11.882,1070,LACM,ugv_parking,1112,7,True,12.200000000000001
1.2849114374024175,0.5333333333333333,2.6666666666666665,0.025,success,11.131,1071,LACM,ugv_parking,1113,9,True,11.8
1.392705741837549,0.7,3.5,0.0,success,11.882,1072,LACM,ugv_parking,1114,7,True,12.200000000000001
1.120517612573683,0.7,3.5,0.0,success,11.882,1073,LACM,ugv_parking,1115,7,True,12.200000000000001
1.4961317386652757,0.7,3.5,0.0,success,11.882,1074,LACM,ugv_parking,1116,7,True,12.200000000000001
1.2078086531437082,0.7,3.5,0.0,success,11.882,1075,LACM,ugv_parking,1117,7,True,12.200000000000001
1.4643304037188682,0.5333333333333333,2.6666666666666665,0.025,success,11.131,1076,LACM,ugv_parking,1118,9,True,11.8
1.4092080862157816,0.5333333333333333,2.6666666666666665,0.025,success,11.131,1077,LACM,ugv_parking,1119,9,True,11.8
1.2879618827957486,0.7,3.5,0.0,success,11.882,1078,LACM,ugv_parking,1120,7,True,12.200000000000001
1.3432292322593742,0.7,3.5,0.0,success,11.882,1079,LACM,ugv_parking,1121,7,True,12.200000000000001
1.4276761976182732,0.7,3.5,0.0,success,11.882,1080,LACM,ugv_parking,1122,7,True,12.200000000000001
1.335768016616973,0.7,3.5,0.0,success,11.882,1081,LACM,ugv_parking,1123,7,True,12.200000000000001
1.503990684634469,0.7,3.5,0.0,success,11.882,1082,LACM,ugv_parking,1124,7,True,12.200000000000001
1.380059792200773,0.5333333333333333,2.6666666666666665,0.025,success,11.131,1083,LACM,ugv_parking,1125,9,True,11.8
1.2031574639218325,0.7,3.5,0.0,success,11.882,1084,LACM,ugv_parking,1126,7,True,12.200000000000001
1.3014507148120948,0.7,3.5,0.0,success,11.882,1085,LACM,ugv_parking,1127,7,True,12.200000000000001
1.0851661598716158,0.5333333333333333,2.6666666666666665,0.025,success,11.131,1086,LACM,ugv_parking,1128,9,True,11.8
1.5485724211723093,0.7,3.5,0.0,success,11.882,1087,LACM,ugv_parking,1129,7,True,12.200000000000001
1.5091577229916058,0.7,3.5,0.0,success,11.882,1088,LACM,ugv_parking,1130,7,True,12.200000000000001
1.7492363826861306,0.7,3.5,0.0,success,11.882,1089,LACM,ugv_parking,1131,7,True,12.200000000000001
1.585217504504255,0.7,3.5,0.0,success,11.882,1090,LACM,ugv_parking,1132,7,True,12.200000000000001
1.2708847304075546,0.7,3.5,0.0,success,11.882,1091,LACM,ugv_parking,1133,7,True,12.200000000000001
1.6246336515504547,0.7,3.5,0.0,success,11.882,1092,LACM,ugv_parking,1134,7,True,12.200000000000001
1.2765335638763369,0.7,3.5,0.0,success,11.882,1093,LACM,ugv_parking,1135,7,True,12.200000000000001
1.3341196372224964,0.5333333333333333,2.6666666666666665,0.025,success,11.131,1094,LACM,ugv_parking,1136,9,True,11.8
1.243533580982672,0.7,3.5,0.0,success,11.882,1095,LACM,ugv_parking,1137,7,True,12.200000000000001
1.3331684331044737,0.7,3.5,0.0,success,11.882,1096,LACM,ugv_parking,1138,7,True,12.200000000000001
1.5509032793731703,0.7,3.5,0.0,success,11.882,1097,LACM,ugv_parking,1139,7,True,12.200000000000001
1.6647443131062705,0.7,3.5,0.0,success,11.882,1098,LACM,ugv_parking,1140,7,True,12.200000000000001
1.207317982854629,0.7,3.5,0.0,success,11.882,1099,LACM,ugv_parking,1141,7,True,12.200000000000001
1.1550095312249409,0.5333333333333333,2.6666666666666665,0.025,success,11.131,1100,LACM,ugv_parking,1142,9,True,11.8
1.6361105658830573,0.7,3.5,0.0,success,11.882,1101,LACM,ugv_parking,1143,7,True,12.200000000000001
1.396720690590785,0.7,3.5,0.0,success,11.882,1102,LACM,ugv_parking,1144,7,True,12.200000000000001
1.2234688603144714,0.5333333333333333,2.6666666666666665,0.025,success,11.131,1103,LACM,ugv_parking,1145,9,True,11.8
1.5666047630933075,0.7,3.5,0.0,success,11.882,1104,LACM,ugv_parking,1146,7,True,12.200000000000001
1.537096890749429,0.7,3.5,0.0,success,11.882,1105,LACM,ugv_parking,1147,7,True,12.200000000000001
1.4510627385734503,0.7,3.5,0.0,success,11.882,1106,LACM,ugv_parking,1148,7,True,12.200000000000001
1.5280516373963668,0.7,3.5,0.0,success,11.882,1107,LACM,ugv_parking,1149,7,True,12.200000000000001
1.2431697915669064,0.5333333333333333,2.6666666666666665,0.025,success,11.131,1108,LACM,ugv_parking,1150,9,True,11.8
1.2982563162678673,0.5333333333333333,2.6666666666666665,0.025,success,11.131,1109,LACM,ugv_parking,1151,9,True,11.8
1.4741810490561567,0.7,3.5,0.0,success,11.882,1110,LACM,ugv_parking,1152,7,True,12.200000000000001
1.4349190045492712,0.5333333333333333,2.6666666666666665,0.025,success,11.131,1111,LACM,ugv_parking,1153,9,True,11.8
1.6043124965483635,0.7,3.5,0.0,success,11.882,1112,LACM,ugv_parking,1154,7,True,12.200000000000001
1.3924221823198717,0.5333333333333333,2.6666666666666665,0.025,success,11.131,1113,LACM,ugv_parking,1155,9,True,11.8
1.3984748632575765,0.7,3.5,0.0,success,11.882,1114,LACM,ugv_parking,1156,7,True,12.200000000000001
1.3839292360721362,0.7,3.5,0.0,success,11.882,1115,LACM,ugv_parking,1157,7,True,12.200000000000001
1.3319802652580006,0.7,3.5,0.0,success,11.882,1116,LACM,ugv_parking,1158,7,True,12.200000000000001
1.3538449675793516,0.5333333333333333,2.6666666666666665,0.025,success,11.131,1117,LACM,ugv_parking,1159,9,True,11.8
1.2671743431450677,0.7,3.5,0.0,success,11.882,1118,LACM,ugv_parking,1160,7,True,12.200000000000001
1.6075624743508914,0.7,3.5,0.0,success,11.882,1119,LACM,ugv_parking,1161,7,True,12.200000000000001
1.2032500202989498,0.7,3.5,0.0,success,11.882,1120,LACM,ugv_parking,1162,7,True,12.200000000000001
1.2481584310009488,0.5333333333333333,2.6666666666666665,0.025,success,11.131,1121,LACM,ugv_parking,1163,9,True,11.8
1.4695878177554833,0.5333333333333333,2.6666666666666665,0.025,success,11.131,1122,LACM,ugv_parking,1164,9,True,11.8
1.3837895318590303,0.7,3.5,0.0,success,11.882,1123,LACM,ugv_parking,1165,7,True,12.200000000000001
1.6421422393617608,0.7,3.5,0.0,success,11.882,1124,LACM,ugv_parking,1166,7,True,12.200000000000001
1.715521439110849,0.7,3.5,0.0,success,11.882,1125,LACM,ugv_parking,1167,7,True,12.200000000000001
1.4898809219557405,0.7,3.5,0.0,success,11.882,1126,LACM,ugv_parking,1168,7,True,12.200000000000001
1.5445175230026809,0.7,3.5,0.0,success,11.882,1127,LACM,ugv_parking,1169,7,True,12.200000000000001
1.1642175147369367,0.5333333333333333,2.6666666666666665,0.025,success,11.131,1128,LACM,ugv_parking,1170,9,True,11.8
1.4523980096721099,0.7,3.5,0.0,success,11.882,1129,LACM,ugv_parking,1171,7,True,12.200000000000001
1.468398074053654,0.7,3.5,0.0,success,11.882,1130,LACM,ugv_parking,1172,7,True,12.200000000000001
1.2370073484750979,0.7,3.5,0.0,success,11.882,1131,LACM,ugv_parking,1173,7,True,12.200000000000001
1.356295666427421,0.5333333333333333,2.6666666666666665,0.025,success,11.131,1132,LACM,ugv_parking,1174,9,True,11.8
1.471780764908992,0.7,3.5,0.0,success,11.882,1133,LACM,ugv_parking,1175,7,True,12.200000000000001
1.404845457368288,0.7,3.5,0.0,success,11.882,1134,LACM,ugv_parking,1176,7,True,12.200000000000001
1.3768392264270606,0.7,3.5,0.0,success,11.882,1135,LACM,ugv_parking,1177,7,True,12.200000000000001
1.372081471265654,0.7,3.5,0.0,success,11.882,1136,LACM,ugv_parking,1178,7,True,12.200000000000001
1.2747223227190123,0.7,3.5,0.0,success,11.882,1137,LACM,ugv_parking,1179,7,True,12.200000000000001
1.316449785479488,0.7,3.5,0.0,success,11.882,1138,LACM,ugv_parking,1180,7,True,12.200000000000001
1.293308150426462,0.7,3.5,0.0,success,11.882,1139,LACM,ugv_parking,1181,7,True,12.200000000000001
1.366377909966254,0.7,3.5,0.0,success,11.882,1140,LACM,ugv_parking,1182,7,True,12.200000000000001
1.168124066208287,0.7,3.5,0.0,success,11.882,1141,LACM,ugv_parking,1183,7,True,12.200000000000001
1.306098932652346,0.7,3.5,0.0,success,11.882,1142,LACM,ugv_parking,1184,7,True,12.200000000000001
1.144528710345135,0.7,3.5,0.0,success,11.882,1143,LACM,ugv_parking,1185,7,True,12.200000000000001
1.3669065187341087,0.7,3.5,0.0,success,11.882,1144,LACM,ugv_parking,1186,7,True,12.200000000000001
1.6004891046587844,0.7,3.5,0.0,success,11.882,1145,LACM,ugv_parking,1187,7,True,12.200000000000001
1.5966800438971416,0.7,3.5,0.0,success,11.882,1146,LACM,ugv_parking,1188,7,True,12.200000000000001
1.437221956181639,0.7,3.5,0.0,success,11.882,1147,LACM,ugv_parking,1189,7,True,12.200000000000001
1.3884062381153313,0.7,3.5,0.0,success,11.882,1148,LACM,ugv_parking,1190,7,True,12.200000000000001
1.2804773815113935,0.7,3.5,0.0,success,11.882,1149,LACM,ugv_parking,1191,7,True,12.200000000000001
1.410575875827735,0.7,3.5,0.0,success,11.882,1150,LACM,ugv_parking,1192,7,True,12.200000000000001
1.3715589808318516,0.7,3.5,0.0,success,11.882,1151,LACM,ugv_parking,1193,7,True,12.200000000000001
1.468117628797462,0.7,3.5,0.0,success,11.882,1152,LACM,ugv_parking,1194,7,True,12.200000000000001
1.2450953262971973,0.7,3.5,0.0,success,11.882,1153,LACM,ugv_parking,1195,7,True,12.200000000000001
1.3111790927251785,0.5333333333333333,2.6666666666666665,0.025,success,11.131,1154,LACM,ugv_parking,1196,9,True,11.8
1.4675303614090667,0.7,3.5,0.0,success,11.882,1155,LACM,ugv_parking,1197,7,True,12.200000000000001
1.277417210951223,0.7,3.5,0.0,success,11.882,1156,LACM,ugv_parking,1198,7,True,12.200000000000001
1.407325688765801,0.7,3.5,0.0,success,11.882,1157,LACM,ugv_parking,1199,7,True,12.200000000000001
1.628656967361673,0.7,3.5,0.0,success,11.882,1158,LACM,ugv_parking,1200,7,True,12.200000000000001
1.2532700812157331,0.5333333333333333,2.6666666666666665,0.025,success,11.131,1159,LACM,ugv_parking,1201,9,True,11.8
1.3126272272678463,0.7,3.5,0.0,success,11.882,1160,LACM,ugv_parking,1202,7,True,12.200000000000001
1.4072504650098456,0.7,3.5,0.0,success,11.882,1161,LACM,ugv_parking,1203,7,True,12.200000000000001
1.3081037497020949,0.7,3.5,0.0,success,11.882,1162,LACM,ugv_parking,1204,7,True,12.200000000000001
1.5656793718528699,0.7,3.5,0.0,success,11.882,1163,LACM,ugv_parking,1205,7,True,12.200000000000001
1.3281744929575714,0.7,3.5,0.0,success,11.882,1164,LACM,ugv_parking,1206,7,True,12.200000000000001
1.296608181858363,0.7,3.5,0.0,success,11.882,1165,LACM,ugv_parking,1207,7,True,12.200000000000001
1.4019740024022853,0.5333333333333333,2.6666666666666665,0.025,success,11.131,1166,LACM,ugv_parking,1208,9,True,11.8
1.3381019528120612,0.7,3.5,0.0,success,11.882,1167,LACM,ugv_parking,1209,7,True,12.200000000000001
1.1633100370635228,0.5333333333333333,2.6666666666666665,0.025,success,11.131,1168,LACM,ugv_parking,1210,9,True,11.8
1.3722526592547166,0.7,3.5,0.0,success,11.882,1169,LACM,ugv_parking,1211,7,True,12.200000000000001
1.435967348857774,0.7,3.5,0.0,success,11.882,1170,LACM,ugv_parking,1212,7,True,12.200000000000001
1.4027980607811994,0.7,3.5,0.0,success,11.882,1171,LACM,ugv_parking,1213,7,True,12.200000000000001
1.656658564198651,0.7,3.5,0.0,success,11.882,1172,LACM,ugv_parking,1214,7,True,12.200000000000001
1.4999692595064198,0.7,3.5,0.0,success,11.882,1173,LACM,ugv_parking,1215,7,True,12.200000000000001
1.2323286155329347,0.7,3.5,0.0,success,11.882,1174,LACM,ugv_parking,1216,7,True,12.200000000000001
1.404082429013188,0.7,3.5,0.0,success,11.882,1175,LACM,ugv_parking,1217,7,True,12.200000000000001
1.2611379463725525,0.7,3.5,0.0,success,11.882,1176,LACM,ugv_parking,1218,7,True,12.200000000000001
1.5547444370045107,0.7,3.5,0.0,success,11.882,1177,LACM,ugv_parking,1219,7,True,12.200000000000001
1.3622446009675375,0.7,3.5,0.0,success,11.882,1178,LACM,ugv_parking,1220,7,True,12.200000000000001
1.1996604867807832,0.5333333333333333,2.6666666666666665,0.025,success,11.131,1179,LACM,ugv_parking,1221,9,True,11.8
1.3916262452168628,0.7,3.5,0.0,success,11.882,1180,LACM,ugv_parking,1222,7,True,12.200000000000001
1.6396235322443329,0.7,3.5,0.0,success,11.882,1181,LACM,ugv_parking,1223,7,True,12.200000000000001
1.3186285891056175,0.5333333333333333,2.6666666666666665,0.025,success,11.131,1182,LACM,ugv_parking,1224,9,True,11.8
1.2799585860652065,0.7,3.5,0.0,success,11.882,1183,LACM,ugv_parking,1225,7,True,12.200000000000001
1.2665811659113406,0.7,3.5,0.0,success,11.882,1184,LACM,ugv_parking,1226,7,True,12.200000000000001
1.258073494161261,0.7,3.5,0.0,success,11.882,1185,LACM,ugv_parking,1227,7,True,12.200000000000001
1.1899087238192076,0.5333333333333333,2.6666666666666665,0.025,success,11.131,1186,LACM,ugv_parking,1228,9,True,11.8
1.3689278745446565,0.5333333333333333,2.6666666666666665,0.025,success,11.131,1187,LACM,ugv_parking,1229,9,True,11.8
1.597181619620072,0.7,3.5,0.0,success,11.882,1188,LACM,ugv_parking,1230,7,True,12.200000000000001
1.2541306215786312,0.7,3.5,0.0,success,11.882,1189,LACM,ugv_parking,1231,7,True,12.200000000000001
1.511488412080478,0.7,3.5,0.0,success,11.882,1190,LACM,ugv_parking,1232,7,True,12.200000000000001
1.3293878632875893,0.7,3.5,0.0,success,11.882,1191,LACM,ugv_parking,1233,7,True,12.200000000000001
1.5628744539469968,0.7,3.5,0.0,success,11.882,1192,LACM,ugv_parking,1234,7,True,12.200000000000001
1.53330394692651,0.7,3.5,0.0,success,11.882,1193,LACM,ugv_parking,1235,7,True,12.200000000000001
1.509367061090218,0.7,3.5,0.0,success,11.882,1194,LACM,ugv_parking,1236,7,True,12.200000000000001
1.2091903868246556,0.5333333333333333,2.6666666666666665,0.025,success,11.131,1195,LACM,ugv_parking,1237,9,True,11.8
1.3299537492111317,0.5333333333333333,2.6666666666666665,0.025,success,11.131,1196,LACM,ugv_parking,1238,9,True,11.8
1.1480468317270398,0.5333333333333333,2.6666666666666665,0.025,success,11.131,1197,LACM,ugv_parking,1239,9,True,11.8
1.4013474555198524,0.7,3.5,0.0,success,11.882,1198,LACM,ugv_parking,1240,7,True,12.200000000000001
1.4390916298862413,0.7,3.5,0.0,success,11.882,1199,LACM,ugv_parking,1241,7,True,12.200000000000001
1.3285103674696306,0.5333333333333333,2.6666666666666665,0.025,success,11.131,1200,LACM,ugv_parking,1242,9,True,11.8
1.4383491291916404,0.7,3.5,0.0,success,11.882,1201,LACM,ugv_parking,1243,7,True,12.200000000000001
1.4828535649738108,0.7,3.5,0.0,success,11.882,1202,LACM,ugv_parking,1244,7,True,12.200000000000001
1.2783547984474413,0.7,3.5,0.0,success,11.882,1203,LACM,ugv_parking,1245,7,True,12.200000000000001
1.3800327336328237,0.5333333333333333,2.6666666666666665,0.025,success,11.131,1204,LACM,ugv_parking,1246,9,True,11.8
1.3412984755823043,0.7,3.5,0.0,success,11.882,1205,LACM,ugv_parking,1247,7,True,12.200000000000001
1.6007312227536032,0.7,3.5,0.0,success,11.882,1206,LACM,ugv_parking,1248,7,True,12.200000000000001
1.4658079635753878,0.7,3.5,0.0,success,11.882,1207,LACM,ugv_parking,1249,7,True,12.200000000000001
1.2795134494753302,0.5333333333333333,2.6666666666666665,0.025,success,11.131,1208,LACM,ugv_parking,1250,9,True,11.8
1.67739872163718,0.7,3.5,0.0,success,11.882,1209,LACM,ugv_parking,1251,7,True,12.200000000000001
1.4373518627297317,0.7,3.5,0.0,success,11.882,1210,LACM,ugv_parking,1252,7,True,12.200000000000001
1.5631922167193313,0.7,3.5,0.0,success,11.882,1211,LACM,ugv_parking,1253,7,True,12.200000000000001
1.2818402502709312,0.7,3.5,0.0,success,11.882,1212,LACM,ugv_parking,1254,7,True,12.200000000000001
1.2075874917000584,0.7,3.5,0.0,success,11.882,1213,LACM,ugv_parking,1255,7,True,12.200000000000001
1.2640857567216104,0.7,3.5,0.0,success,11.882,1214,LACM,ugv_parking,1256,7,True,12.200000000000001
1.2849945805800362,0.7,3.5,0.0,success,11.882,1215,LACM,ugv_parking,1257,7,True,12.200000000000001
1.41317747946769,0.5333333333333333,2.6666666666666665,0.025,success,11.131,1216,LACM,ugv_parking,1258,9,True,11.8
1.4395112869344733,0.7,3.5,0.0,success,11.882,1217,LACM,ugv_parking,1259,7,True,12.200000000000001
1.2434503078544465,0.5333333333333333,2.6666666666666665,0.025,success,11.131,1218,LACM,ugv_parking,1260,9,True,11.8
1.2233389941662807,0.5333333333333333,2.6666666666666665,0.025,success,11.131,1219,LACM,ugv_parking,1261,9,True,11.8
1.2121117239780175,0.5333333333333333,2.6666666666666665,0.025,success,11.131,1220,LACM,ugv_parking,1262,9,True,11.8
1.7311681478596905,0.7,3.5,0.0,success,11.882,1221,LACM,ugv_parking,1263,7,True,12.200000000000001
1.2564347215205942,0.5333333333333333,2.6666666666666665,0.025,success,11.131,1222,LACM,ugv_parking,1264,9,True,11.8
1.3457672464854717,0.5333333333333333,2.6666666666666665,0.025,success,11.131,1223,LACM,ugv_parking,1265,9,True,11.8
1.4708136069281994,0.7,3.5,0.0,success,11.882,1224,LACM,ugv_parking,1266,7,True,12.200000000000001
1.3021206631077649,0.5333333333333333,2.6666666666666665,0.025,success,11.131,1225,LACM,ugv_parking,1267,9,True,11.8
1.2008383684006019,0.5333333333333333,2.6666666666666665,0.025,success,11.131,1226,LACM,ugv_parking,1268,9,True,11.8
1.617059314534756,0.7,3.5,0.0,success,11.882,1227,LACM,ugv_parking,1269,7,True,12.200000000000001
1.3199859060946344,0.7,3.5,0.0,success,11.882,1228,LACM,ugv_parking,1270,7,True,12.200000000000001
1.3555990434366225,0.7,3.5,0.0,success,11.882,1229,LACM,ugv_parking,1271,7,True,12.200000000000001
1.2195061685699573,0.5333333333333333,2.6666666666666665,0.025,success,11.131,1230,LACM,ugv_parking,1272,9,True,11.8
1.55962545977524,0.7,3.5,0.0,success,11.882,1231,LACM,ugv_parking,1273,7,True,12.200000000000001
1.2896219299651182,0.5333333333333333,2.6666666666666665,0.025,success,11.131,1232,LACM,ugv_parking,1274,9,True,11.8
1.6351455193766287,0.7,3.5,0.0,success,11.882,1233,LACM,ugv_parking,1275,7,True,12.200000000000001
1.3815473372514537,0.5333333333333333,2.6666666666666665,0.025,success,11.131,1234,LACM,ugv_parking,1276,9,True,11.8
1.4670776129176322,0.5333333333333333,2.6666666666666665,0.025,success,11.131,1235,LACM,ugv_parking,1277,9,True,11.8
1.2975715961031575,0.5333333333333333,2.6666666666666665,0.025,success,11.131,1236,LACM,ugv_parking,1278,9,True,11.8
1.5428966607462402,0.7,3.5,0.0,success,11.882,1237,LACM,ugv_parking,1279,7,True,12.200000000000001
1.499617113205459,0.7,3.5,0.0,success,11.882,1238,LACM,ugv_parking,1280,7,True,12.200000000000001
1.4479360024497288,0.5333333333333333,2.6666666666666665,0.025,success,11.131,1239,LACM,ugv_parking,1281,9,True,11.8
1.3085466367792733,0.5333333333333333,2.6666666666666665,0.025,success,11.131,1240,LACM,ugv_parking,1282,9,True,11.8
1.134672538395218,0.7,3.5,0.0,success,11.882,1241,LACM,ugv_parking,1283,7,True,12.200000000000001
1.3925667278600597,0.7,3.5,0.0,success,11.882,1242,LACM,ugv_parking,1284,7,True,12.200000000000001
1.2631409077380065,0.7,3.5,0.0,success,11.882,1243,LACM,ugv_parking,1285,7,True,12.200000000000001
1.134378348431754,0.7,3.5,0.0,success,11.882,1244,LACM,ugv_parking,1286,7,True,12.200000000000001
1.53482852918035,0.7,3.5,0.0,success,11.882,1245,LACM,ugv_parking,1287,7,True,12.200000000000001
1.5943903316902737,0.7,3.5,0.0,success,11.882,1246,LACM,ugv_parking,1288,7,True,12.200000000000001
1.4936906357399882,0.7,3.5,0.0,success,11.882,1247,LACM,ugv_parking,1289,7,True,12.200000000000001
1.7386303384614272,0.7,3.5,0.0,success,11.882,1248,LACM,ugv_parking,1290,7,True,12.200000000000001
1.3841688198463376,0.7,3.5,0.0,success,11.882,1249,LACM,ugv_parking,1291,7,True,12.200000000000001
1.3808325078195816,0.7,3.5,0.0,success,11.882,1250,LACM,ugv_parking,1292,7,True,12.200000000000001
1.141921065097252,0.7,3.5,0.0,success,11.882,1251,LACM,ugv_parking,1293,7,True,12.200000000000001
1.5016913341665967,0.7,3.5,0.0,success,11.882,1252,LACM,ugv_parking,1294,7,True,12.200000000000001
1.4911383850657494,0.5333333333333333,2.6666666666666665,0.025,success,11.131,1253,LACM,ugv_parking,1295,9,True,11.8
1.3340680708620136,0.7,3.5,0.0,success,11.882,1254,LACM,ugv_parking,1296,7,True,12.200000000000001
1.5340576557341525,0.7,3.5,0.0,success,11.882,1255,LACM,ugv_parking,1297,7,True,12.200000000000001
1.4591400212085701,0.7,3.5,0.0,success,11.882,1256,LACM,ugv_parking,1298,7,True,12.200000000000001
1.4118569808689554,0.7,3.5,0.0,success,11.882,1257,LACM,ugv_parking,1299,7,True,12.200000000000001
1.3011891314273976,0.7,3.5,0.0,success,11.882,1258,LACM,ugv_parking,1300,7,True,12.200000000000001
1.5339356668248678,0.7,3.5,0.0,success,11.882,1259,LACM,ugv_parking,1301,7,True,12.200000000000001
1.3851862432312334,0.7,3.5,0.0,success,11.882,1260,LACM,ugv_parking,1302,7,True,12.200000000000001
1.4961413738329918,0.7,3.5,0.0,success,11.882,1261,LACM,ugv_parking,1303,7,True,12.200000000000001
1.4984431777995075,0.7,3.5,0.0,success,11.882,1262,LACM,ugv_parking,1304,7,True,12.200000000000001
1.2187047227444312,0.5333333333333333,2.6666666666666665,0.025,success,11.131,1263,LACM,ugv_parking,1305,9,True,11.8
1.5062496523544238,0.7,3.5,0.0,success,11.882,1264,LACM,ugv_parking,1306,7,True,12.200000000000001
1.5080179025013356,0.7,3.5,0.0,success,11.882,1265,LACM,ugv_parking,1307,7,True,12.200000000000001
1.2710534909070086,0.7,3.5,0.0,success,11.882,1266,LACM,ugv_parking,1308,7,True,12.200000000000001
1.4904329194928558,0.7,3.5,0.0,success,11.882,1267,LACM,ugv_parking,1309,7,True,12.200000000000001
1.602371400311414,0.7,3.5,0.0,success,11.882,1268,LACM,ugv_parking,1310,7,True,12.200000000000001
1.329615998031975,0.5333333333333333,2.6666666666666665,0.025,success,11.131,1269,LACM,ugv_parking,1311,9,True,11.8
1.4252682769465097,0.7,3.5,0.0,success,11.882,1270,LACM,ugv_parking,1312,7,True,12.200000000000001
1.703723167068858,0.7,3.5,0.0,success,11.882,1271,LACM,ugv_parking,1313,7,True,12.200000000000001
1.3260991919200655,0.7,3.5,0.0,success,11.882,1272,LACM,ugv_parking,1314,7,True,12.200000000000001
1.309498700505467,0.7,3.5,0.0,success,11.882,1273,LACM,ugv_parking,1315,7,True,12.200000000000001
1.3522949392614885,0.5333333333333333,2.6666666666666665,0.025,success,11.131,1274,LACM,ugv_parking,1316,9,True,11.8
1.3744782579514787,0.7,3.5,0.0,success,11.882,1275,LACM,ugv_parking,1317,7,True,12.200000000000001
1.4543681702041904,0.7,3.5,0.0,success,11.882,1276,LACM,ugv_parking,1318,7,True,12.200000000000001
1.5130967073785233,0.7,3.5,0.0,success,11.882,1277,LACM,ugv_parking,1319,7,True,12.200000000000001
1.394194593002603,0.5333333333333333,2.6666666666666665,0.025,success,11.131,1278,LACM,ugv_parking,1320,9,True,11.8
1.3910549795412779,0.7,3.5,0.0,success,11.882,1279,LACM,ugv_parking,1321,7,True,12.200000000000001
1.281178446616917,0.7,3.5,0.0,success,11.882,1280,LACM,ugv_parking,1322,7,True,12.200000000000001
1.5556709344274744,0.7,3.5,0.0,success,11.882,1281,LACM,ugv_parking,1323,7,True,12.200000000000001
1.3437267315953987,0.7,3.5,0.0,success,11.882,1282,LACM,ugv_parking,1324,7,True,12.200000000000001
1.7397629957041993,0.7,3.5,0.0,success,11.882,1283,LACM,ugv_parking,1325,7,True,12.200000000000001
1.5857065740443008,0.7,3.5,0.0,success,11.882,1284,LACM,ugv_parking,1326,7,True,12.200000000000001
1.288770278714741,0.5333333333333333,2.6666666666666665,0.025,success,11.131,1285,LACM,ugv_parking,1327,9,True,11.8
1.2644443105500958,0.5333333333333333,2.6666666666666665,0.025,success,11.131,1286,LACM,ugv_parking,1328,9,True,11.8
1.2221653642974042,0.7,3.5,0.0,success,11.882,1287,LACM,ugv_parking,1329,7,True,12.200000000000001
1.2046056221722128,0.7,3.5,0.0,success,11.882,1288,LACM,ugv_parking,1330,7,True,12.200000000000001
1.4248904447088333,0.7,3.5,0.0,success,11.882,1289,LACM,ugv_parking,1331,7,True,12.200000000000001
1.2165672147632647,0.5333333333333333,2.6666666666666665,0.025,success,11.131,1290,LACM,ugv_parking,1332,9,True,11.8
1.5662518381653125,0.7,3.5,0.0,success,11.882,1291,LACM,ugv_parking,1333,7,True,12.200000000000001
1.5672187940248352,0.7,3.5,0.0,success,11.882,1292,LACM,ugv_parking,1334,7,True,12.200000000000001
1.6904785725269151,0.7,3.5,0.0,success,11.882,1293,LACM,ugv_parking,1335,7,True,12.200000000000001
1.2459059569382638,0.7,3.5,0.0,success,11.882,1294,LACM,ugv_parking,1336,7,True,12.200000000000001
1.4604073722225885,0.7,3.5,0.0,success,11.882,1295,LACM,ugv_parking,1337,7,True,12.200000000000001
1.624738145247954,0.7,3.5,0.0,success,11.882,1296,LACM,ugv_parking,1338,7,True,12.200000000000001
1.3612195409880257,0.7,3.5,0.0,success,11.882,1297,LACM,ugv_parking,1339,7,True,12.200000000000001
1.4829425376660876,0.7,3.5,0.0,success,11.882,1298,LACM,ugv_parking,1340,7,True,12.200000000000001
1.4093622286942913,0.7,3.5,0.0,success,11.882,1299,LACM,ugv_parking,1341,7,True,12.200000000000001
1.6970839841091119,0.7,3.5,0.0,success,11.882,1300,LACM,ugv_parking,1342,7,True,12.200000000000001
1.217762120329336,0.7,3.5,0.0,success,11.882,1301,LACM,ugv_parking,1343,7,True,12.200000000000001
1.3204419504852196,0.7,3.5,0.0,success,11.882,1302,LACM,ugv_parking,1344,7,True,12.200000000000001
1.4002973598822057,0.5333333333333333,2.6666666666666665,0.025,success,11.131,1303,LACM,ugv_parking,1345,9,True,11.8
1.3891225750473972,0.7,3.5,0.0,success,11.882,1304,LACM,ugv_parking,1346,7,True,12.200000000000001
1.6803594292453476,0.7,3.5,0.0,success,11.882,1305,LACM,ugv_parking,1347,7,True,12.200000000000001
1.5504379395054053,0.7,3.5,0.0,success,11.882,1306,LACM,ugv_parking,1348,7,True,12.200000000000001
1.2550750553994157,0.5333333333333333,2.6666666666666665,0.025,success,11.131,1307,LACM,ugv_parking,1349,9,True,11.8
1.2034453927382263,0.7,3.5,0.0,success,11.882,1308,LACM,ugv_parking,1350,7,True,12.200000000000001
1.2113506769663234,0.5333333333333333,2.6666666666666665,0.025,success,11.131,1309,LACM,ugv_parking,1351,9,True,11.8
1.4746464594600401,0.7,3.5,0.0,success,11.882,1310,LACM,ugv_parking,1352,7,True,12.200000000000001
1.398870827298963,0.5333333333333333,2.6666666666666665,0.025,success,11.131,1311,LACM,ugv_parking,1353,9,True,11.8
1.263563049106982,0.7,3.5,0.0,success,11.882,1312,LACM,ugv_parking,1354,7,True,12.200000000000001
1.3271435308156554,0.7,3.5,0.0,success,11.882,1313,LACM,ugv_parking,1355,7,True,12.200000000000001
1.498274126224289,0.5333333333333333,2.6666666666666665,0.025,success,11.131,1314,LACM,ugv_parking,1356,9,True,11.8
1.5630382656136055,0.7,3.5,0.0,success,11.882,1315,LACM,ugv_parking,1357,7,True,12.200000000000001
1.2438392402293734,0.5333333333333333,2.6666666666666665,0.025,success,11.131,1316,LACM,ugv_parking,1358,9,True,11.8
1.477236424630437,0.7,3.5,0.0,success,11.882,1317,LACM,ugv_parking,1359,7,True,12.200000000000001
1.6483642126704536,0.7,3.5,0.0,success,11.882,1318,LACM,ugv_parking,1360,7,True,12.200000000000001
1.191238835252855,0.5333333333333333,2.6666666666666665,0.025,success,11.131,1319,LACM,ugv_parking,1361,9,True,11.8
1.612290790125425,0.7,3.5,0.0,success,11.882,1320,LACM,ugv_parking,1362,7,True,12.200000000000001
1.2762598084505228,0.5333333333333333,2.6666666666666665,0.025,success,11.131,1321,LACM,ugv_parking,1363,9,True,11.8
1.3634373652349099,0.7,3.5,0.0,success,11.882,1322,LACM,ugv_parking,1364,7,True,12.200000000000001
1.4779890476012265,0.7,3.5,0.0,success,11.882,1323,LACM,ugv_parking,1365,7,True,12.200000000000001
1.417009370498073,0.7,3.5,0.0,success,11.882,1324,LACM,ugv_parking,1366,7,True,12.200000000000001
1.2058004001521834,0.7,3.5,0.0,success,11.882,1325,LACM,ugv_parking,1367,7,True,12.200000000000001
1.4645658804238932,0.5333333333333333,2.6666666666666665,0.025,success,11.131,1326,LACM,ugv_parking,1368,9,True,11.8
1.3522378400917274,0.7,3.5,0.0,success,11.882,1327,LACM,ugv_parking,1369,7,True,12.200000000000001
1.3615509199796296,0.7,3.5,0.0,success,11.882,1328,LACM,ugv_parking,1370,7,True,12.200000000000001
1.4002666561484536,0.7,3.5,0.0,success,11.882,1329,LACM,ugv_parking,1371,7,True,12.200000000000001
1.3224634159561797,0.7,3.5,0.0,success,11.882,1330,LACM,ugv_parking,1372,7,True,12.200000000000001
1.1591329382719693,0.5333333333333333,2.6666666666666665,0.025,success,11.131,1331,LACM,ugv_parking,1373,9,True,11.8
1.4113195078621985,0.5333333333333333,2.6666666666666665,0.025,success,11.131,1332,LACM,ugv_parking,1374,9,True,11.8
1.1479847041013294,0.5333333333333333,2.6666666666666665,0.025,success,11.131,1333,LACM,ugv_parking,1375,9,True,11.8
1.2955470083364986,0.7,3.5,0.0,success,11.882,1334,LACM,ugv_parking,1376,7,True,12.200000000000001
1.0675708134950328,0.5333333333333333,2.6666666666666665,0.025,success,11.131,1335,LACM,ugv_parking,1377,9,True,11.8
1.152019355907483,0.5333333333333333,2.6666666666666665,0.025,success,11.131,1336,LACM,ugv_parking,1378,9,True,11.8
1.387379034277055,0.7,3.5,0.0,success,11.882,1337,LACM,ugv_parking,1379,7,True,12.200000000000001
1.495756945193098,0.7,3.5,0.0,success,11.882,1338,LACM,ugv_parking,1380,7,True,12.200000000000001
1.6797347202847104,0.7,3.5,0.0,success,11.882,1339,LACM,ugv_parking,1381,7,True,12.200000000000001
1.434707333953091,0.7,3.5,0.0,success,11.882,1340,LACM,ugv_parking,1382,7,True,12.200000000000001
1.3735450875200286,0.5333333333333333,2.6666666666666665,0.025,success,11.131,1341,LACM,ugv_parking,1383,9,True,11.8
1.5071553823166755,0.7,3.5,0.0,success,11.882,1342,LACM,ugv_parking,1384,7,True,12.200000000000001
1.24794413998805,0.5333333333333333,2.6666666666666665,0.025,success,11.131,1343,LACM,ugv_parking,1385,9,True,11.8
1.4206902709825582,0.7,3.5,0.0,success,11.882,1344,LACM,ugv_parking,1386,7,True,12.200000000000001
1.5914241838062395,0.7,3.5,0.0,success,11.882,1345,LACM,ugv_parking,1387,7,True,12.200000000000001
1.49042548718151,0.7,3.5,0.0,success,11.882,1346,LACM,ugv_parking,1388,7,True,12.200000000000001
1.2028632016263041,0.5333333333333333,2.6666666666666665,0.025,success,11.131,1347,LACM,ugv_parking,1389,9,True,11.8
1.2059600489326148,0.5333333333333333,2.6666666666666665,0.025,success,11.131,1348,LACM,ugv_parking,1390,9,True,11.8
1.4501843334968731,0.5333333333333333,2.6666666666666665,0.025,success,11.131,1349,LACM,ugv_parking,1391,9,True,11.8
1.4532585154286293,0.7,3.5,0.0,success,11.882,1350,LACM,ugv_parking,1392,7,True,12.200000000000001
1.289241059829819,0.7,3.5,0.0,success,11.882,1351,LACM,ugv_parking,1393,7,True,12.200000000000001
1.3382947340084481,0.7,3.5,0.0,success,11.882,1352,LACM,ugv_parking,1394,7,True,12.200000000000001
1.36538619109587,0.7,3.5,0.0,success,11.882,1353,LACM,ugv_parking,1395,7,True,12.200000000000001
1.4567002887227807,0.5333333333333333,2.6666666666666665,0.025,success,11.131,1354,LACM,ugv_parking,1396,9,True,11.8
1.1787692146778497,0.5333333333333333,2.6666666666666665,0.025,success,11.131,1355,LACM,ugv_parking,1397,9,True,11.8
1.4352059369366839,0.7,3.5,0.0,success,11.882,1356,LACM,ugv_parking,1398,7,True,12.200000000000001
1.3081928511264875,0.7,3.5,0.0,success,11.882,1357,LACM,ugv_parking,1399,7,True,12.200000000000001
1.417162908844636,0.5333333333333333,2.6666666666666665,0.025,success,11.131,1358,LACM,ugv_parking,1400,9,True,11.8
1.4694314890617202,0.7,3.5,0.0,success,11.882,1359,LACM,ugv_parking,1401,7,True,12.200000000000001
1.2561514680209225,0.7,3.5,0.0,success,11.882,1360,LACM,ugv_parking,1402,7,True,12.200000000000001
1.1823275567264797,0.7,3.5,0.0,success,11.882,1361,LACM,ugv_parking,1403,7,True,12.200000000000001
1.3742155826598412,0.7,3.5,0.0,success,11.882,1362,LACM,ugv_parking,1404,7,True,12.200000000000001
1.2651046644320714,0.7,3.5,0.0,success,11.882,1363,LACM,ugv_parking,1405,7,True,12.200000000000001
1.5850092227625383,0.7,3.5,0.0,success,11.882,1364,LACM,ugv_parking,1406,7,True,12.200000000000001
1.3671537825897901,0.5333333333333333,2.6666666666666665,0.025,success,11.131,1365,LACM,ugv_parking,1407,9,True,11.8
1.2389004987326242,0.7,3.5,0.0,success,11.882,1366,LACM,ugv_parking,1408,7,True,12.200000000000001
1.3379600468548223,0.5333333333333333,2.6666666666666665,0.025,success,11.131,1367,LACM,ugv_parking,1409,9,True,11.8
1.2593224385385768,0.7,3.5,0.0,success,11.882,1368,LACM,ugv_parking,1410,7,True,12.200000000000001
1.558503002333985,0.7,3.5,0.0,success,11.882,1369,LACM,ugv_parking,1411,7,True,12.200000000000001
1.341111273856826,0.7,3.5,0.0,success,11.882,1370,LACM,ugv_parking,1412,7,True,12.200000000000001
1.223572430379939,0.7,3.5,0.0,success,11.882,1371,LACM,ugv_parking,1413,7,True,12.200000000000001
1.6057533751272186,0.7,3.5,0.0,success,11.882,1372,LACM,ugv_parking,1414,7,True,12.200000000000001
1.6875910797250908,0.7,3.5,0.0,success,11.882,1373,LACM,ugv_parking,1415,7,True,12.200000000000001
1.334051792569423,0.5333333333333333,2.6666666666666665,0.025,success,11.131,1374,LACM,ugv_parking,1416,9,True,11.8
1.409757089008729,0.7,3.5,0.0,success,11.882,1375,LACM,ugv_parking,1417,7,True,12.200000000000001
1.3190900660395202,0.7,3.5,0.0,success,11.882,1376,LACM,ugv_parking,1418,7,True,12.200000000000001
1.571141356761407,0.7,3.5,0.0,success,11.882,1377,LACM,ugv_parking,1419,7,True,12.200000000000001
1.537836639871304,0.7,3.5,0.0,success,11.882,1378,LACM,ugv_parking,1420,7,True,12.200000000000001
1.1349822316485956,0.5333333333333333,2.6666666666666665,0.025,success,11.131,1379,LACM,ugv_parking,1421,9,True,11.8
1.3887541788643523,0.5333333333333333,2.6666666666666665,0.025,success,11.131,1380,LACM,ugv_parking,1422,9,True,11.8
1.531610117827726,0.7,3.5,0.0,success,11.882,1381,LACM,ugv_parking,1423,7,True,12.200000000000001
1.327634441611472,0.5333333333333333,2.6666666666666665,0.025,success,11.131,1382,LACM,ugv_parking,1424,9,True,11.8
1.2817679760880942,0.7,3.5,0.0,success,11.882,1383,LACM,ugv_parking,1425,7,True,12.200000000000001
1.7894940493568734,0.7,3.5,0.0,success,11.882,1384,LACM,ugv_parking,1426,7,True,12.200000000000001
1.3966045450736253,0.7,3.5,0.0,success,11.882,1385,LACM,ugv_parking,1427,7,True,12.200000000000001
1.4111262518804533,0.7,3.5,0.0,success,11.882,1386,LACM,ugv_parking,1428,7,True,12.200000000000001
1.3539394827613471,0.5333333333333333,2.6666666666666665,0.025,success,11.131,1387,LACM,ugv_parking,1429,9,True,11.8
1.604560025910002,0.7,3.5,0.0,success,11.882,1388,LACM,ugv_parking,1430,7,True,12.200000000000001
1.3443891455383992,0.7,3.5,0.0,success,11.882,1389,LACM,ugv_parking,1431,7,True,12.200000000000001
1.5901561748177016,0.7,3.5,0.0,success,11.882,1390,LACM,ugv_parking,1432,7,True,12.200000000000001
1.6690083504804278,0.7,3.5,0.0,success,11.882,1391,LACM,ugv_parking,1433,7,True,12.200000000000001
1.1812518213903493,0.5333333333333333,2.6666666666666665,0.025,success,11.131,1392,LACM,ugv_parking,1434,9,True,11.8
1.6573040444423635,0.7,3.5,0.0,success,11.882,1393,LACM,ugv_parking,1435,7,True,12.200000000000001
1.5412724742512758,0.7,3.5,0.0,success,11.882,1394,LACM,ugv_parking,1436,7,True,12.200000000000001
1.4239390548148287,0.5333333333333333,2.6666666666666665,0.025,success,11.131,1395,LACM,ugv_parking,1437,9,True,11.8
1.679528420929779,0.7,3.5,0.0,success,11.882,1396,LACM,ugv_parking,1438,7,True,12.200000000000001
1.26289228076491,0.7,3.5,0.0,success,11.882,1397,LACM,ugv_parking,1439,7,True,12.200000000000001
1.50457789161091,0.5333333333333333,2.6666666666666665,0.025,success,11.131,1398,LACM,ugv_parking,1440,9,True,11.8
1.4300255516546427,0.7,3.5,0.0,success,11.882,1399,LACM,ugv_parking,1441,7,True,12.200000000000001
1.6462389970851448,0.7,3.5,0.0,success,11.882,1400,LACM,ugv_parking,1442,7,True,12.200000000000001
1.2928914911444112,0.5333333333333333,2.6666666666666665,0.025,success,11.131,1401,LACM,ugv_parking,1443,9,True,11.8
1.6314090893746749,0.7,3.5,0.0,success,11.882,1402,LACM,ugv_parking,1444,7,True,12.200000000000001
1.1183144810006975,0.5333333333333333,2.6666666666666665,0.025,success,11.131,1403,LACM,ugv_parking,1445,9,True,11.8
1.3529330070468313,0.7,3.5,0.0,success,11.882,1404,LACM,ugv_parking,1446,7,True,12.200000000000001
1.1599149673744165,0.5333333333333333,2.6666666666666665,0.025,success,11.131,1405,LACM,ugv_parking,1447,9,True,11.8
1.254761646709475,0.7,3.5,0.0,success,11.882,1406,LACM,ugv_parking,1448,7,True,12.200000000000001
1.2650453395777823,0.5333333333333333,2.6666666666666665,0.025,success,11.131,1407,LACM,ugv_parking,1449,9,True,11.8
1.2805348028365584,0.7,3.5,0.0,success,11.882,1408,LACM,ugv_parking,1450,7,True,12.200000000000001
1.2411034218903785,0.7,3.5,0.0,success,11.882,1409,LACM,ugv_parking,1451,7,True,12.200000000000001
1.4891522044938326,0.7,3.5,0.0,success,11.882,1410,LACM,ugv_parking,1452,7,True,12.200000000000001
1.4215464469560457,0.7,3.5,0.0,success,11.882,1411,LACM,ugv_parking,1453,7,True,12.200000000000001
1.5451228137927902,0.7,3.5,0.0,success,11.882,1412,LACM,ugv_parking,1454,7,True,12.200000000000001
1.2342918364526154,0.7,3.5,0.0,success,11.882,1413,LACM,ugv_parking,1455,7,True,12.200000000000001
1.2456742693085538,0.7,3.5,0.0,success,11.882,1414,LACM,ugv_parking,1456,7,True,12.200000000000001
1.3379742946048059,0.7,3.5,0.0,success,11.882,1415,LACM,ugv_parking,1457,7,True,12.200000000000001
1.3876894958334518,0.5333333333333333,2.6666666666666665,0.025,success,11.131,1416,LACM,ugv_parking,1458,9,True,11.8
1.2029478442751569,0.7,3.5,0.0,success,11.882,1417,LACM,ugv_parking,1459,7,True,12.200000000000001
1.616783331852627,0.7,3.5,0.0,success,11.882,1418,LACM,ugv_parking,1460,7,True,12.200000000000001
1.2881506573810926,0.5333333333333333,2.6666666666666665,0.025,success,11.131,1419,LACM,ugv_parking,1461,9,True,11.8
1.4712337862662082,0.7,3.5,0.0,success,11.882,1420,LACM,ugv_parking,1462,7,True,12.200000000000001
1.328259501685162,0.7,3.5,0.0,success,11.882,1421,LACM,ugv_parking,1463,7,True,12.200000000000001
1.5271011094819464,0.7,3.5,0.0,success,11.882,1422,LACM,ugv_parking,1464,7,True,12.200000000000001
1.3147128752253865,0.5333333333333333,2.6666666666666665,0.025,success,11.131,1423,LACM,ugv_parking,1465,9,True,11.8
1.3943693647605169,0.7,3.5,0.0,success,11.882,1424,LACM,ugv_parking,1466,7,True,12.200000000000001
1.4378888885030627,0.7,3.5,0.0,success,11.882,1425,LACM,ugv_parking,1467,7,True,12.200000000000001
1.6832225517709556,0.7,3.5,0.0,success,11.882,1426,LACM,ugv_parking,1468,7,True,12.200000000000001
1.1869049493296364,0.5333333333333333,2.6666666666666665,0.025,success,11.131,1427,LACM,ugv_parking,1469,9,True,11.8
1.7936367185363271,0.7,3.5,0.0,success,11.882,1428,LACM,ugv_parking,1470,7,True,12.200000000000001
1.1320058532903532,0.5333333333333333,2.6666666666666665,0.025,success,11.131,1429,LACM,ugv_parking,1471,9,True,11.8
1.3534021515031622,0.5333333333333333,2.6666666666666665,0.025,success,11.131,1430,LACM,ugv_parking,1472,9,True,11.8
1.417866955778944,0.5333333333333333,2.6666666666666665,0.025,success,11.131,1431,LACM,ugv_parking,1473,9,True,11.8
1.3278336560335318,0.5333333333333333,2.6666666666666665,0.025,success,11.131,1432,LACM,ugv_parking,1474,9,True,11.8
1.2914263367559597,0.5333333333333333,2.6666666666666665,0.025,success,11.131,1433,LACM,ugv_parking,1475,9,True,11.8
1.2969918857837788,0.7,3.5,0.0,success,11.882,1434,LACM,ugv_parking,1476,7,True,12.200000000000001
1.57360800316036,0.7,3.5,0.0,success,11.882,1435,LACM,ugv_parking,1477,7,True,12.200000000000001
1.3019904282034562,0.7,3.5,0.0,success,11.882,1436,LACM,ugv_parking,1478,7,True,12.200000000000001
1.1601430583603367,0.5333333333333333,2.6666666666666665,0.025,success,11.131,1437,LACM,ugv_parking,1479,9,True,11.8
1.7646839302385897,0.7,3.5,0.0,success,11.882,1438,LACM,ugv_parking,1480,7,True,12.200000000000001
1.2858883490121344,0.5333333333333333,2.6666666666666665,0.025,success,11.131,1439,LACM,ugv_parking,1481,9,True,11.8
1.1553493594299087,0.5333333333333333,2.6666666666666665,0.025,success,11.131,1440,LACM,ugv_parking,1482,9,True,11.8
1.5508821718432184,0.7,3.5,0.0,success,11.882,1441,LACM,ugv_parking,1483,7,True,12.200000000000001
1.3156630463408139,0.5333333333333333,2.6666666666666665,0.025,success,11.131,1442,LACM,ugv_parking,1484,9,True,11.8
1.5027910597366867,0.7,3.5,0.0,success,11.882,1443,LACM,ugv_parking,1485,7,True,12.200000000000001
1.6770597161052567,0.7,3.5,0.0,success,11.882,1444,LACM,ugv_parking,1486,7,True,12.200000000000001
1.5615717193384908,0.7,3.5,0.0,success,11.882,1445,LACM,ugv_parking,1487,7,True,12.200000000000001
1.1674327902789283,0.7,3.5,0.0,success,11.882,1446,LACM,ugv_parking,1488,7,True,12.200000000000001
1.1751201653151877,0.7,3.5,0.0,success,11.882,1447,LACM,ugv_parking,1489,7,True,12.200000000000001
1.6020738379499782,0.7,3.5,0.0,success,11.882,1448,LACM,ugv_parking,1490,7,True,12.200000000000001
1.2905205061765375,0.5333333333333333,2.6666666666666665,0.025,success,11.131,1449,LACM,ugv_parking,1491,9,True,11.8
1.4143222362107104,0.7,3.5,0.0,success,11.882,1450,LACM,ugv_parking,1492,7,True,12.200000000000001
1.4129330414828587,0.7,3.5,0.0,success,11.882,1451,LACM,ugv_parking,1493,7,True,12.200000000000001
1.2895661083694525,0.5333333333333333,2.6666666666666665,0.025,success,11.131,1452,LACM,ugv_parking,1494,9,True,11.8
1.4438180374374534,0.7,3.5,0.0,success,11.882,1453,LACM,ugv_parking,1495,7,True,12.200000000000001
1.3572239756447084,0.7,3.5,0.0,success,11.882,1454,LACM,ugv_parking,1496,7,True,12.200000000000001
1.3151176882912032,0.5333333333333333,2.6666666666666665,0.025,success,11.131,1455,LACM,ugv_parking,1497,9,True,11.8
1.1446145563482142,0.5333333333333333,2.6666666666666665,0.025,success,11.131,1456,LACM,ugv_parking,1498,9,True,11.8
1.2131729628004027,0.7,3.5,0.0,success,11.882,1457,LACM,ugv_parking,1499,7,True,12.200000000000001
1.448731134750283,0.7,3.5,0.0,success,11.882,1458,LACM,ugv_parking,1500,7,True,12.200000000000001
1.425939027632131,0.7,3.5,0.0,success,11.882,1459,LACM,ugv_parking,1501,7,True,12.200000000000001
1.274432678869448,0.5333333333333333,2.6666666666666665,0.025,success,11.131,1460,LACM,ugv_parking,1502,9,True,11.8
1.2373440529308286,0.7,3.5,0.0,success,11.882,1461,LACM,ugv_parking,1503,7,True,12.200000000000001
1.5348575218822182,0.7,3.5,0.0,success,11.882,1462,LACM,ugv_parking,1504,7,True,12.200000000000001
1.2070155444992148,0.5333333333333333,2.6666666666666665,0.025,success,11.131,1463,LACM,ugv_parking,1505,9,True,11.8
1.451567602864144,0.5333333333333333,2.6666666666666665,0.025,success,11.131,1464,LACM,ugv_parking,1506,9,True,11.8
1.258009140447514,0.5333333333333333,2.6666666666666665,0.025,success,11.131,1465,LACM,ugv_parking,1507,9,True,11.8
1.3352425301349287,0.7,3.5,0.0,success,11.882,1466,LACM,ugv_parking,1508,7,True,12.200000000000001
1.6480875258109575,0.7,3.5,0.0,success,11.882,1467,LACM,ugv_parking,1509,7,True,12.200000000000001
1.3143131853723558,0.7,3.5,0.0,success,11.882,1468,LACM,ugv_parking,1510,7,True,12.200000000000001
1.407694973591891,0.5333333333333333,2.6666666666666665,0.025,success,11.131,1469,LACM,ugv_parking,1511,9,True,11.8
1.250464337382693,0.7,3.5,0.0,success,11.882,1470,LACM,ugv_parking,1512,7,True,12.200000000000001
1.3376725217685124,0.7,3.5,0.0,success,11.882,1471,LACM,ugv_parking,1513,7,True,12.200000000000001
1.224158736143574,0.5333333333333333,2.6666666666666665,0.025,success,11.131,1472,LACM,ugv_parking,1514,9,True,11.8
1.6146420651649462,0.7,3.5,0.0,success,11.882,1473,LACM,ugv_parking,1515,7,True,12.200000000000001
1.235843338287741,0.5333333333333333,2.6666666666666665,0.025,success,11.131,1474,LACM,ugv_parking,1516,9,True,11.8
1.1679410511183845,0.7,3.5,0.0,success,11.882,1475,LACM,ugv_parking,1517,7,True,12.200000000000001
1.3136524972149994,0.5333333333333333,2.6666666666666665,0.025,success,11.131,1476,LACM,ugv_parking,1518,9,True,11.8
1.4468054698284671,0.5333333333333333,2.6666666666666665,0.025,success,11.131,1477,LACM,ugv_parking,1519,9,True,11.8
1.2561016861280132,0.7,3.5,0.0,success,11.882,1478,LACM,ugv_parking,1520,7,True,12.200000000000001
1.143429720604989,0.5333333333333333,2.6666666666666665,0.025,success,11.131,1479,LACM,ugv_parking,1521,9,True,11.8
1.475397489547489,0.7,3.5,0.0,success,11.882,1480,LACM,ugv_parking,1522,7,True,12.200000000000001
1.3058028657023446,0.5333333333333333,2.6666666666666665,0.025,success,11.131,1481,LACM,ugv_parking,1523,9,True,11.8
1.2917834634220302,0.5333333333333333,2.6666666666666665,0.025,success,11.131,1482,LACM,ugv_parking,1524,9,True,11.8
1.6750157917521689,0.7,3.5,0.0,success,11.882,1483,LACM,ugv_parking,1525,7,True,12.200000000000001
1.3423889372283972,0.7,3.5,0.0,success,11.882,1484,LACM,ugv_parking,1526,7,True,12.200000000000001
1.46421090758093,0.7,3.5,0.0,success,11.882,1485,LACM,ugv_parking,1527,7,True,12.200000000000001
1.235663112725713,0.7,3.5,0.0,success,11.882,1486,LACM,ugv_parking,1528,7,True,12.200000000000001
1.3520341642586364,0.7,3.5,0.0,success,11.882,1487,LACM,ugv_parking,1529,7,True,12.200000000000001
1.3324415025158642,0.5333333333333333,2.6666666666666665,0.025,success,11.131,1488,LACM,ugv_parking,1530,9,True,11.8
1.3702152713631364,0.7,3.5,0.0,success,11.882,1489,LACM,ugv_parking,1531,7,True,12.200000000000001
1.4171833433134196,0.7,3.5,0.0,success,11.882,1490,LACM,ugv_parking,1532,7,True,12.200000000000001
1.5732607682113142,0.7,3.5,0.0,success,11.882,1491,LACM,ugv_parking,1533,7,True,12.200000000000001
1.1995443240502146,0.7,3.5,0.0,success,11.882,1492,LACM,ugv_parking,1534,7,True,12.200000000000001
1.4872542673303701,0.7,3.5,0.0,success,11.882,1493,LACM,ugv_parking,1535,7,True,12.200000000000001
1.4133930185024006,0.7,3.5,0.0,success,11.882,1494,LACM,ugv_parking,1536,7,True,12.200000000000001
1.3243904587715898,0.7,3.5,0.0,success,11.882,1495,LACM,ugv_parking,1537,7,True,12.200000000000001
1.3647132870018854,0.7,3.5,0.0,success,11.882,1496,LACM,ugv_parking,1538,7,True,12.200000000000001
1.2371031388088092,0.5333333333333333,2.6666666666666665,0.025,success,11.131,1497,LACM,ugv_parking,1539,9,True,11.8
1.1626560849207552,0.5333333333333333,2.6666666666666665,0.025,success,11.131,1498,LACM,ugv_parking,1540,9,True,11.8
1.2756928873611106,0.7,3.5,0.0,success,11.882,1499,LACM,ugv_parking,1541,7,True,12.200000000000001
1.4433892237502441,0.7,3.5,0.0,success,11.882,1500,LACM,ugv_parking,1542,7,True,12.200000000000001
1.1971381404984494,0.5333333333333333,2.6666666666666665,0.025,success,11.131,1501,LACM,ugv_parking,1543,9,True,11.8
1.5494004904508596,0.5333333333333333,2.6666666666666665,0.025,success,11.131,1502,LACM,ugv_parking,1544,9,True,11.8
1.1665336579077217,0.5333333333333333,2.6666666666666665,0.025,success,11.131,1503,LACM,ugv_parking,1545,9,True,11.8
1.379588538961854,0.5333333333333333,2.6666666666666665,0.025,success,11.131,1504,LACM,ugv_parking,1546,9,True,11.8
1.392780835515806,0.7,3.5,0.0,success,11.882,1505,LACM,ugv_parking,1547,7,True,12.200000000000001
1.2492522897203824,0.5333333333333333,2.6666666666666665,0.025,success,11.131,1506,LACM,ugv_parking,1548,9,True,11.8
1.4058065322286857,0.7,3.5,0.0,success,11.882,1507,LACM,ugv_parking,1549,7,True,12.200000000000001
1.4956063384068405,0.7,3.5,0.0,success,11.882,1508,LACM,ugv_parking,1550,7,True,12.200000000000001
1.3679407002730055,0.7,3.5,0.0,success,11.882,1509,LACM,ugv_parking,1551,7,True,12.200000000000001
1.2292338739498343,0.5333333333333333,2.6666666666666665,0.025,success,11.131,1510,LACM,ugv_parking,1552,9,True,11.8
1.4661511760508712,0.7,3.5,0.0,success,11.882,1511,LACM,ugv_parking,1553,7,True,12.200000000000001
1.5054848522731867,0.7,3.5,0.0,success,11.882,1512,LACM,ugv_parking,1554,7,True,12.200000000000001
1.155619712897163,0.7,3.5,0.0,success,11.882,1513,LACM,ugv_parking,1555,7,True,12.200000000000001
1.3635613914381381,0.7,3.5,0.0,success,11.882,1514,LACM,ugv_parking,1556,7,True,12.200000000000001
1.3024009609366343,0.5333333333333333,2.6666666666666665,0.025,success,11.131,1515,LACM,ugv_parking,1557,9,True,11.8
1.3541946306629924,0.7,3.5,0.0,success,11.882,1516,LACM,ugv_parking,1558,7,True,12.200000000000001
1.619874664233571,0.7,3.5,0.0,success,11.882,1517,LACM,ugv_parking,1559,7,True,12.200000000000001
1.5586090525501044,0.7,3.5,0.0,success,11.882,1518,LACM,ugv_parking,1560,7,True,12.200000000000001
1.6022118004197707,0.7,3.5,0.0,success,11.882,1519,LACM,ugv_parking,1561,7,True,12.200000000000001
1.2954694673295948,0.7,3.5,0.0,success,11.882,1520,LACM,ugv_parking,1562,7,True,12.200000000000001
1.729439535449359,0.7,3.5,0.0,success,11.882,1521,LACM,ugv_parking,1563,7,True,12.200000000000001
1.5380838671152448,0.5333333333333333,2.6666666666666665,0.025,success,11.131,1522,LACM,ugv_parking,1564,9,True,11.8
1.6410015705795675,0.7,3.5,0.0,success,11.882,1523,LACM,ugv_parking,1565,7,True,12.200000000000001
1.484299189171167,0.5333333333333333,2.6666666666666665,0.025,success,11.131,1524,LACM,ugv_parking,1566,9,True,11.8
1.3054075637049998,0.7,3.5,0.0,success,11.882,1525,LACM,ugv_parking,1567,7,True,12.200000000000001
1.5488710528697684,0.7,3.5,0.0,success,11.882,1526,LACM,ugv_parking,1568,7,True,12.200000000000001
1.4415327715258113,0.7,3.5,0.0,success,11.882,1527,LACM,ugv_parking,1569,7,True,12.200000000000001
1.2348932387623301,0.5333333333333333,2.6666666666666665,0.025,success,11.131,1528,LACM,ugv_parking,1570,9,True,11.8
1.2889105283478866,0.5333333333333333,2.6666666666666665,0.025,success,11.131,1529,LACM,ugv_parking,1571,9,True,11.8
1.5521166873909078,0.7,3.5,0.0,success,11.882,1530,LACM,ugv_parking,1572,7,True,12.200000000000001
1.6014344647647223,0.7,3.5,0.0,success,11.882,1531,LACM,ugv_parking,1573,7,True,12.200000000000001
1.2839237044308112,0.7,3.5,0.0,success,11.882,1532,LACM,ugv_parking,1574,7,True,12.200000000000001
1.4241373700052755,0.7,3.5,0.0,success,11.882,1533,LACM,ugv_parking,1575,7,True,12.200000000000001
1.6046050269937338,0.7,3.5,0.0,success,11.882,1534,LACM,ugv_parking,1576,7,True,12.200000000000001
1.522108017388223,0.7,3.5,0.0,success,11.882,1535,LACM,ugv_parking,1577,7,True,12.200000000000001
1.5218318735258043,0.7,3.5,0.0,success,11.882,1536,LACM,ugv_parking,1578,7,True,12.200000000000001
1.6802872910357711,0.7,3.5,0.0,success,11.882,1537,LACM,ugv_parking,1579,7,True,12.200000000000001
1.3205877289752852,0.7,3.5,0.0,success,11.882,1538,LACM,ugv_parking,1580,7,True,12.200000000000001
1.5878909107115156,0.7,3.5,0.0,success,11.882,1539,LACM,ugv_parking,1581,7,True,12.200000000000001
1.231337678892424,0.5333333333333333,2.6666666666666665,0.025,success,11.131,1540,LACM,ugv_parking,1582,9,True,11.8
1.4963828901052212,0.7,3.5,0.0,success,11.882,1541,LACM,ugv_parking,1583,7,True,12.200000000000001
1.4589367694220232,0.7,3.5,0.0,success,11.882,1542,LACM,ugv_parking,1584,7,True,12.200000000000001
1.5826554625502625,0.7,3.5,0.0,success,11.882,1543,LACM,ugv_parking,1585,7,True,12.200000000000001
1.2020985182645894,0.7,3.5,0.0,success,11.882,1544,LACM,ugv_parking,1586,7,True,12.200000000000001
1.2190281511471692,0.5333333333333333,2.6666666666666665,0.025,success,11.131,1545,LACM,ugv_parking,1587,9,True,11.8
1.265873238050371,0.7,3.5,0.0,success,11.882,1546,LACM,ugv_parking,1588,7,True,12.200000000000001
1.5110032236009072,0.5333333333333333,2.6666666666666665,0.025,success,11.131,1547,LACM,ugv_parking,1589,9,True,11.8
1.406410772055448,0.5333333333333333,2.6666666666666665,0.025,success,11.131,1548,LACM,ugv_parking,1590,9,True,11.8
1.2872572686349542,0.7,3.5,0.0,success,11.882,1549,LACM,ugv_parking,1591,7,True,12.200000000000001
1.2292032645883944,0.7,3.5,0.0,success,11.882,1550,LACM,ugv_parking,1592,7,True,12.200000000000001
1.4359802090878202,0.7,3.5,0.0,success,11.882,1551,LACM,ugv_parking,1593,7,True,12.200000000000001
1.7140746902388155,0.7,3.5,0.0,success,11.882,1552,LACM,ugv_parking,1594,7,True,12.200000000000001
1.3927419301445636,0.7,3.5,0.0,success,11.882,1553,LACM,ugv_parking,1595,7,True,12.200000000000001
1.2853705265403421,0.5333333333333333,2.6666666666666665,0.025,success,11.131,1554,LACM,ugv_parking,1596,9,True,11.8
1.514032518707343,0.7,3.5,0.0,success,11.882,1555,LACM,ugv_parking,1597,7,True,12.200000000000001
1.5661948717395102,0.7,3.5,0.0,success,11.882,1556,LACM,ugv_parking,1598,7,True,12.200000000000001
1.5786757990495484,0.7,3.5,0.0,success,11.882,1557,LACM,ugv_parking,1599,7,True,12.200000000000001
1.3418974059647437,0.5333333333333333,2.6666666666666665,0.025,success,11.131,1558,LACM,ugv_parking,1600,9,True,11.8
1.4647483742406329,0.7,3.5,0.0,success,11.882,1559,LACM,ugv_parking,1601,7,True,12.200000000000001
1.446632244425707,0.7,3.5,0.0,success,11.882,1560,LACM,ugv_parking,1602,7,True,12.200000000000001
1.2280467703212563,0.7,3.5,0.0,success,11.882,1561,LACM,ugv_parking,1603,7,True,12.200000000000001
1.3371548957523087,0.5333333333333333,2.6666666666666665,0.025,success,11.131,1562,LACM,ugv_parking,1604,9,True,11.8
1.2060387668911463,0.5333333333333333,2.6666666666666665,0.025,success,11.131,1563,LACM,ugv_parking,1605,9,True,11.8
1.3821461007544968,0.7,3.5,0.0,success,11.882,1564,LACM,ugv_parking,1606,7,True,12.200000000000001
1.4110419646211234,0.7,3.5,0.0,success,11.882,1565,LACM,ugv_parking,1607,7,True,12.200000000000001
1.3552825483265973,0.5333333333333333,2.6666666666666665,0.025,success,11.131,1566,LACM,ugv_parking,1608,9,True,11.8
1.5624838399390586,0.7,3.5,0.0,success,11.882,1567,LACM,ugv_parking,1609,7,True,12.200000000000001
1.37152030575673,0.7,3.5,0.0,success,11.882,1568,LACM,ugv_parking,1610,7,True,12.200000000000001
1.604338085210854,0.7,3.5,0.0,success,11.882,1569,LACM,ugv_parking,1611,7,True,12.200000000000001
1.2998360313320476,0.5333333333333333,2.6666666666666665,0.025,success,11.131,1570,LACM,ugv_parking,1612,9,True,11.8
1.160969631730722,0.7,3.5,0.0,success,11.882,1571,LACM,ugv_parking,1613,7,True,12.200000000000001
1.309209948056359,0.5333333333333333,2.6666666666666665,0.025,success,11.131,1572,LACM,ugv_parking,1614,9,True,11.8
1.4372760353225185,0.7,3.5,0.0,success,11.882,1573,LACM,ugv_parking,1615,7,True,12.200000000000001
1.279682158372618,0.7,3.5,0.0,success,11.882,1574,LACM,ugv_parking,1616,7,True,12.200000000000001
1.608233926145569,0.7,3.5,0.0,success,11.882,1575,LACM,ugv_parking,1617,7,True,12.200000000000001
1.3087993479868043,0.7,3.5,0.0,success,11.882,1576,LACM,ugv_parking,1618,7,True,12.200000000000001
1.2512389753277524,0.5333333333333333,2.6666666666666665,0.025,success,11.131,1577,LACM,ugv_parking,1619,9,True,11.8
1.4557775681798066,0.7,3.5,0.0,success,11.882,1578,LACM,ugv_parking,1620,7,True,12.200000000000001
1.413715443885063,0.5333333333333333,2.6666666666666665,0.025,success,11.131,1579,LACM,ugv_parking,1621,9,True,11.8
1.316829174867885,0.7,3.5,0.0,success,11.882,1580,LACM,ugv_parking,1622,7,True,12.200000000000001
1.408332206427985,0.7,3.5,0.0,success,11.882,1581,LACM,ugv_parking,1623,7,True,12.200000000000001
1.1483369621689736,0.5333333333333333,2.6666666666666665,0.025,success,11.131,1582,LACM,ugv_parking,1624,9,True,11.8
1.4416907870852294,0.7,3.5,0.0,success,11.882,1583,LACM,ugv_parking,1625,7,True,12.200000000000001
1.1794482031206426,0.7,3.5,0.0,success,11.882,1584,LACM,ugv_parking,1626,7,True,12.200000000000001
1.3027004794397625,0.7,3.5,0.0,success,11.882,1585,LACM,ugv_parking,1627,7,True,12.200000000000001
1.308779037738277,0.5333333333333333,2.6666666666666665,0.025,success,11.131,1586,LACM,ugv_parking,1628,9,True,11.8
1.4894116029098377,0.7,3.5,0.0,success,11.882,1587,LACM,ugv_parking,1629,7,True,12.200000000000001
1.2203941492970598,0.5333333333333333,2.6666666666666665,0.025,success,11.131,1588,LACM,ugv_parking,1630,9,True,11.8
1.5098631775945792,0.7,3.5,0.0,success,11.882,1589,LACM,ugv_parking,1631,7,True,12.200000000000001
1.4415226044394902,0.5333333333333333,2.6666666666666665,0.025,success,11.131,1590,LACM,ugv_parking,1632,9,True,11.8
1.4969859000381565,0.7,3.5,0.0,success,11.882,1591,LACM,ugv_parking,1633,7,True,12.200000000000001
1.4700823161139014,0.7,3.5,0.0,success,11.882,1592,LACM,ugv_parking,1634,7,True,12.200000000000001
1.4073101536908221,0.7,3.5,0.0,success,11.882,1593,LACM,ugv_parking,1635,7,True,12.200000000000001
1.542290458746029,0.7,3.5,0.0,success,11.882,1594,LACM,ugv_parking,1636,7,True,12.200000000000001
1.495340760837744,0.7,3.5,0.0,success,11.882,1595,LACM,ugv_parking,1637,7,True,12.200000000000001
1.6206979131876964,0.7,3.5,0.0,success,11.882,1596,LACM,ugv_parking,1638,7,True,12.200000000000001
1.2365608229233291,0.5333333333333333,2.6666666666666665,0.025,success,11.131,1597,LACM,ugv_parking,1639,9,True,11.8
1.4502231806894623,0.7,3.5,0.0,success,11.882,1598,LACM,ugv_parking,1640,7,True,12.200000000000001
1.471343922903213,0.7,3.5,0.0,success,11.882,1599,LACM,ugv_parking,1641,7,True,12.200000000000001
1.5381354717968896,0.7,3.5,0.0,success,11.882,1600,LACM,ugv_parking,1642,7,True,12.200000000000001
1.7425894056490674,0.7,3.5,0.0,success,11.882,1601,LACM,ugv_parking,1643,7,True,12.200000000000001
1.5111738582893328,0.7,3.5,0.0,success,11.882,1602,LACM,ugv_parking,1644,7,True,12.200000000000001
1.48302557349203,0.7,3.5,0.0,success,11.882,1603,LACM,ugv_parking,1645,7,True,12.200000000000001
1.2864876906857212,0.7,3.5,0.0,success,11.882,1604,LACM,ugv_parking,1646,7,True,12.200000000000001
1.2870217171000817,0.7,3.5,0.0,success,11.882,1605,LACM,ugv_parking,1647,7,True,12.200000000000001
1.2713928543040274,0.5333333333333333,2.6666666666666665,0.025,success,11.131,1606,LACM,ugv_parking,1648,9,True,11.8
1.5443549301773416,0.7,3.5,0.0,success,11.882,1607,LACM,ugv_parking,1649,7,True,12.200000000000001
1.3311327828192199,0.7,3.5,0.0,success,11.882,1608,LACM,ugv_parking,1650,7,True,12.200000000000001
1.0914353660071385,0.5333333333333333,2.6666666666666665,0.025,success,11.131,1609,LACM,ugv_parking,1651,9,True,11.8
1.2969887749788183,0.7,3.5,0.0,success,11.882,1610,LACM,ugv_parking,1652,7,True,12.200000000000001
1.6813442740099074,0.7,3.5,0.0,success,11.882,1611,LACM,ugv_parking,1653,7,True,12.200000000000001
1.5784199880486354,0.5333333333333333,2.6666666666666665,0.025,success,11.131,1612,LACM,ugv_parking,1654,9,True,11.8
1.278459006165237,0.7,3.5,0.0,success,11.882,1613,LACM,ugv_parking,1655,7,True,12.200000000000001
1.7069694924875027,0.7,3.5,0.0,success,11.882,1614,LACM,ugv_parking,1656,7,True,12.200000000000001
1.4665770304075338,0.7,3.5,0.0,success,11.882,1615,LACM,ugv_parking,1657,7,True,12.200000000000001
1.502540539789911,0.7,3.5,0.0,success,11.882,1616,LACM,ugv_parking,1658,7,True,12.200000000000001
1.4908012498062653,0.7,3.5,0.0,success,11.882,1617,LACM,ugv_parking,1659,7,True,12.200000000000001
1.3992413438525775,0.7,3.5,0.0,success,11.882,1618,LACM,ugv_parking,1660,7,True,12.200000000000001
1.6656621849780906,0.7,3.5,0.0,success,11.882,1619,LACM,ugv_parking,1661,7,True,12.200000000000001
1.3992837024852451,0.7,3.5,0.0,success,11.882,1620,LACM,ugv_parking,1662,7,True,12.200000000000001
1.2874444736143877,0.7,3.5,0.0,success,11.882,1621,LACM,ugv_parking,1663,7,True,12.200000000000001
1.594455291898231,0.7,3.5,0.0,success,11.882,1622,LACM,ugv_parking,1664,7,True,12.200000000000001
1.2393622104730886,0.7,3.5,0.0,success,11.882,1623,LACM,ugv_parking,1665,7,True,12.200000000000001
1.5248168782561136,0.7,3.5,0.0,success,11.882,1624,LACM,ugv_parking,1666,7,True,12.200000000000001
1.4510546919350884,0.7,3.5,0.0,success,11.882,1625,LACM,ugv_parking,1667,7,True,12.200000000000001
1.4580487095102503,0.7,3.5,0.0,success,11.882,1626,LACM,ugv_parking,1668,7,True,12.200000000000001
1.6727766925468492,0.7,3.5,0.0,success,11.882,1627,LACM,ugv_parking,1669,7,True,12.200000000000001
1.4809753378324402,0.7,3.5,0.0,success,11.882,1628,LACM,ugv_parking,1670,7,True,12.200000000000001
1.2188192022205855,0.7,3.5,0.0,success,11.882,1629,LACM,ugv_parking,1671,7,True,12.200000000000001
1.2974437468935571,0.7,3.5,0.0,success,11.882,1630,LACM,ugv_parking,1672,7,True,12.200000000000001
1.2669675317632576,0.7,3.5,0.0,success,11.882,1631,LACM,ugv_parking,1673,7,True,12.200000000000001
1.4699840067158663,0.7,3.5,0.0,success,11.882,1632,LACM,ugv_parking,1674,7,True,12.200000000000001
1.1482034405565318,0.7,3.5,0.0,success,11.882,1633,LACM,ugv_parking,1675,7,True,12.200000000000001
1.0921984711533705,0.5333333333333333,2.6666666666666665,0.025,success,11.131,1634,LACM,ugv_parking,1676,9,True,11.8
1.4154390978546576,0.7,3.5,0.0,success,11.882,1635,LACM,ugv_parking,1677,7,True,12.200000000000001
1.3294079666962126,0.7,3.5,0.0,success,11.882,1636,LACM,ugv_parking,1678,7,True,12.200000000000001
1.284073330563148,0.5333333333333333,2.6666666666666665,0.025,success,11.131,1637,LACM,ugv_parking,1679,9,True,11.8
1.241881569572922,0.7,3.5,0.0,success,11.882,1638,LACM,ugv_parking,1680,7,True,12.200000000000001
1.4439068869929734,0.7,3.5,0.0,success,11.882,1639,LACM,ugv_parking,1681,7,True,12.200000000000001
1.4969596493602664,0.7,3.5,0.0,success,11.882,1640,LACM,ugv_parking,1682,7,True,12.200000000000001
1.379592018872182,0.7,3.5,0.0,success,11.882,1641,LACM,ugv_parking,1683,7,True,12.200000000000001
1.3989299067122292,0.7,3.5,0.0,success,11.882,1642,LACM,ugv_parking,1684,7,True,12.200000000000001
1.5256784731165163,0.7,3.5,0.0,success,11.882,1643,LACM,ugv_parking,1685,7,True,12.200000000000001
1.1354575959809037,0.5333333333333333,2.6666666666666665,0.025,success,11.131,1644,LACM,ugv_parking,1686,9,True,11.8
1.2936316807687394,0.7,3.5,0.0,success,11.882,1645,LACM,ugv_parking,1687,7,True,12.200000000000001
1.3493578558571016,0.7,3.5,0.0,success,11.882,1646,LACM,ugv_parking,1688,7,True,12.200000000000001
1.5621772059658272,0.7,3.5,0.0,success,11.882,1647,LACM,ugv_parking,1689,7,True,12.200000000000001
1.3002603709572922,0.5333333333333333,2.6666666666666665,0.025,success,11.131,1648,LACM,ugv_parking,1690,9,True,11.8
1.3121731081098367,0.7,3.5,0.0,success,11.882,1649,LACM,ugv_parking,1691,7,True,12.200000000000001
1.5719936918069999,0.7,3.5,0.0,success,11.882,1650,LACM,ugv_parking,1692,7,True,12.200000000000001
1.4253523972104754,0.7,3.5,0.0,success,11.882,1651,LACM,ugv_parking,1693,7,True,12.200000000000001
1.3054206398329802,0.7,3.5,0.0,success,11.882,1652,LACM,ugv_parking,1694,7,True,12.200000000000001
1.3432479606568475,0.5333333333333333,2.6666666666666665,0.025,success,11.131,1653,LACM,ugv_parking,1695,9,True,11.8
1.1113907299226142,0.5333333333333333,2.6666666666666665,0.025,success,11.131,1654,LACM,ugv_parking,1696,9,True,11.8
1.430163611236849,0.7,3.5,0.0,success,11.882,1655,LACM,ugv_parking,1697,7,True,12.200000000000001
1.477291841398413,0.7,3.5,0.0,success,11.882,1656,LACM,ugv_parking,1698,7,True,12.200000000000001
1.4409908064643346,0.7,3.5,0.0,success,11.882,1657,LACM,ugv_parking,1699,7,True,12.200000000000001
1.3605772481544092,0.7,3.5,0.0,success,11.882,1658,LACM,ugv_parking,1700,7,True,12.200000000000001
1.3829712714352043,0.7,3.5,0.0,success,11.882,1659,LACM,ugv_parking,1701,7,True,12.200000000000001
1.2812038611384544,0.7,3.5,0.0,success,11.882,1660,LACM,ugv_parking,1702,7,True,12.200000000000001
1.5481944286471079,0.7,3.5,0.0,success,11.882,1661,LACM,ugv_parking,1703,7,True,12.200000000000001
1.301225442476686,0.7,3.5,0.0,success,11.882,1662,LACM,ugv_parking,1704,7,True,12.200000000000001
1.6665927073353117,0.7,3.5,0.0,success,11.882,1663,LACM,ugv_parking,1705,7,True,12.200000000000001
1.3693616012423395,0.7,3.5,0.0,success,11.882,1664,LACM,ugv_parking,1706,7,True,12.200000000000001
1.0854325557865019,0.5333333333333333,2.6666666666666665,0.025,success,11.131,1665,LACM,ugv_parking,1707,9,True,11.8
1.3017804119841596,0.7,3.5,0.0,success,11.882,1666,LACM,ugv_parking,1708,7,True,12.200000000000001
1.6883998469925046,0.7,3.5,0.0,success,11.882,1667,LACM,ugv_parking,1709,7,True,12.200000000000001
1.74164288739282,0.7,3.5,0.0,success,11.882,1668,LACM,ugv_parking,1710,7,True,12.200000000000001
1.4272186756865697,0.7,3.5,0.0,success,11.882,1669,LACM,ugv_parking,1711,7,True,12.200000000000001
1.490933366691908,0.7,3.5,0.0,success,11.882,1670,LACM,ugv_parking,1712,7,True,12.200000000000001
1.4270207009800673,0.7,3.5,0.0,success,11.882,1671,LACM,ugv_parking,1713,7,True,12.200000000000001
1.7009004069365368,0.7,3.5,0.0,success,11.882,1672,LACM,ugv_parking,1714,7,True,12.200000000000001
1.4118637401338587,0.7,3.5,0.0,success,11.882,1673,LACM,ugv_parking,1715,7,True,12.200000000000001
1.2632191565786945,0.5333333333333333,2.6666666666666665,0.025,success,11.131,1674,LACM,ugv_parking,1716,9,True,11.8
1.4032568040938296,0.7,3.5,0.0,success,11.882,1675,LACM,ugv_parking,1717,7,True,12.200000000000001
1.3810430883884357,0.7,3.5,0.0,success,11.882,1676,LACM,ugv_parking,1718,7,True,12.200000000000001
1.5356883270333053,0.7,3.5,0.0,success,11.882,1677,LACM,ugv_parking,1719,7,True,12.200000000000001
1.3572613758644207,0.7,3.5,0.0,success,11.882,1678,LACM,ugv_parking,1720,7,True,12.200000000000001
1.4882739424651992,0.7,3.5,0.0,success,11.882,1679,LACM,ugv_parking,1721,7,True,12.200000000000001
1.5103574276912786,0.7,3.5,0.0,success,11.882,1680,LACM,ugv_parking,1722,7,True,12.200000000000001
1.195143287997845,0.7,3.5,0.0,success,11.882,1681,LACM,ugv_parking,1723,7,True,12.200000000000001
1.1598258905953536,0.5333333333333333,2.6666666666666665,0.025,success,11.131,1682,LACM,ugv_parking,1724,9,True,11.8
1.1528687229495826,0.7,3.5,0.0,success,11.882,1683,LACM,ugv_parking,1725,7,True,12.200000000000001
1.2283716223687777,0.5333333333333333,2.6666666666666665,0.025,success,11.131,1684,LACM,ugv_parking,1726,9,True,11.8
1.553753786149102,0.7,3.5,0.0,success,11.882,1685,LACM,ugv_parking,1727,7,True,12.200000000000001
1.3296115058410254,0.7,3.5,0.0,success,11.882,1686,LACM,ugv_parking,1728,7,True,12.200000000000001
1.7524769893250327,0.7,3.5,0.0,success,11.882,1687,LACM,ugv_parking,1729,7,True,12.200000000000001
1.3881908952089772,0.5333333333333333,2.6666666666666665,0.025,success,11.131,1688,LACM,ugv_parking,1730,9,True,11.8
1.2382533946690528,0.7,3.5,0.0,success,11.882,1689,LACM,ugv_parking,1731,7,True,12.200000000000001
1.2961581572248144,0.5333333333333333,2.6666666666666665,0.025,success,11.131,1690,LACM,ugv_parking,1732,9,True,11.8
1.1837767016025893,0.5333333333333333,2.6666666666666665,0.025,success,11.131,1691,LACM,ugv_parking,1733,9,True,11.8
1.225001239451242,0.5333333333333333,2.6666666666666665,0.025,success,11.131,1692,LACM,ugv_parking,1734,9,True,11.8
1.603171988807156,0.7,3.5,0.0,success,11.882,1693,LACM,ugv_parking,1735,7,True,12.200000000000001
1.3257753745948937,0.5333333333333333,2.6666666666666665,0.025,success,11.131,1694,LACM,ugv_parking,1736,9,True,11.8
1.2567804272620915,0.5333333333333333,2.6666666666666665,0.025,success,11.131,1695,LACM,ugv_parking,1737,9,True,11.8
1.368860491688991,0.7,3.5,0.0,success,11.882,1696,LACM,ugv_parking,1738,7,True,12.200000000000001
1.421764221329016,0.5333333333333333,2.6666666666666665,0.025,success,11.131,1697,LACM,ugv_parking,1739,9,True,11.8
1.541392293909442,0.7,3.5,0.0,success,11.882,1698,LACM,ugv_parking,1740,7,True,12.200000000000001
1.357351284037899,0.7,3.5,0.0,success,11.882,1699,LACM,ugv_parking,1741,7,True,12.200000000000001
1.3150688154321843,0.5333333333333333,2.6666666666666665,0.025,success,11.131,1700,LACM,ugv_parking,1742,9,True,11.8
1.3307157393142737,0.7,3.5,0.0,success,11.882,1701,LACM,ugv_parking,1743,7,True,12.200000000000001
1.3708392192616872,0.7,3.5,0.0,success,11.882,1702,LACM,ugv_parking,1744,7,True,12.200000000000001
1.5402537136830967,0.7,3.5,0.0,success,11.882,1703,LACM,ugv_parking,1745,7,True,12.200000000000001
1.21538007955995,0.5333333333333333,2.6666666666666665,0.025,success,11.131,1704,LACM,ugv_parking,1746,9,True,11.8
1.3793850198937283,0.7,3.5,0.0,success,11.882,1705,LACM,ugv_parking,1747,7,True,12.200000000000001
1.72927491655531,0.7,3.5,0.0,success,11.882,1706,LACM,ugv_parking,1748,7,True,12.200000000000001
1.4091102268750764,0.7,3.5,0.0,success,11.882,1707,LACM,ugv_parking,1749,7,True,12.200000000000001
1.161400266214711,0.7,3.5,0.0,success,11.882,1708,LACM,ugv_parking,1750,7,True,12.200000000000001
1.1521489080931373,0.5333333333333333,2.6666666666666665,0.025,success,11.131,1709,LACM,ugv_parking,1751,9,True,11.8
1.3436362784569686,0.5333333333333333,2.6666666666666665,0.025,success,11.131,1710,LACM,ugv_parking,1752,9,True,11.8
1.5901626118529788,0.7,3.5,0.0,success,11.882,1711,LACM,ugv_parking,1753,7,True,12.200000000000001
1.213138268251188,0.5333333333333333,2.6666666666666665,0.025,success,11.131,1712,LACM,ugv_parking,1754,9,True,11.8
1.6764780039492875,0.7,3.5,0.0,success,11.882,1713,LACM,ugv_parking,1755,7,True,12.200000000000001
1.6290838950098718,0.7,3.5,0.0,success,11.882,1714,LACM,ugv_parking,1756,7,True,12.200000000000001
1.718217221981801,0.7,3.5,0.0,success,11.882,1715,LACM,ugv_parking,1757,7,True,12.200000000000001
1.3876637312945992,0.5333333333333333,2.6666666666666665,0.025,success,11.131,1716,LACM,ugv_parking,1758,9,True,11.8
1.3759930432153356,0.7,3.5,0.0,success,11.882,1717,LACM,ugv_parking,1759,7,True,12.200000000000001
1.4163655746863486,0.7,3.5,0.0,success,11.882,1718,LACM,ugv_parking,1760,7,True,12.200000000000001
1.3255266889279307,0.5333333333333333,2.6666666666666665,0.025,success,11.131,1719,LACM,ugv_parking,1761,9,True,11.8
1.422720455196675,0.7,3.5,0.0,success,11.882,1720,LACM,ugv_parking,1762,7,True,12.200000000000001
1.5010145941436768,0.7,3.5,0.0,success,11.882,1721,LACM,ugv_parking,1763,7,True,12.200000000000001
1.3904667512973037,0.7,3.5,0.0,success,11.882,1722,LACM,ugv_parking,1764,7,True,12.200000000000001
1.2512107640506067,0.5333333333333333,2.6666666666666665,0.025,success,11.131,1723,LACM,ugv_parking,1765,9,True,11.8
1.2932226198857038,0.5333333333333333,2.6666666666666665,0.025,success,11.131,1724,LACM,ugv_parking,1766,9,True,11.8
1.6611080351090162,0.7,3.5,0.0,success,11.882,1725,LACM,ugv_parking,1767,7,True,12.200000000000001
1.480403351999438,0.7,3.5,0.0,success,11.882,1726,LACM,ugv_parking,1768,7,True,12.200000000000001
1.3925853546125708,0.5333333333333333,2.6666666666666665,0.025,success,11.131,1727,LACM,ugv_parking,1769,9,True,11.8
1.3722989381460158,0.7,3.5,0.0,success,11.882,1728,LACM,ugv_parking,1770,7,True,12.200000000000001
1.3847943107859642,0.5333333333333333,2.6666666666666665,0.025,success,11.131,1729,LACM,ugv_parking,1771,9,True,11.8
1.2085320163473663,0.5333333333333333,2.6666666666666665,0.025,success,11.131,1730,LACM,ugv_parking,1772,9,True,11.8
1.4711654095980964,0.7,3.5,0.0,success,11.882,1731,LACM,ugv_parking,1773,7,True,12.200000000000001
1.3909004865928185,0.7,3.5,0.0,success,11.882,1732,LACM,ugv_parking,1774,7,True,12.200000000000001
1.1911886807293406,0.7,3.5,0.0,success,11.882,1733,LACM,ugv_parking,1775,7,True,12.200000000000001
1.2904979092625428,0.7,3.5,0.0,success,11.882,1734,LACM,ugv_parking,1776,7,True,12.200000000000001
1.5367730926093512,0.7,3.5,0.0,success,11.882,1735,LACM,ugv_parking,1777,7,True,12.200000000000001
1.3889135800266286,0.7,3.5,0.0,success,11.882,1736,LACM,ugv_parking,1778,7,True,12.200000000000001
1.5043508058005253,0.7,3.5,0.0,success,11.882,1737,LACM,ugv_parking,1779,7,True,12.200000000000001
1.3335356168092685,0.7,3.5,0.0,success,11.882,1738,LACM,ugv_parking,1780,7,True,12.200000000000001
1.3391153121082715,0.5333333333333333,2.6666666666666665,0.025,success,11.131,1739,LACM,ugv_parking,1781,9,True,11.8
1.2395327987744447,0.7,3.5,0.0,success,11.882,1740,LACM,ugv_parking,1782,7,True,12.200000000000001
1.5717817872825561,0.7,3.5,0.0,success,11.882,1741,LACM,ugv_parking,1783,7,True,12.200000000000001
1.3920228159078964,0.5333333333333333,2.6666666666666665,0.025,success,11.131,1742,LACM,ugv_parking,1784,9,True,11.8
1.3908737234903195,0.7,3.5,0.0,success,11.882,1743,LACM,ugv_parking,1785,7,True,12.200000000000001
1.267774159815842,0.7,3.5,0.0,success,11.882,1744,LACM,ugv_parking,1786,7,True,12.200000000000001
1.168073698658682,0.5333333333333333,2.6666666666666665,0.025,success,11.131,1745,LACM,ugv_parking,1787,9,True,11.8
1.421410211277014,0.7,3.5,0.0,success,11.882,1746,LACM,ugv_parking,1788,7,True,12.200000000000001
1.5837162688096622,0.7,3.5,0.0,success,11.882,1747,LACM,ugv_parking,1789,7,True,12.200000000000001
1.543632809987929,0.5333333333333333,2.6666666666666665,0.025,success,11.131,1748,LACM,ugv_parking,1790,9,True,11.8
1.4653096329949464,0.7,3.5,0.0,success,11.882,1749,LACM,ugv_parking,1791,7,True,12.200000000000001
1.4518652344571723,0.7,3.5,0.0,success,11.882,1750,LACM,ugv_parking,1792,7,True,12.200000000000001
1.283239240366775,0.5333333333333333,2.6666666666666665,0.025,success,11.131,1751,LACM,ugv_parking,1793,9,True,11.8
1.2154815418983365,0.7,3.5,0.0,success,11.882,1752,LACM,ugv_parking,1794,7,True,12.200000000000001
1.398664427406358,0.7,3.5,0.0,success,11.882,1753,LACM,ugv_parking,1795,7,True,12.200000000000001
1.7555399492410495,0.7,3.5,0.0,success,11.882,1754,LACM,ugv_parking,1796,7,True,12.200000000000001
1.1539984049859138,0.7,3.5,0.0,success,11.882,1755,LACM,ugv_parking,1797,7,True,12.200000000000001
1.4340937984790223,0.7,3.5,0.0,success,11.882,1756,LACM,ugv_parking,1798,7,True,12.200000000000001
1.1944892769686437,0.5333333333333333,2.6666666666666665,0.025,success,11.131,1757,LACM,ugv_parking,1799,9,True,11.8
1.1650233828616239,0.7,3.5,0.0,success,11.882,1758,LACM,ugv_parking,1800,7,True,12.200000000000001
1.180657639252227,0.5333333333333333,2.6666666666666665,0.025,success,11.131,1759,LACM,ugv_parking,1801,9,True,11.8
1.528220523648366,0.7,3.5,0.0,success,11.882,1760,LACM,ugv_parking,1802,7,True,12.200000000000001
1.326059653674164,0.7,3.5,0.0,success,11.882,1761,LACM,ugv_parking,1803,7,True,12.200000000000001
1.5808649727126505,0.7,3.5,0.0,success,11.882,1762,LACM,ugv_parking,1804,7,True,12.200000000000001
1.5554545438577043,0.7,3.5,0.0,success,11.882,1763,LACM,ugv_parking,1805,7,True,12.200000000000001
1.3497154071614554,0.5333333333333333,2.6666666666666665,0.025,success,11.131,1764,LACM,ugv_parking,1806,9,True,11.8
1.4844037990030805,0.7,3.5,0.0,success,11.882,1765,LACM,ugv_parking,1807,7,True,12.200000000000001
1.2351863486501824,0.5333333333333333,2.6666666666666665,0.025,success,11.131,1766,LACM,ugv_parking,1808,9,True,11.8
1.6932517738470918,0.7,3.5,0.0,success,11.882,1767,LACM,ugv_parking,1809,7,True,12.200000000000001
1.2343216396444054,0.5333333333333333,2.6666666666666665,0.025,success,11.131,1768,LACM,ugv_parking,1810,9,True,11.8
1.564560070716184,0.7,3.5,0.0,success,11.882,1769,LACM,ugv_parking,1811,7,True,12.200000000000001
1.3632334723555646,0.7,3.5,0.0,success,11.882,1770,LACM,ugv_parking,1812,7,True,12.200000000000001
1.3503419006706487,0.7,3.5,0.0,success,11.882,1771,LACM,ugv_parking,1813,7,True,12.200000000000001
1.6764401023465054,0.7,3.5,0.0,success,11.882,1772,LACM,ugv_parking,1814,7,True,12.200000000000001
1.3241591337832477,0.5333333333333333,2.6666666666666665,0.025,success,11.131,1773,LACM,ugv_parking,1815,9,True,11.8
1.4537449440977137,0.7,3.5,0.0,success,11.882,1774,LACM,ugv_parking,1816,7,True,12.200000000000001
1.560395843495126,0.7,3.5,0.0,success,11.882,1775,LACM,ugv_parking,1817,7,True,12.200000000000001
1.4362361205881147,0.5333333333333333,2.6666666666666665,0.025,success,11.131,1776,LACM,ugv_parking,1818,9,True,11.8
1.4316865395322214,0.7,3.5,0.0,success,11.882,1777,LACM,ugv_parking,1819,7,True,12.200000000000001
1.3423988340326336,0.5333333333333333,2.6666666666666665,0.025,success,11.131,1778,LACM,ugv_parking,1820,9,True,11.8
1.3530764160853124,0.7,3.5,0.0,success,11.882,1779,LACM,ugv_parking,1821,7,True,12.200000000000001
1.459732601359605,0.7,3.5,0.0,success,11.882,1780,LACM,ugv_parking,1822,7,True,12.200000000000001
1.1149397024385013,0.7,3.5,0.0,success,11.882,1781,LACM,ugv_parking,1823,7,True,12.200000000000001
1.3015658495389506,0.5333333333333333,2.6666666666666665,0.025,success,11.131,1782,LACM,ugv_parking,1824,9,True,11.8
1.5762015888476084,0.7,3.5,0.0,success,11.882,1783,LACM,ugv_parking,1825,7,True,12.200000000000001
1.5859592793634165,0.7,3.5,0.0,success,11.882,1784,LACM,ugv_parking,1826,7,True,12.200000000000001
1.3352200885712686,0.7,3.5,0.0,success,11.882,1785,LACM,ugv_parking,1827,7,True,12.200000000000001
1.5012303231006312,0.7,3.5,0.0,success,11.882,1786,LACM,ugv_parking,1828,7,True,12.200000000000001
1.205712663765159,0.7,3.5,0.0,success,11.882,1787,LACM,ugv_parking,1829,7,True,12.200000000000001
1.6449753533246603,0.7,3.5,0.0,success,11.882,1788,LACM,ugv_parking,1830,7,True,12.200000000000001
1.5396562764743686,0.7,3.5,0.0,success,11.882,1789,LACM,ugv_parking,1831,7,True,12.200000000000001
1.5743243463751986,0.7,3.5,0.0,success,11.882,1790,LACM,ugv_parking,1832,7,True,12.200000000000001
1.4478852753788436,0.7,3.5,0.0,success,11.882,1791,LACM,ugv_parking,1833,7,True,12.200000000000001
1.279182847823417,0.7,3.5,0.0,success,11.882,1792,LACM,ugv_parking,1834,7,True,12.200000000000001
1.664324139812585,0.7,3.5,0.0,success,11.882,1793,LACM,ugv_parking,1835,7,True,12.200000000000001
1.4487619715451958,0.5333333333333333,2.6666666666666665,0.025,success,11.131,1794,LACM,ugv_parking,1836,9,True,11.8
1.2043568872797323,0.7,3.5,0.0,success,11.882,1795,LACM,ugv_parking,1837,7,True,12.200000000000001
1.092729131054071,0.5333333333333333,2.6666666666666665,0.025,success,11.131,1796,LACM,ugv_parking,1838,9,True,11.8
1.416336929023096,0.5333333333333333,2.6666666666666665,0.025,success,11.131,1797,LACM,ugv_parking,1839,9,True,11.8
1.6848092928981688,0.7,3.5,0.0,success,11.882,1798,LACM,ugv_parking,1840,7,True,12.200000000000001
1.3206882539282385,0.7,3.5,0.0,success,11.882,1799,LACM,ugv_parking,1841,7,True,12.200000000000001
1.5087613359600847,0.5333333333333333,2.6666666666666665,0.025,success,11.131,1800,LACM,ugv_parking,1842,9,True,11.8
1.2500219009230664,0.7,3.5,0.0,success,11.882,1801,LACM,ugv_parking,1843,7,True,12.200000000000001
1.5099305304026074,0.7,3.5,0.0,success,11.882,1802,LACM,ugv_parking,1844,7,True,12.200000000000001
1.4013454137918986,0.5333333333333333,2.6666666666666665,0.025,success,11.131,1803,LACM,ugv_parking,1845,9,True,11.8
1.5126917010888985,0.7,3.5,0.0,success,11.882,1804,LACM,ugv_parking,1846,7,True,12.200000000000001
1.318433470600314,0.5333333333333333,2.6666666666666665,0.025,success,11.131,1805,LACM,ugv_parking,1847,9,True,11.8
1.5455766970252574,0.7,3.5,0.0,success,11.882,1806,LACM,ugv_parking,1848,7,True,12.200000000000001
1.289132770129601,0.7,3.5,0.0,success,11.882,1807,LACM,ugv_parking,1849,7,True,12.200000000000001
1.588957213649332,0.7,3.5,0.0,success,11.882,1808,LACM,ugv_parking,1850,7,True,12.200000000000001
1.485600486452867,0.7,3.5,0.0,success,11.882,1809,LACM,ugv_parking,1851,7,True,12.200000000000001
1.351456219867394,0.5333333333333333,2.6666666666666665,0.025,success,11.131,1810,LACM,ugv_parking,1852,9,True,11.8
1.4068787349561696,0.5333333333333333,2.6666666666666665,0.025,success,11.131,1811,LACM,ugv_parking,1853,9,True,11.8
1.208117084738431,0.7,3.5,0.0,success,11.882,1812,LACM,ugv_parking,1854,7,True,12.200000000000001
1.3367041899248746,0.7,3.5,0.0,success,11.882,1813,LACM,ugv_parking,1855,7,True,12.200000000000001
1.5649042366377452,0.7,3.5,0.0,success,11.882,1814,LACM,ugv_parking,1856,7,True,12.200000000000001
1.6452801093915737,0.7,3.5,0.0,success,11.882,1815,LACM,ugv_parking,1857,7,True,12.200000000000001
1.5249752581121248,0.7,3.5,0.0,success,11.882,1816,LACM,ugv_parking,1858,7,True,12.200000000000001
1.6122495648968191,0.7,3.5,0.0,success,11.882,1817,LACM,ugv_parking,1859,7,True,12.200000000000001
1.6506736188028173,0.7,3.5,0.0,success,11.882,1818,LACM,ugv_parking,1860,7,True,12.200000000000001
1.5129541850903148,0.7,3.5,0.0,success,11.882,1819,LACM,ugv_parking,1861,7,True,12.200000000000001
1.5999526313626609,0.7,3.5,0.0,success,11.882,1820,LACM,ugv_parking,1862,7,True,12.200000000000001
1.5127736526055426,0.7,3.5,0.0,success,11.882,1821,LACM,ugv_parking,1863,7,True,12.200000000000001
1.3401794423273348,0.5333333333333333,2.6666666666666665,0.025,success,11.131,1822,LACM,ugv_parking,1864,9,True,11.8
1.4390882763215846,0.7,3.5,0.0,success,11.882,1823,LACM,ugv_parking,1865,7,True,12.200000000000001
1.2377983772917527,0.7,3.5,0.0,success,11.882,1824,LACM,ugv_parking,1866,7,True,12.200000000000001
1.5122251094368908,0.7,3.5,0.0,success,11.882,1825,LACM,ugv_parking,1867,7,True,12.200000000000001
1.522027823928608,0.7,3.5,0.0,success,11.882,1826,LACM,ugv_parking,1868,7,True,12.200000000000001
1.5491516348399155,0.7,3.5,0.0,success,11.882,1827,LACM,ugv_parking,1869,7,True,12.200000000000001
1.224589432466369,0.7,3.5,0.0,success,11.882,1828,LACM,ugv_parking,1870,7,True,12.200000000000001
1.5416669417970552,0.7,3.5,0.0,success,11.882,1829,LACM,ugv_parking,1871,7,True,12.200000000000001
1.2233122857758691,0.7,3.5,0.0,success,11.882,1830,LACM,ugv_parking,1872,7,True,12.200000000000001
1.5957494491532513,0.7,3.5,0.0,success,11.882,1831,LACM,ugv_parking,1873,7,True,12.200000000000001
1.5930643278722028,0.7,3.5,0.0,success,11.882,1832,LACM,ugv_parking,1874,7,True,12.200000000000001
1.3182702489630238,0.5333333333333333,2.6666666666666665,0.025,success,11.131,1833,LACM,ugv_parking,1875,9,True,11.8
1.4915200214658948,0.7,3.5,0.0,success,11.882,1834,LACM,ugv_parking,1876,7,True,12.200000000000001
1.436804051921331,0.5333333333333333,2.6666666666666665,0.025,success,11.131,1835,LACM,ugv_parking,1877,9,True,11.8
1.261792620183331,0.7,3.5,0.0,success,11.882,1836,LACM,ugv_parking,1878,7,True,12.200000000000001
1.6347358690745948,0.7,3.5,0.0,success,11.882,1837,LACM,ugv_parking,1879,7,True,12.200000000000001
1.5406649642711892,0.7,3.5,0.0,success,11.882,1838,LACM,ugv_parking,1880,7,True,12.200000000000001
1.5213062472988623,0.7,3.5,0.0,success,11.882,1839,LACM,ugv_parking,1881,7,True,12.200000000000001
1.5470335237277384,0.7,3.5,0.0,success,11.882,1840,LACM,ugv_parking,1882,7,True,12.200000000000001
1.4258409642593446,0.7,3.5,0.0,success,11.882,1841,LACM,ugv_parking,1883,7,True,12.200000000000001
1.488441961552043,0.7,3.5,0.0,success,11.882,1842,LACM,ugv_parking,1884,7,True,12.200000000000001
1.3090034198891127,0.7,3.5,0.0,success,11.882,1843,LACM,ugv_parking,1885,7,True,12.200000000000001
1.3319109935964109,0.5333333333333333,2.6666666666666665,0.025,success,11.131,1844,LACM,ugv_parking,1886,9,True,11.8
1.3310627765473686,0.7,3.5,0.0,success,11.882,1845,LACM,ugv_parking,1887,7,True,12.200000000000001
1.439006771749151,0.7,3.5,0.0,success,11.882,1846,LACM,ugv_parking,1888,7,True,12.200000000000001
1.445972083598386,0.7,3.5,0.0,success,11.882,1847,LACM,ugv_parking,1889,7,True,12.200000000000001
1.5450626655011706,0.7,3.5,0.0,success,11.882,1848,LACM,ugv_parking,1890,7,True,12.200000000000001
1.651434609159317,0.7,3.5,0.0,success,11.882,1849,LACM,ugv_parking,1891,7,True,12.200000000000001
1.5159679422781265,0.7,3.5,0.0,success,11.882,1850,LACM,ugv_parking,1892,7,True,12.200000000000001
1.6694431133524499,0.7,3.5,0.0,success,11.882,1851,LACM,ugv_parking,1893,7,True,12.200000000000001
1.598373501966993,0.7,3.5,0.0,success,11.882,1852,LACM,ugv_parking,1894,7,True,12.200000000000001
1.5362076960718691,0.7,3.5,0.0,success,11.882,1853,LACM,ugv_parking,1895,7,True,12.200000000000001
1.3479866258504951,0.7,3.5,0.0,success,11.882,1854,LACM,ugv_parking,1896,7,True,12.200000000000001
1.487064509721271,0.7,3.5,0.0,success,11.882,1855,LACM,ugv_parking,1897,7,True,12.200000000000001
1.383410527143488,0.7,3.5,0.0,success,11.882,1856,LACM,ugv_parking,1898,7,True,12.200000000000001
1.1237567991900177,0.5333333333333333,2.6666666666666665,0.025,success,11.131,1857,LACM,ugv_parking,1899,9,True,11.8
1.1024253790761358,0.5333333333333333,2.6666666666666665,0.025,success,11.131,1858,LACM,ugv_parking,1900,9,True,11.8
1.2505782563348764,0.7,3.5,0.0,success,11.882,1859,LACM,ugv_parking,1901,7,True,12.200000000000001
1.3482700885398542,0.5333333333333333,2.6666666666666665,0.025,success,11.131,1860,LACM,ugv_parking,1902,9,True,11.8
1.3497093963901559,0.7,3.5,0.0,success,11.882,1861,LACM,ugv_parking,1903,7,True,12.200000000000001
1.245265401276466,0.7,3.5,0.0,success,11.882,1862,LACM,ugv_parking,1904,7,True,12.200000000000001
1.2093650846969644,0.5333333333333333,2.6666666666666665,0.025,success,11.131,1863,LACM,ugv_parking,1905,9,True,11.8
1.3860080097646386,0.5333333333333333,2.6666666666666665,0.025,success,11.131,1864,LACM,ugv_parking,1906,9,True,11.8
1.4579577532796197,0.5333333333333333,2.6666666666666665,0.025,success,11.131,1865,LACM,ugv_parking,1907,9,True,11.8
1.3790945976543565,0.5333333333333333,2.6666666666666665,0.025,success,11.131,1866,LACM,ugv_parking,1908,9,True,11.8
1.370596350260927,0.7,3.5,0.0,success,11.882,1867,LACM,ugv_parking,1909,7,True,12.200000000000001
1.4539773566785854,0.5333333333333333,2.6666666666666665,0.025,success,11.131,1868,LACM,ugv_parking,1910,9,True,11.8
1.3407813419930692,0.7,3.5,0.0,success,11.882,1869,LACM,ugv_parking,1911,7,True,12.200000000000001
1.3361887188483452,0.5333333333333333,2.6666666666666665,0.025,success,11.131,1870,LACM,ugv_parking,1912,9,True,11.8
1.2638652609159529,0.7,3.5,0.0,success,11.882,1871,LACM,ugv_parking,1913,7,True,12.200000000000001
1.1506735970136692,0.5333333333333333,2.6666666666666665,0.025,success,11.131,1872,LACM,ugv_parking,1914,9,True,11.8
1.3370712819841506,0.7,3.5,0.0,success,11.882,1873,LACM,ugv_parking,1915,7,True,12.200000000000001
1.521705718406233,0.5333333333333333,2.6666666666666665,0.025,success,11.131,1874,LACM,ugv_parking,1916,9,True,11.8
1.4735749903682844,0.5333333333333333,2.6666666666666665,0.025,success,11.131,1875,LACM,ugv_parking,1917,9,True,11.8
1.1457454588002483,0.5333333333333333,2.6666666666666665,0.025,success,11.131,1876,LACM,ugv_parking,1918,9,True,11.8
1.4858893260515331,0.7,3.5,0.0,success,11.882,1877,LACM,ugv_parking,1919,7,True,12.200000000000001
1.5514727796052485,0.7,3.5,0.0,success,11.882,1878,LACM,ugv_parking,1920,7,True,12.200000000000001
1.2529813740872628,0.7,3.5,0.0,success,11.882,1879,LACM,ugv_parking,1921,7,True,12.200000000000001
1.111862410842892,0.5333333333333333,2.6666666666666665,0.025,success,11.131,1880,LACM,ugv_parking,1922,9,True,11.8
1.4786966096635932,0.7,3.5,0.0,success,11.882,1881,LACM,ugv_parking,1923,7,True,12.200000000000001
1.6536189889211819,0.7,3.5,0.0,success,11.882,1882,LACM,ugv_parking,1924,7,True,12.200000000000001
1.2470532137552757,0.5333333333333333,2.6666666666666665,0.025,success,11.131,1883,LACM,ugv_parking,1925,9,True,11.8
1.5754239693319496,0.7,3.5,0.0,success,11.882,1884,LACM,ugv_parking,1926,7,True,12.200000000000001
1.5919093300006797,0.7,3.5,0.0,success,11.882,1885,LACM,ugv_parking,1927,7,True,12.200000000000001
1.4462046812284608,0.5333333333333333,2.6666666666666665,0.025,success,11.131,1886,LACM,ugv_parking,1928,9,True,11.8
1.556483594092192,0.7,3.5,0.0,success,11.882,1887,LACM,ugv_parking,1929,7,True,12.200000000000001
1.6668064032494974,0.7,3.5,0.0,success,11.882,1888,LACM,ugv_parking,1930,7,True,12.200000000000001
1.323070870056734,0.7,3.5,0.0,success,11.882,1889,LACM,ugv_parking,1931,7,True,12.200000000000001
1.3760098398306866,0.7,3.5,0.0,success,11.882,1890,LACM,ugv_parking,1932,7,True,12.200000000000001
1.2715340979472183,0.7,3.5,0.0,success,11.882,1891,LACM,ugv_parking,1933,7,True,12.200000000000001
1.4106996999619414,0.7,3.5,0.0,success,11.882,1892,LACM,ugv_parking,1934,7,True,12.200000000000001
1.182827509796126,0.5333333333333333,2.6666666666666665,0.025,success,11.131,1893,LACM,ugv_parking,1935,9,True,11.8
1.36906094574542,0.7,3.5,0.0,success,11.882,1894,LACM,ugv_parking,1936,7,True,12.200000000000001
1.6237234854063236,0.7,3.5,0.0,success,11.882,1895,LACM,ugv_parking,1937,7,True,12.200000000000001
1.5803590880238172,0.7,3.5,0.0,success,11.882,1896,LACM,ugv_parking,1938,7,True,12.200000000000001
1.517923888966039,0.7,3.5,0.0,success,11.882,1897,LACM,ugv_parking,1939,7,True,12.200000000000001
1.4079228073195753,0.7,3.5,0.0,success,11.882,1898,LACM,ugv_parking,1940,7,True,12.200000000000001
1.213998182753913,0.7,3.5,0.0,success,11.882,1899,LACM,ugv_parking,1941,7,True,12.200000000000001
1.665096632507396,0.7,3.5,0.0,success,11.882,1900,LACM,ugv_parking,1942,7,True,12.200000000000001
1.3009575643267106,0.7,3.5,0.0,success,11.882,1901,LACM,ugv_parking,1943,7,True,12.200000000000001
1.2986415654577572,0.5333333333333333,2.6666666666666665,0.025,success,11.131,1902,LACM,ugv_parking,1944,9,True,11.8
1.260838467723413,0.7,3.5,0.0,success,11.882,1903,LACM,ugv_parking,1945,7,True,12.200000000000001
1.3990766001353125,0.7,3.5,0.0,success,11.882,1904,LACM,ugv_parking,1946,7,True,12.200000000000001
1.5145312555962922,0.7,3.5,0.0,success,11.882,1905,LACM,ugv_parking,1947,7,True,12.200000000000001
1.306517175639458,0.7,3.5,0.0,success,11.882,1906,LACM,ugv_parking,1948,7,True,12.200000000000001
1.2455753991116378,0.7,3.5,0.0,success,11.882,1907,LACM,ugv_parking,1949,7,True,12.200000000000001
1.301024724472112,0.5333333333333333,2.6666666666666665,0.025,success,11.131,1908,LACM,ugv_parking,1950,9,True,11.8
1.4370605766229394,0.5333333333333333,2.6666666666666665,0.025,success,11.131,1909,LACM,ugv_parking,1951,9,True,11.8
1.4307370547137193,0.7,3.5,0.0,success,11.882,1910,LACM,ugv_parking,1952,7,True,12.200000000000001
1.5288795681407692,0.7,3.5,0.0,success,11.882,1911,LACM,ugv_parking,1953,7,True,12.200000000000001
1.374631318611316,0.7,3.5,0.0,success,11.882,1912,LACM,ugv_parking,1954,7,True,12.200000000000001
1.3522349083060274,0.7,3.5,0.0,success,11.882,1913,LACM,ugv_parking,1955,7,True,12.200000000000001
1.6517854630314437,0.7,3.5,0.0,success,11.882,1914,LACM,ugv_parking,1956,7,True,12.200000000000001
1.2973913175734166,0.7,3.5,0.0,success,11.882,1915,LACM,ugv_parking,1957,7,True,12.200000000000001
1.362206497316735,0.7,3.5,0.0,success,11.882,1916,LACM,ugv_parking,1958,7,True,12.200000000000001
1.4964670116446621,0.7,3.5,0.0,success,11.882,1917,LACM,ugv_parking,1959,7,True,12.200000000000001
1.2609767655808752,0.7,3.5,0.0,success,11.882,1918,LACM,ugv_parking,1960,7,True,12.200000000000001
1.4163182522196744,0.7,3.5,0.0,success,11.882,1919,LACM,ugv_parking,1961,7,True,12.200000000000001
1.3397961988991391,0.7,3.5,0.0,success,11.882,1920,LACM,ugv_parking,1962,7,True,12.200000000000001
1.2808204756250339,0.7,3.5,0.0,success,11.882,1921,LACM,ugv_parking,1963,7,True,12.200000000000001
1.5645040357244135,0.7,3.5,0.0,success,11.882,1922,LACM,ugv_parking,1964,7,True,12.200000000000001
1.3864270736954822,0.7,3.5,0.0,success,11.882,1923,LACM,ugv_parking,1965,7,True,12.200000000000001
1.7400529647144773,0.7,3.5,0.0,success,11.882,1924,LACM,ugv_parking,1966,7,True,12.200000000000001
1.235691441527975,0.7,3.5,0.0,success,11.882,1925,LACM,ugv_parking,1967,7,True,12.200000000000001
1.2834755022910609,0.7,3.5,0.0,success,11.882,1926,LACM,ugv_parking,1968,7,True,12.200000000000001
1.2268578161087058,0.7,3.5,0.0,success,11.882,1927,LACM,ugv_parking,1969,7,True,12.200000000000001
1.121854435783902,0.5333333333333333,2.6666666666666665,0.025,success,11.131,1928,LACM,ugv_parking,1970,9,True,11.8
1.2260989840651524,0.5333333333333333,2.6666666666666665,0.025,success,11.131,1929,LACM,ugv_parking,1971,9,True,11.8
1.3391727676434877,0.7,3.5,0.0,success,11.882,1930,LACM,ugv_parking,1972,7,True,12.200000000000001
1.2891488587491235,0.5333333333333333,2.6666666666666665,0.025,success,11.131,1931,LACM,ugv_parking,1973,9,True,11.8
1.6146313334002715,0.7,3.5,0.0,success,11.882,1932,LACM,ugv_parking,1974,7,True,12.200000000000001
1.2632450123471983,0.7,3.5,0.0,success,11.882,1933,LACM,ugv_parking,1975,7,True,12.200000000000001
1.3436109351837002,0.7,3.5,0.0,success,11.882,1934,LACM,ugv_parking,1976,7,True,12.200000000000001
1.404762073391131,0.7,3.5,0.0,success,11.882,1935,LACM,ugv_parking,1977,7,True,12.200000000000001
1.3622220257737767,0.5333333333333333,2.6666666666666665,0.025,success,11.131,1936,LACM,ugv_parking,1978,9,True,11.8
1.2791362214274764,0.5333333333333333,2.6666666666666665,0.025,success,11.131,1937,LACM,ugv_parking,1979,9,True,11.8
1.2783622567920714,0.5333333333333333,2.6666666666666665,0.025,success,11.131,1938,LACM,ugv_parking,1980,9,True,11.8
1.4372415357044794,0.5333333333333333,2.6666666666666665,0.025,success,11.131,1939,LACM,ugv_parking,1981,9,True,11.8
1.672444693964361,0.7,3.5,0.0,success,11.882,1940,LACM,ugv_parking,1982,7,True,12.200000000000001
1.6898513766684722,0.7,3.5,0.0,success,11.882,1941,LACM,ugv_parking,1983,7,True,12.200000000000001
1.3430936150698018,0.7,3.5,0.0,success,11.882,1942,LACM,ugv_parking,1984,7,True,12.200000000000001
1.3089025294026917,0.7,3.5,0.0,success,11.882,1943,LACM,ugv_parking,1985,7,True,12.200000000000001
1.5759986521125207,0.7,3.5,0.0,success,11.882,1944,LACM,ugv_parking,1986,7,True,12.200000000000001
1.570601049100421,0.7,3.5,0.0,success,11.882,1945,LACM,ugv_parking,1987,7,True,12.200000000000001
1.3733946534772288,0.7,3.5,0.0,success,11.882,1946,LACM,ugv_parking,1988,7,True,12.200000000000001
1.3277201183908247,0.7,3.5,0.0,success,11.882,1947,LACM,ugv_parking,1989,7,True,12.200000000000001
1.0609804793139848,0.5333333333333333,2.6666666666666665,0.025,success,11.131,1948,LACM,ugv_parking,1990,9,True,11.8
1.3730888018995833,0.7,3.5,0.0,success,11.882,1949,LACM,ugv_parking,1991,7,True,12.200000000000001
1.4175045309800716,0.7,3.5,0.0,success,11.882,1950,LACM,ugv_parking,1992,7,True,12.200000000000001
1.2974781707844316,0.7,3.5,0.0,success,11.882,1951,LACM,ugv_parking,1993,7,True,12.200000000000001
1.449320047331248,0.7,3.5,0.0,success,11.882,1952,LACM,ugv_parking,1994,7,True,12.200000000000001
1.4705719884962174,0.7,3.5,0.0,success,11.882,1953,LACM,ugv_parking,1995,7,True,12.200000000000001
1.4512877923176741,0.7,3.5,0.0,success,11.882,1954,LACM,ugv_parking,1996,7,True,12.200000000000001
1.4008787421814266,0.7,3.5,0.0,success,11.882,1955,LACM,ugv_parking,1997,7,True,12.200000000000001
1.286787297057438,0.7,3.5,0.0,success,11.882,1956,LACM,ugv_parking,1998,7,True,12.200000000000001
1.2201581390238987,0.5333333333333333,2.6666666666666665,0.025,success,11.131,1957,LACM,ugv_parking,1999,9,True,11.8
1.5582482928578463,0.7,3.5,0.0,success,11.882,1958,LACM,ugv_parking,2000,7,True,12.200000000000001
1.3795533711468655,0.7,3.5,0.0,success,11.882,1959,LACM,ugv_parking,2001,7,True,12.200000000000001
1.491109831106653,0.7,3.5,0.0,success,11.882,1960,LACM,ugv_parking,2002,7,True,12.200000000000001
1.4722680737429545,0.5333333333333333,2.6666666666666665,0.025,success,11.131,1961,LACM,ugv_parking,2003,9,True,11.8
1.5256743538597566,0.7,3.5,0.0,success,11.882,1962,LACM,ugv_parking,2004,7,True,12.200000000000001
1.2107091799386345,0.7,3.5,0.0,success,11.882,1963,LACM,ugv_parking,2005,7,True,12.200000000000001
1.2504288168022182,0.7,3.5,0.0,success,11.882,1964,LACM,ugv_parking,2006,7,True,12.200000000000001
1.4614505938662,0.5333333333333333,2.6666666666666665,0.025,success,11.131,1965,LACM,ugv_parking,2007,9,True,11.8
1.5735673040678129,0.7,3.5,0.0,success,11.882,1966,LACM,ugv_parking,2008,7,True,12.200000000000001
1.466236428568842,0.7,3.5,0.0,success,11.882,1967,LACM,ugv_parking,2009,7,True,12.200000000000001
1.2278444369243358,0.5333333333333333,2.6666666666666665,0.025,success,11.131,1968,LACM,ugv_parking,2010,9,True,11.8
1.5706653599978102,0.7,3.5,0.0,success,11.882,1969,LACM,ugv_parking,2011,7,True,12.200000000000001
1.2105759546211983,0.5333333333333333,2.6666666666666665,0.025,success,11.131,1970,LACM,ugv_parking,2012,9,True,11.8
1.1908337106848133,0.7,3.5,0.0,success,11.882,1971,LACM,ugv_parking,2013,7,True,12.200000000000001
1.2855647765794158,0.7,3.5,0.0,success,11.882,1972,LACM,ugv_parking,2014,7,True,12.200000000000001
1.546809901972573,0.7,3.5,0.0,success,11.882,1973,LACM,ugv_parking,2015,7,True,12.200000000000001
1.4746511156745488,0.7,3.5,0.0,success,11.882,1974,LACM,ugv_parking,2016,7,True,12.200000000000001
1.2302401924787276,0.5333333333333333,2.6666666666666665,0.025,success,11.131,1975,LACM,ugv_parking,2017,9,True,11.8
1.2243389771317847,0.7,3.5,0.0,success,11.882,1976,LACM,ugv_parking,2018,7,True,12.200000000000001
1.6484925848151488,0.7,3.5,0.0,success,11.882,1977,LACM,ugv_parking,2019,7,True,12.200000000000001
1.3176772543486537,0.7,3.5,0.0,success,11.882,1978,LACM,ugv_parking,2020,7,True,12.200000000000001
1.6778559626161047,0.7,3.5,0.0,success,11.882,1979,LACM,ugv_parking,2021,7,True,12.200000000000001
1.3896926845153286,0.7,3.5,0.0,success,11.882,1980,LACM,ugv_parking,2022,7,True,12.200000000000001
1.5419136051779965,0.7,3.5,0.0,success,11.882,1981,LACM,ugv_parking,2023,7,True,12.200000000000001
1.4793420039417113,0.7,3.5,0.0,success,11.882,1982,LACM,ugv_parking,2024,7,True,12.200000000000001
1.4814388332373938,0.7,3.5,0.0,success,11.882,1983,LACM,ugv_parking,2025,7,True,12.200000000000001
1.3022555607915427,0.5333333333333333,2.6666666666666665,0.025,success,11.131,1984,LACM,ugv_parking,2026,9,True,11.8
1.1562532517548676,0.5333333333333333,2.6666666666666665,0.025,success,11.131,1985,LACM,ugv_parking,2027,9,True,11.8
1.21354735355076,0.7,3.5,0.0,success,11.882,1986,LACM,ugv_parking,2028,7,True,12.200000000000001
1.481573308975883,0.7,3.5,0.0,success,11.882,1987,LACM,ugv_parking,2029,7,True,12.200000000000001
1.2631053784296413,0.7,3.5,0.0,success,11.882,1988,LACM,ugv_parking,2030,7,True,12.200000000000001
1.3984310404857543,0.7,3.5,0.0,success,11.882,1989,LACM,ugv_parking,2031,7,True,12.200000000000001
1.5638036212441773,0.7,3.5,0.0,success,11.882,1990,LACM,ugv_parking,2032,7,True,12.200000000000001
1.5454253293129763,0.7,3.5,0.0,success,11.882,1991,LACM,ugv_parking,2033,7,True,12.200000000000001
1.3315829008014357,0.5333333333333333,2.6666666666666665,0.025,success,11.131,1992,LACM,ugv_parking,2034,9,True,11.8
1.6433544202749495,0.7,3.5,0.0,success,11.882,1993,LACM,ugv_parking,2035,7,True,12.200000000000001
1.3733236984055148,0.7,3.5,0.0,success,11.882,1994,LACM,ugv_parking,2036,7,True,12.200000000000001
1.323600386372993,0.7,3.5,0.0,success,11.882,1995,LACM,ugv_parking,2037,7,True,12.200000000000001
1.1798462550196298,0.5333333333333333,2.6666666666666665,0.025,success,11.131,1996,LACM,ugv_parking,2038,9,True,11.8
1.6548479785479644,0.7,3.5,0.0,success,11.882,1997,LACM,ugv_parking,2039,7,True,12.200000000000001
1.3760785585111224,0.7,3.5,0.0,success,11.882,1998,LACM,ugv_parking,2040,7,True,12.200000000000001
1.4045704771052658,0.5333333333333333,2.6666666666666665,0.025,success,11.131,1999,LACM,ugv_parking,2041,9,True,11.8
1.5530100172378212,0.7,3.5,0.0,success,11.882,2000,LACM,ugv_parking,2042,7,True,12.200000000000001
1.4401321536209215,0.7,3.5,0.0,success,11.882,2001,LACM,ugv_parking,2043,7,True,12.200000000000001
1.6645068420377105,0.7,3.5,0.0,success,11.882,2002,LACM,ugv_parking,2044,7,True,12.200000000000001
1.5275238638439406,0.7,3.5,0.0,success,11.882,2003,LACM,ugv_parking,2045,7,True,12.200000000000001
1.4779881916517204,0.7,3.5,0.0,success,11.882,2004,LACM,ugv_parking,2046,7,True,12.200000000000001
1.4425510417058696,0.7,3.5,0.0,success,11.882,2005,LACM,ugv_parking,2047,7,True,12.200000000000001
1.3231906321091944,0.7,3.5,0.0,success,11.882,2006,LACM,ugv_parking,2048,7,True,12.200000000000001
1.2525603143594861,0.7,3.5,0.0,success,11.882,2007,LACM,ugv_parking,2049,7,True,12.200000000000001
1.5590275005999747,0.7,3.5,0.0,success,11.882,2008,LACM,ugv_parking,2050,7,True,12.200000000000001
1.289635141646051,0.5333333333333333,2.6666666666666665,0.025,success,11.131,2009,LACM,ugv_parking,2051,9,True,11.8
1.5110916977498658,0.7,3.5,0.0,success,11.882,2010,LACM,ugv_parking,2052,7,True,12.200000000000001
1.4420625428556777,0.7,3.5,0.0,success,11.882,2011,LACM,ugv_parking,2053,7,True,12.200000000000001
1.275477395824836,0.5333333333333333,2.6666666666666665,0.025,success,11.131,2012,LACM,ugv_parking,2054,9,True,11.8
1.344856424427115,0.5333333333333333,2.6666666666666665,0.025,success,11.131,2013,LACM,ugv_parking,2055,9,True,11.8
1.5601589639576088,0.7,3.5,0.0,success,11.882,2014,LACM,ugv_parking,2056,7,True,12.200000000000001
1.56363614195776,0.7,3.5,0.0,success,11.882,2015,LACM,ugv_parking,2057,7,True,12.200000000000001
1.3354435795270383,0.5333333333333333,2.6666666666666665,0.025,success,11.131,2016,LACM,ugv_parking,2058,9,True,11.8
1.3494442925108028,0.7,3.5,0.0,success,11.882,2017,LACM,ugv_parking,2059,7,True,12.200000000000001
1.5633006692979032,0.7,3.5,0.0,success,11.882,2018,LACM,ugv_parking,2060,7,True,12.200000000000001
1.2600404563728862,0.7,3.5,0.0,success,11.882,2019,LACM,ugv_parking,2061,7,True,12.200000000000001
1.601424156953653,0.7,3.5,0.0,success,11.882,2020,LACM,ugv_parking,2062,7,True,12.200000000000001
1.39496482350659,0.7,3.5,0.0,success,11.882,2021,LACM,ugv_parking,2063,7,True,12.200000000000001
1.5458030195224945,0.7,3.5,0.0,success,11.882,2022,LACM,ugv_parking,2064,7,True,12.200000000000001
1.3515349081502124,0.7,3.5,0.0,success,11.882,2023,LACM,ugv_parking,2065,7,True,12.200000000000001
1.4026386508558222,0.7,3.5,0.0,success,11.882,2024,LACM,ugv_parking,2066,7,True,12.200000000000001
1.3329904081942214,0.5333333333333333,2.6666666666666665,0.025,success,11.131,2025,LACM,ugv_parking,2067,9,True,11.8
1.5969488821538174,0.7,3.5,0.0,success,11.882,2026,LACM,ugv_parking,2068,7,True,12.200000000000001
1.488702246406122,0.7,3.5,0.0,success,11.882,2027,LACM,ugv_parking,2069,7,True,12.200000000000001
1.5064271425467197,0.7,3.5,0.0,success,11.882,2028,LACM,ugv_parking,2070,7,True,12.200000000000001
1.258497171290363,0.5333333333333333,2.6666666666666665,0.025,success,11.131,2029,LACM,ugv_parking,2071,9,True,11.8
1.4477657664031298,0.7,3.5,0.0,success,11.882,2030,LACM,ugv_parking,2072,7,True,12.200000000000001
1.5886163502601316,0.7,3.5,0.0,success,11.882,2031,LACM,ugv_parking,2073,7,True,12.200000000000001
1.359936172172291,0.7,3.5,0.0,success,11.882,2032,LACM,ugv_parking,2074,7,True,12.200000000000001
1.5023685276837764,0.7,3.5,0.0,success,11.882,2033,LACM,ugv_parking,2075,7,True,12.200000000000001
1.2406424582488087,0.5333333333333333,2.6666666666666665,0.025,success,11.131,2034,LACM,ugv_parking,2076,9,True,11.8
1.4950887720451744,0.7,3.5,0.0,success,11.882,2035,LACM,ugv_parking,2077,7,True,12.200000000000001
1.4627441796273999,0.7,3.5,0.0,success,11.882,2036,LACM,ugv_parking,2078,7,True,12.200000000000001
1.561016173329492,0.7,3.5,0.0,success,11.882,2037,LACM,ugv_parking,2079,7,True,12.200000000000001
1.279790853741641,0.5333333333333333,2.6666666666666665,0.025,success,11.131,2038,LACM,ugv_parking,2080,9,True,11.8
1.519532966253479,0.7,3.5,0.0,success,11.882,2039,LACM,ugv_parking,2081,7,True,12.200000000000001
1.3288582506058637,0.7,3.5,0.0,success,11.882,2040,LACM,ugv_parking,2082,7,True,12.200000000000001
1.6694316890890675,0.7,3.5,0.0,success,11.882,2041,LACM,ugv_parking,2083,7,True,12.200000000000001
1.417533092509418,0.7,3.5,0.0,success,11.882,2042,LACM,ugv_parking,2084,7,True,12.200000000000001
1.41940724174009,0.5333333333333333,2.6666666666666665,0.025,success,11.131,2043,LACM,ugv_parking,2085,9,True,11.8
1.5415509906583835,0.7,3.5,0.0,success,11.882,2044,LACM,ugv_parking,2086,7,True,12.200000000000001
1.1969331826078191,0.5333333333333333,2.6666666666666665,0.025,success,11.131,2045,LACM,ugv_parking,2087,9,True,11.8
1.518300367153264,0.7,3.5,0.0,success,11.882,2046,LACM,ugv_parking,2088,7,True,12.200000000000001
1.5242546307781404,0.7,3.5,0.0,success,11.882,2047,LACM,ugv_parking,2089,7,True,12.200000000000001
1.3572318452,0.5333333333333333,2.6666666666666665,0.025,success,11.131,2048,LACM,ugv_parking,2090,9,True,11.8
1.1523787156410141,0.7,3.5,0.0,success,11.882,2049,LACM,ugv_parking,2091,7,True,12.200000000000001
1.6030395761456666,0.7,3.5,0.0,success,11.882,2050,LACM,ugv_parking,2092,7,True,12.200000000000001
1.393540993751607,0.7,3.5,0.0,success,11.882,2051,LACM,ugv_parking,2093,7,True,12.200000000000001
1.2545886802599504,0.5333333333333333,2.6666666666666665,0.025,success,11.131,2052,LACM,ugv_parking,2094,9,True,11.8
1.4208391434856686,0.7,3.5,0.0,success,11.882,2053,LACM,ugv_parking,2095,7,True,12.200000000000001
1.2922277875490298,0.5333333333333333,2.6666666666666665,0.025,success,11.131,2054,LACM,ugv_parking,2096,9,True,11.8
1.2607593335168168,0.5333333333333333,2.6666666666666665,0.025,success,11.131,2055,LACM,ugv_parking,2097,9,True,11.8
1.4169145049143836,0.5333333333333333,2.6666666666666665,0.025,success,11.131,2056,LACM,ugv_parking,2098,9,True,11.8
1.619479803114183,0.7,3.5,0.0,success,11.882,2057,LACM,ugv_parking,2099,7,True,12.200000000000001
1.4932899392772776,0.7,3.5,0.0,success,11.882,2058,LACM,ugv_parking,2100,7,True,12.200000000000001
1.6827948200749576,0.7,3.5,0.0,success,11.882,2059,LACM,ugv_parking,2101,7,True,12.200000000000001
1.320559778226698,0.7,3.5,0.0,success,11.882,2060,LACM,ugv_parking,2102,7,True,12.200000000000001
1.5149291944813228,0.7,3.5,0.0,success,11.882,2061,LACM,ugv_parking,2103,7,True,12.200000000000001
1.302957368717794,0.5333333333333333,2.6666666666666665,0.025,success,11.131,2062,LACM,ugv_parking,2104,9,True,11.8
1.5062511418836089,0.5333333333333333,2.6666666666666665,0.025,success,11.131,2063,LACM,ugv_parking,2105,9,True,11.8
1.3866916902140762,0.7,3.5,0.0,success,11.882,2064,LACM,ugv_parking,2106,7,True,12.200000000000001
1.5830910630031612,0.7,3.5,0.0,success,11.882,2065,LACM,ugv_parking,2107,7,True,12.200000000000001
1.6408321980992469,0.7,3.5,0.0,success,11.882,2066,LACM,ugv_parking,2108,7,True,12.200000000000001
1.3323997225015431,0.7,3.5,0.0,success,11.882,2067,LACM,ugv_parking,2109,7,True,12.200000000000001
1.3241962603713089,0.5333333333333333,2.6666666666666665,0.025,success,11.131,2068,LACM,ugv_parking,2110,9,True,11.8
1.2884631379876414,0.7,3.5,0.0,success,11.882,2069,LACM,ugv_parking,2111,7,True,12.200000000000001
1.4151795277043426,0.5333333333333333,2.6666666666666665,0.025,success,11.131,2070,LACM,ugv_parking,2112,9,True,11.8
1.220572437137256,0.5333333333333333,2.6666666666666665,0.025,success,11.131,2071,LACM,ugv_parking,2113,9,True,11.8
1.4841243592107298,0.7,3.5,0.0,success,11.882,2072,LACM,ugv_parking,2114,7,True,12.200000000000001
1.2799931319092575,0.7,3.5,0.0,success,11.882,2073,LACM,ugv_parking,2115,7,True,12.200000000000001
1.4893770256945047,0.7,3.5,0.0,success,11.882,2074,LACM,ugv_parking,2116,7,True,12.200000000000001
1.435933044453175,0.5333333333333333,2.6666666666666665,0.025,success,11.131,2075,LACM,ugv_parking,2117,9,True,11.8
1.425771862908981,0.7,3.5,0.0,success,11.882,2076,LACM,ugv_parking,2118,7,True,12.200000000000001
1.3170862325208121,0.5333333333333333,2.6666666666666665,0.025,success,11.131,2077,LACM,ugv_parking,2119,9,True,11.8
1.7752746671732642,0.7,3.5,0.0,success,11.882,2078,LACM,ugv_parking,2120,7,True,12.200000000000001
1.3722319631066546,0.7,3.5,0.0,success,11.882,2079,LACM,ugv_parking,2121,7,True,12.200000000000001
1.334685679431995,0.7,3.5,0.0,success,11.882,2080,LACM,ugv_parking,2122,7,True,12.200000000000001
1.446879379681448,0.7,3.5,0.0,success,11.882,2081,LACM,ugv_parking,2123,7,True,12.200000000000001
1.2789627099304217,0.5333333333333333,2.6666666666666665,0.025,success,11.131,2082,LACM,ugv_parking,2124,9,True,11.8
1.4330468132736276,0.7,3.5,0.0,success,11.882,2083,LACM,ugv_parking,2125,7,True,12.200000000000001
1.5018038601747408,0.5333333333333333,2.6666666666666665,0.025,success,11.131,2084,LACM,ugv_parking,2126,9,True,11.8
1.2752570095196922,0.5333333333333333,2.6666666666666665,0.025,success,11.131,2085,LACM,ugv_parking,2127,9,True,11.8
1.1945518088118077,0.5333333333333333,2.6666666666666665,0.025,success,11.131,2086,LACM,ugv_parking,2128,9,True,11.8
1.322971242389356,0.5333333333333333,2.6666666666666665,0.025,success,11.131,2087,LACM,ugv_parking,2129,9,True,11.8
1.1415108849357625,0.5333333333333333,2.6666666666666665,0.025,success,11.131,2088,LACM,ugv_parking,2130,9,True,11.8
1.5354160271557873,0.7,3.5,0.0,success,11.882,2089,LACM,ugv_parking,2131,7,True,12.200000000000001
1.2368939484575363,0.7,3.5,0.0,success,11.882,2090,LACM,ugv_parking,2132,7,True,12.200000000000001
1.3109103302915124,0.5333333333333333,2.6666666666666665,0.025,success,11.131,2091,LACM,ugv_parking,2133,9,True,11.8
1.4985579635731894,0.7,3.5,0.0,success,11.882,2092,LACM,ugv_parking,2134,7,True,12.200000000000001
1.5477151270214307,0.7,3.5,0.0,success,11.882,2093,LACM,ugv_parking,2135,7,True,12.200000000000001
1.1747134560593728,0.5333333333333333,2.6666666666666665,0.025,success,11.131,2094,LACM,ugv_parking,2136,9,True,11.8
1.595247078417525,0.7,3.5,0.0,success,11.882,2095,LACM,ugv_parking,2137,7,True,12.200000000000001
1.5647898374785458,0.7,3.5,0.0,success,11.882,2096,LACM,ugv_parking,2138,7,True,12.200000000000001
1.5215027012691633,0.7,3.5,0.0,success,11.882,2097,LACM,ugv_parking,2139,7,True,12.200000000000001
1.3773914762047288,0.7,3.5,0.0,success,11.882,2098,LACM,ugv_parking,2140,7,True,12.200000000000001
1.5821879207722986,0.7,3.5,0.0,success,11.882,2099,LACM,ugv_parking,2141,7,True,12.200000000000001
1.6451971259989389,0.7,3.5,0.0,success,11.882,2100,LACM,ugv_parking,2142,7,True,12.200000000000001
1.2079208645464539,0.7,3.5,0.0,success,11.882,2101,LACM,ugv_parking,2143,7,True,12.200000000000001
1.5156854694122779,0.7,3.5,0.0,success,11.882,2102,LACM,ugv_parking,2144,7,True,12.200000000000001
1.4316603652739293,0.7,3.5,0.0,success,11.882,2103,LACM,ugv_parking,2145,7,True,12.200000000000001
1.4247397814774443,0.7,3.5,0.0,success,11.882,2104,LACM,ugv_parking,2146,7,True,12.200000000000001
1.2863484671058283,0.5333333333333333,2.6666666666666665,0.025,success,11.131,2105,LACM,ugv_parking,2147,9,True,11.8
1.6497749491514493,0.7,3.5,0.0,success,11.882,2106,LACM,ugv_parking,2148,7,True,12.200000000000001
1.6416851269041264,0.7,3.5,0.0,success,11.882,2107,LACM,ugv_parking,2149,7,True,12.200000000000001
1.373748246748615,0.7,3.5,0.0,success,11.882,2108,LACM,ugv_parking,2150,7,True,12.200000000000001
1.5785665474693626,0.7,3.5,0.0,success,11.882,2109,LACM,ugv_parking,2151,7,True,12.200000000000001
1.4790390515255605,0.7,3.5,0.0,success,11.882,2110,LACM,ugv_parking,2152,7,True,12.200000000000001
1.3989369655613384,0.7,3.5,0.0,success,11.882,2111,LACM,ugv_parking,2153,7,True,12.200000000000001
1.6454554580341143,0.7,3.5,0.0,success,11.882,2112,LACM,ugv_parking,2154,7,True,12.200000000000001
1.3676430851620809,0.5333333333333333,2.6666666666666665,0.025,success,11.131,2113,LACM,ugv_parking,2155,9,True,11.8
1.4301599704233032,0.7,3.5,0.0,success,11.882,2114,LACM,ugv_parking,2156,7,True,12.200000000000001
1.6796961698040322,0.7,3.5,0.0,success,11.882,2115,LACM,ugv_parking,2157,7,True,12.200000000000001
1.5269601574833753,0.7,3.5,0.0,success,11.882,2116,LACM,ugv_parking,2158,7,True,12.200000000000001
1.3806201596990002,0.7,3.5,0.0,success,11.882,2117,LACM,ugv_parking,2159,7,True,12.200000000000001
1.5035366255805598,0.7,3.5,0.0,success,11.882,2118,LACM,ugv_parking,2160,7,True,12.200000000000001
1.6328600837452212,0.7,3.5,0.0,success,11.882,2119,LACM,ugv_parking,2161,7,True,12.200000000000001
1.4571655548006521,0.7,3.5,0.0,success,11.882,2120,LACM,ugv_parking,2162,7,True,12.200000000000001
1.3290255850618948,0.7,3.5,0.0,success,11.882,2121,LACM,ugv_parking,2163,7,True,12.200000000000001
1.396460308160141,0.7,3.5,0.0,success,11.882,2122,LACM,ugv_parking,2164,7,True,12.200000000000001
1.5943473099212264,0.7,3.5,0.0,success,11.882,2123,LACM,ugv_parking,2165,7,True,12.200000000000001
1.2314894423752785,0.5333333333333333,2.6666666666666665,0.025,success,11.131,2124,LACM,ugv_parking,2166,9,True,11.8
1.4002208698998333,0.7,3.5,0.0,success,11.882,2125,LACM,ugv_parking,2167,7,True,12.200000000000001
1.5673174528120009,0.7,3.5,0.0,success,11.882,2126,LACM,ugv_parking,2168,7,True,12.200000000000001
1.415878652581364,0.7,3.5,0.0,success,11.882,2127,LACM,ugv_parking,2169,7,True,12.200000000000001
1.6638908602405342,0.7,3.5,0.0,success,11.882,2128,LACM,ugv_parking,2170,7,True,12.200000000000001
1.428000304268345,0.5333333333333333,2.6666666666666665,0.025,success,11.131,2129,LACM,ugv_parking,2171,9,True,11.8
1.7870987579017994,0.7,3.5,0.0,success,11.882,2130,LACM,ugv_parking,2172,7,True,12.200000000000001
1.4396023390067767,0.7,3.5,0.0,success,11.882,2131,LACM,ugv_parking,2173,7,True,12.200000000000001
1.3849654795121304,0.5333333333333333,2.6666666666666665,0.025,success,11.131,2132,LACM,ugv_parking,2174,9,True,11.8
1.5004891725937861,0.7,3.5,0.0,success,11.882,2133,LACM,ugv_parking,2175,7,True,12.200000000000001
1.2777095694647151,0.5333333333333333,2.6666666666666665,0.025,success,11.131,2134,LACM,ugv_parking,2176,9,True,11.8
1.5618721840455323,0.7,3.5,0.0,success,11.882,2135,LACM,ugv_parking,2177,7,True,12.200000000000001
1.3060251827106848,0.7,3.5,0.0,success,11.882,2136,LACM,ugv_parking,2178,7,True,12.200000000000001
1.4996237211022605,0.7,3.5,0.0,success,11.882,2137,LACM,ugv_parking,2179,7,True,12.200000000000001
1.2104997106863424,0.5333333333333333,2.6666666666666665,0.025,success,11.131,2138,LACM,ugv_parking,2180,9,True,11.8
1.324221774606323,0.5333333333333333,2.6666666666666665,0.025,success,11.131,2139,LACM,ugv_parking,2181,9,True,11.8
1.4014670517701588,0.7,3.5,0.0,success,11.882,2140,LACM,ugv_parking,2182,7,True,12.200000000000001
1.3937989705915275,0.7,3.5,0.0,success,11.882,2141,LACM,ugv_parking,2183,7,True,12.200000000000001
1.1848724426930772,0.5333333333333333,2.6666666666666665,0.025,success,11.131,2142,LACM,ugv_parking,2184,9,True,11.8
1.709568599223117,0.7,3.5,0.0,success,11.882,2143,LACM,ugv_parking,2185,7,True,12.200000000000001
1.4191066304404896,0.5333333333333333,2.6666666666666665,0.025,success,11.131,2144,LACM,ugv_parking,2186,9,True,11.8
1.2579963788458743,0.5333333333333333,2.6666666666666665,0.025,success,11.131,2145,LACM,ugv_parking,2187,9,True,11.8
1.5231864301252758,0.7,3.5,0.0,success,11.882,2146,LACM,ugv_parking,2188,7,True,12.200000000000001
1.2691326417995605,0.5333333333333333,2.6666666666666665,0.025,success,11.131,2147,LACM,ugv_parking,2189,9,True,11.8
1.2506043064146537,0.7,3.5,0.0,success,11.882,2148,LACM,ugv_parking,2190,7,True,12.200000000000001
1.2036256051454306,0.5333333333333333,2.6666666666666665,0.025,success,11.131,2149,LACM,ugv_parking,2191,9,True,11.8
1.4920863686724797,0.7,3.5,0.0,success,11.882,2150,LACM,ugv_parking,2192,7,True,12.200000000000001
1.4168941793535073,0.7,3.5,0.0,success,11.882,2151,LACM,ugv_parking,2193,7,True,12.200000000000001
1.2041827583410638,0.7,3.5,0.0,success,11.882,2152,LACM,ugv_parking,2194,7,True,12.200000000000001
1.3139203596909255,0.7,3.5,0.0,success,11.882,2153,LACM,ugv_parking,2195,7,True,12.200000000000001
1.2827097578774762,0.5333333333333333,2.6666666666666665,0.025,success,11.131,2154,LACM,ugv_parking,2196,9,True,11.8
1.2651956750508102,0.7,3.5,0.0,success,11.882,2155,LACM,ugv_parking,2197,7,True,12.200000000000001
1.3144061597220353,0.7,3.5,0.0,success,11.882,2156,LACM,ugv_parking,2198,7,True,12.200000000000001
1.779814763779328,0.7,3.5,0.0,success,11.882,2157,LACM,ugv_parking,2199,7,True,12.200000000000001
1.4430268140076143,0.7,3.5,0.0,success,11.882,2158,LACM,ugv_parking,2200,7,True,12.200000000000001
1.4729124750337768,0.7,3.5,0.0,success,11.882,2159,LACM,ugv_parking,2201,7,True,12.200000000000001
1.2866385765850874,0.5333333333333333,2.6666666666666665,0.025,success,11.131,2160,LACM,ugv_parking,2202,9,True,11.8
1.4223251660028264,0.7,3.5,0.0,success,11.882,2161,LACM,ugv_parking,2203,7,True,12.200000000000001
1.7722879204809194,0.7,3.5,0.0,success,11.882,2162,LACM,ugv_parking,2204,7,True,12.200000000000001
1.2747218831351521,0.7,3.5,0.0,success,11.882,2163,LACM,ugv_parking,2205,7,True,12.200000000000001
1.6547700102776228,0.7,3.5,0.0,success,11.882,2164,LACM,ugv_parking,2206,7,True,12.200000000000001
1.6494180161166456,0.7,3.5,0.0,success,11.882,2165,LACM,ugv_parking,2207,7,True,12.200000000000001
1.283225167166234,0.5333333333333333,2.6666666666666665,0.025,success,11.131,2166,LACM,ugv_parking,2208,9,True,11.8
1.2016765261676603,0.5333333333333333,2.6666666666666665,0.025,success,11.131,2167,LACM,ugv_parking,2209,9,True,11.8
1.3316389743772223,0.7,3.5,0.0,success,11.882,2168,LACM,ugv_parking,2210,7,True,12.200000000000001
1.4655912576929837,0.7,3.5,0.0,success,11.882,2169,LACM,ugv_parking,2211,7,True,12.200000000000001
1.2850998337873367,0.7,3.5,0.0,success,11.882,2170,LACM,ugv_parking,2212,7,True,12.200000000000001
1.3325946902978745,0.7,3.5,0.0,success,11.882,2171,LACM,ugv_parking,2213,7,True,12.200000000000001
1.6407897226426207,0.7,3.5,0.0,success,11.882,2172,LACM,ugv_parking,2214,7,True,12.200000000000001
1.4517804807861356,0.5333333333333333,2.6666666666666665,0.025,success,11.131,2173,LACM,ugv_parking,2215,9,True,11.8
1.3663230563045483,0.7,3.5,0.0,success,11.882,2174,LACM,ugv_parking,2216,7,True,12.200000000000001
1.128617771249405,0.5333333333333333,2.6666666666666665,0.025,success,11.131,2175,LACM,ugv_parking,2217,9,True,11.8
1.4323037638645617,0.5333333333333333,2.6666666666666665,0.025,success,11.131,2176,LACM,ugv_parking,2218,9,True,11.8
1.6154900499906628,0.7,3.5,0.0,success,11.882,2177,LACM,ugv_parking,2219,7,True,12.200000000000001
1.3181634735671413,0.7,3.5,0.0,success,11.882,2178,LACM,ugv_parking,2220,7,True,12.200000000000001
1.4972767539664686,0.7,3.5,0.0,success,11.882,2179,LACM,ugv_parking,2221,7,True,12.200000000000001
1.149408058254078,0.5333333333333333,2.6666666666666665,0.025,success,11.131,2180,LACM,ugv_parking,2222,9,True,11.8
1.405457453545929,0.7,3.5,0.0,success,11.882,2181,LACM,ugv_parking,2223,7,True,12.200000000000001
1.5734902383820268,0.7,3.5,0.0,success,11.882,2182,LACM,ugv_parking,2224,7,True,12.200000000000001
1.1313460944961038,0.5333333333333333,2.6666666666666665,0.025,success,11.131,2183,LACM,ugv_parking,2225,9,True,11.8
1.3174563723592725,0.5333333333333333,2.6666666666666665,0.025,success,11.131,2184,LACM,ugv_parking,2226,9,True,11.8
1.433735660010586,0.7,3.5,0.0,success,11.882,2185,LACM,ugv_parking,2227,7,True,12.200000000000001
1.232250676466502,0.7,3.5,0.0,success,11.882,2186,LACM,ugv_parking,2228,7,True,12.200000000000001
1.4584169974335104,0.7,3.5,0.0,success,11.882,2187,LACM,ugv_parking,2229,7,True,12.200000000000001
1.3840801533117115,0.5333333333333333,2.6666666666666665,0.025,success,11.131,2188,LACM,ugv_parking,2230,9,True,11.8
1.4091351417163755,0.7,3.5,0.0,success,11.882,2189,LACM,ugv_parking,2231,7,True,12.200000000000001
1.3117307893939223,0.7,3.5,0.0,success,11.882,2190,LACM,ugv_parking,2232,7,True,12.200000000000001
1.2344441794197758,0.7,3.5,0.0,success,11.882,2191,LACM,ugv_parking,2233,7,True,12.200000000000001
1.668338217498107,0.7,3.5,0.0,success,11.882,2192,LACM,ugv_parking,2234,7,True,12.200000000000001
1.3908477200732747,0.7,3.5,0.0,success,11.882,2193,LACM,ugv_parking,2235,7,True,12.200000000000001
1.2910557402791505,0.7,3.5,0.0,success,11.882,2194,LACM,ugv_parking,2236,7,True,12.200000000000001
1.191319684114821,0.5333333333333333,2.6666666666666665,0.025,success,11.131,2195,LACM,ugv_parking,2237,9,True,11.8
1.3603404547735076,0.7,3.5,0.0,success,11.882,2196,LACM,ugv_parking,2238,7,True,12.200000000000001
1.4314134905549034,0.7,3.5,0.0,success,11.882,2197,LACM,ugv_parking,2239,7,True,12.200000000000001
1.4433335955907218,0.7,3.5,0.0,success,11.882,2198,LACM,ugv_parking,2240,7,True,12.200000000000001
1.450541419759591,0.7,3.5,0.0,success,11.882,2199,LACM,ugv_parking,2241,7,True,12.200000000000001
1.4321079278863666,0.7,3.5,0.0,success,11.882,2200,LACM,ugv_parking,2242,7,True,12.200000000000001
1.3361724567837217,0.7,3.5,0.0,success,11.882,2201,LACM,ugv_parking,2243,7,True,12.200000000000001
1.272499952726192,0.7,3.5,0.0,success,11.882,2202,LACM,ugv_parking,2244,7,True,12.200000000000001
1.3311326841739,0.5333333333333333,2.6666666666666665,0.025,success,11.131,2203,LACM,ugv_parking,2245,9,True,11.8
1.2800877045897479,0.7,3.5,0.0,success,11.882,2204,LACM,ugv_parking,2246,7,True,12.200000000000001
1.2467705331269254,0.7,3.5,0.0,success,11.882,2205,LACM,ugv_parking,2247,7,True,12.200000000000001
1.500072148708099,0.7,3.5,0.0,success,11.882,2206,LACM,ugv_parking,2248,7,True,12.200000000000001
1.4044053246122017,0.7,3.5,0.0,success,11.882,2207,LACM,ugv_parking,2249,7,True,12.200000000000001
1.3472918681104142,0.7,3.5,0.0,success,11.882,2208,LACM,ugv_parking,2250,7,True,12.200000000000001
1.271898704253013,0.5333333333333333,2.6666666666666665,0.025,success,11.131,2209,LACM,ugv_parking,2251,9,True,11.8
1.271316736766394,0.5333333333333333,2.6666666666666665,0.025,success,11.131,2210,LACM,ugv_parking,2252,9,True,11.8
1.5761765877122709,0.7,3.5,0.0,success,11.882,2211,LACM,ugv_parking,2253,7,True,12.200000000000001
1.2709467890300152,0.5333333333333333,2.6666666666666665,0.025,success,11.131,2212,LACM,ugv_parking,2254,9,True,11.8
1.598444082611107,0.7,3.5,0.0,success,11.882,2213,LACM,ugv_parking,2255,7,True,12.200000000000001
1.4349698448754287,0.7,3.5,0.0,success,11.882,2214,LACM,ugv_parking,2256,7,True,12.200000000000001
1.3448470519515971,0.5333333333333333,2.6666666666666665,0.025,success,11.131,2215,LACM,ugv_parking,2257,9,True,11.8
1.2780695453109259,0.5333333333333333,2.6666666666666665,0.025,success,11.131,2216,LACM,ugv_parking,2258,9,True,11.8
1.2336811520453683,0.5333333333333333,2.6666666666666665,0.025,success,11.131,2217,LACM,ugv_parking,2259,9,True,11.8
1.4743577025674446,0.7,3.5,0.0,success,11.882,2218,LACM,ugv_parking,2260,7,True,12.200000000000001
1.3403711934543718,0.7,3.5,0.0,success,11.882,2219,LACM,ugv_parking,2261,7,True,12.200000000000001
1.4458839835674762,0.7,3.5,0.0,success,11.882,2220,LACM,ugv_parking,2262,7,True,12.200000000000001
1.2027594045070404,0.5333333333333333,2.6666666666666665,0.025,success,11.131,2221,LACM,ugv_parking,2263,9,True,11.8
1.684362840059442,0.7,3.5,0.0,success,11.882,2222,LACM,ugv_parking,2264,7,True,12.200000000000001
1.2363887181427047,0.5333333333333333,2.6666666666666665,0.025,success,11.131,2223,LACM,ugv_parking,2265,9,True,11.8
1.6856976979947937,0.7,3.5,0.0,success,11.882,2224,LACM,ugv_parking,2266,7,True,12.200000000000001
1.4781649694121646,0.7,3.5,0.0,success,11.882,2225,LACM,ugv_parking,2267,7,True,12.200000000000001
1.328736521865692,0.5333333333333333,2.6666666666666665,0.025,success,11.131,2226,LACM,ugv_parking,2268,9,True,11.8
1.5930254076103936,0.7,3.5,0.0,success,11.882,2227,LACM,ugv_parking,2269,7,True,12.200000000000001
1.3508000972123364,0.7,3.5,0.0,success,11.882,2228,LACM,ugv_parking,2270,7,True,12.200000000000001
1.5487382731684967,0.7,3.5,0.0,success,11.882,2229,LACM,ugv_parking,2271,7,True,12.200000000000001
1.1758694758856931,0.7,3.5,0.0,success,11.882,2230,LACM,ugv_parking,2272,7,True,12.200000000000001
1.687387856583062,0.7,3.5,0.0,success,11.882,2231,LACM,ugv_parking,2273,7,True,12.200000000000001
1.5290689651333724,0.7,3.5,0.0,success,11.882,2232,LACM,ugv_parking,2274,7,True,12.200000000000001
1.7785877971708675,0.7,3.5,0.0,success,11.882,2233,LACM,ugv_parking,2275,7,True,12.200000000000001
1.2198353875271153,0.7,3.5,0.0,success,11.882,2234,LACM,ugv_parking,2276,7,True,12.200000000000001
1.3909197915882598,0.7,3.5,0.0,success,11.882,2235,LACM,ugv_parking,2277,7,True,12.200000000000001
1.0609852737848704,0.5333333333333333,2.6666666666666665,0.025,success,11.131,2236,LACM,ugv_parking,2278,9,True,11.8
1.5623202147485893,0.7,3.5,0.0,success,11.882,2237,LACM,ugv_parking,2279,7,True,12.200000000000001
1.3862190675299138,0.7,3.5,0.0,success,11.882,2238,LACM,ugv_parking,2280,7,True,12.200000000000001
1.421510521210049,0.7,3.5,0.0,success,11.882,2239,LACM,ugv_parking,2281,7,True,12.200000000000001
1.170173388979386,0.5333333333333333,2.6666666666666665,0.025,success,11.131,2240,LACM,ugv_parking,2282,9,True,11.8
1.2716012341902918,0.5333333333333333,2.6666666666666665,0.025,success,11.131,2241,LACM,ugv_parking,2283,9,True,11.8
1.333561434642076,0.7,3.5,0.0,success,11.882,2242,LACM,ugv_parking,2284,7,True,12.200000000000001
1.2928248253700905,0.7,3.5,0.0,success,11.882,2243,LACM,ugv_parking,2285,7,True,12.200000000000001
1.209705165843876,0.7,3.5,0.0,success,11.882,2244,LACM,ugv_parking,2286,7,True,12.200000000000001
1.5255627777179552,0.7,3.5,0.0,success,11.882,2245,LACM,ugv_parking,2287,7,True,12.200000000000001
1.3921844168292006,0.7,3.5,0.0,success,11.882,2246,LACM,ugv_parking,2288,7,True,12.200000000000001
1.479836205197116,0.7,3.5,0.0,success,11.882,2247,LACM,ugv_parking,2289,7,True,12.200000000000001
1.6224548315490046,0.7,3.5,0.0,success,11.882,2248,LACM,ugv_parking,2290,7,True,12.200000000000001
1.3734238998618018,0.7,3.5,0.0,success,11.882,2249,LACM,ugv_parking,2291,7,True,12.200000000000001
1.5048263167512128,0.7,3.5,0.0,success,11.882,2250,LACM,ugv_parking,2292,7,True,12.200000000000001
1.408798650178588,0.7,3.5,0.0,success,11.882,2251,LACM,ugv_parking,2293,7,True,12.200000000000001
1.7074502489327588,0.7,3.5,0.0,success,11.882,2252,LACM,ugv_parking,2294,7,True,12.200000000000001
1.3342958876648394,0.7,3.5,0.0,success,11.882,2253,LACM,ugv_parking,2295,7,True,12.200000000000001
1.2019228836973905,0.7,3.5,0.0,success,11.882,2254,LACM,ugv_parking,2296,7,True,12.200000000000001
1.4545742335919913,0.7,3.5,0.0,success,11.882,2255,LACM,ugv_parking,2297,7,True,12.200000000000001
1.3546725516214926,0.7,3.5,0.0,success,11.882,2256,LACM,ugv_parking,2298,7,True,12.200000000000001
1.1518378714986859,0.5333333333333333,2.6666666666666665,0.025,success,11.131,2257,LACM,ugv_parking,2299,9,True,11.8
1.3082200877188654,0.7,3.5,0.0,success,11.882,2258,LACM,ugv_parking,2300,7,True,12.200000000000001
1.4614612184410751,0.7,3.5,0.0,success,11.882,2259,LACM,ugv_parking,2301,7,True,12.200000000000001
1.627697068828733,0.7,3.5,0.0,success,11.882,2260,LACM,ugv_parking,2302,7,True,12.200000000000001
1.2136691539601692,0.5333333333333333,2.6666666666666665,0.025,success,11.131,2261,LACM,ugv_parking,2303,9,True,11.8
1.4033249491587076,0.7,3.5,0.0,success,11.882,2262,LACM,ugv_parking,2304,7,True,12.200000000000001
1.4453566295094398,0.5333333333333333,2.6666666666666665,0.025,success,11.131,2263,LACM,ugv_parking,2305,9,True,11.8
1.2347708525245935,0.7,3.5,0.0,success,11.882,2264,LACM,ugv_parking,2306,7,True,12.200000000000001
1.3073482560972083,0.7,3.5,0.0,success,11.882,2265,LACM,ugv_parking,2307,7,True,12.200000000000001
1.7006474062449597,0.7,3.5,0.0,success,11.882,2266,LACM,ugv_parking,2308,7,True,12.200000000000001
1.630022060449697,0.7,3.5,0.0,success,11.882,2267,LACM,ugv_parking,2309,7,True,12.200000000000001
1.3258763886336202,0.7,3.5,0.0,success,11.882,2268,LACM,ugv_parking,2310,7,True,12.200000000000001
1.3732425925969267,0.5333333333333333,2.6666666666666665,0.025,success,11.131,2269,LACM,ugv_parking,2311,9,True,11.8
1.6853547766030208,0.7,3.5,0.0,success,11.882,2270,LACM,ugv_parking,2312,7,True,12.200000000000001
1.5413141564191974,0.7,3.5,0.0,success,11.882,2271,LACM,ugv_parking,2313,7,True,12.200000000000001
1.444618790146351,0.5333333333333333,2.6666666666666665,0.025,success,11.131,2272,LACM,ugv_parking,2314,9,True,11.8
1.5036948021930203,0.7,3.5,0.0,success,11.882,2273,LACM,ugv_parking,2315,7,True,12.200000000000001
1.692709923137036,0.7,3.5,0.0,success,11.882,2274,LACM,ugv_parking,2316,7,True,12.200000000000001
1.2125630167493449,0.7,3.5,0.0,success,11.882,2275,LACM,ugv_parking,2317,7,True,12.200000000000001
1.3049185036684845,0.5333333333333333,2.6666666666666665,0.025,success,11.131,2276,LACM,ugv_parking,2318,9,True,11.8
1.1616999469023053,0.5333333333333333,2.6666666666666665,0.025,success,11.131,2277,LACM,ugv_parking,2319,9,True,11.8
1.3336668277919197,0.7,3.5,0.0,success,11.882,2278,LACM,ugv_parking,2320,7,True,12.200000000000001
1.245910075106217,0.7,3.5,0.0,success,11.882,2279,LACM,ugv_parking,2321,7,True,12.200000000000001
1.619220207604498,0.7,3.5,0.0,success,11.882,2280,LACM,ugv_parking,2322,7,True,12.200000000000001
1.2891580148307749,0.7,3.5,0.0,success,11.882,2281,LACM,ugv_parking,2323,7,True,12.200000000000001
1.540617432799172,0.7,3.5,0.0,success,11.882,2282,LACM,ugv_parking,2324,7,True,12.200000000000001
1.367297951222274,0.7,3.5,0.0,success,11.882,2283,LACM,ugv_parking,2325,7,True,12.200000000000001
1.519718570196806,0.7,3.5,0.0,success,11.882,2284,LACM,ugv_parking,2326,7,True,12.200000000000001
1.290629991201924,0.5333333333333333,2.6666666666666665,0.025,success,11.131,2285,LACM,ugv_parking,2327,9,True,11.8
1.2134099111821552,0.5333333333333333,2.6666666666666665,0.025,success,11.131,2286,LACM,ugv_parking,2328,9,True,11.8
1.4290690668279562,0.7,3.5,0.0,success,11.882,2287,LACM,ugv_parking,2329,7,True,12.200000000000001
1.1750504313488284,0.7,3.5,0.0,success,11.882,2288,LACM,ugv_parking,2330,7,True,12.200000000000001
1.409867415301718,0.7,3.5,0.0,success,11.882,2289,LACM,ugv_parking,2331,7,True,12.200000000000001
1.4019171150902177,0.5333333333333333,2.6666666666666665,0.025,success,11.131,2290,LACM,ugv_parking,2332,9,True,11.8
1.318712326773331,0.5333333333333333,2.6666666666666665,0.025,success,11.131,2291,LACM,ugv_parking,2333,9,True,11.8
1.3937856440852432,0.7,3.5,0.0,success,11.882,2292,LACM,ugv_parking,2334,7,True,12.200000000000001
1.241291997051544,0.7,3.5,0.0,success,11.882,2293,LACM,ugv_parking,2335,7,True,12.200000000000001
1.387219881943921,0.7,3.5,0.0,success,11.882,2294,LACM,ugv_parking,2336,7,True,12.200000000000001
1.5373454000413789,0.7,3.5,0.0,success,11.882,2295,LACM,ugv_parking,2337,7,True,12.200000000000001
1.4295055695782708,0.7,3.5,0.0,success,11.882,2296,LACM,ugv_parking,2338,7,True,12.200000000000001
1.5117190221964056,0.7,3.5,0.0,success,11.882,2297,LACM,ugv_parking,2339,7,True,12.200000000000001
1.2603171489649139,0.5333333333333333,2.6666666666666665,0.025,success,11.131,2298,LACM,ugv_parking,2340,9,True,11.8
1.5083193903985106,0.7,3.5,0.0,success,11.882,2299,LACM,ugv_parking,2341,7,True,12.200000000000001
1.4830953787395509,0.7,3.5,0.0,success,11.882,2300,LACM,ugv_parking,2342,7,True,12.200000000000001
1.52265652887735,0.7,3.5,0.0,success,11.882,2301,LACM,ugv_parking,2343,7,True,12.200000000000001
1.2698964488562599,0.7,3.5,0.0,success,11.882,2302,LACM,ugv_parking,2344,7,True,12.200000000000001
1.6408318698883353,0.7,3.5,0.0,success,11.882,2303,LACM,ugv_parking,2345,7,True,12.200000000000001
1.7576386092168446,0.7,3.5,0.0,success,11.882,2304,LACM,ugv_parking,2346,7,True,12.200000000000001
1.2372145919622588,0.5333333333333333,2.6666666666666665,0.025,success,11.131,2305,LACM,ugv_parking,2347,9,True,11.8
1.7727967283361272,0.7,3.5,0.0,success,11.882,2306,LACM,ugv_parking,2348,7,True,12.200000000000001
1.3965245166548315,0.7,3.5,0.0,success,11.882,2307,LACM,ugv_parking,2349,7,True,12.200000000000001
1.47738158329532,0.7,3.5,0.0,success,11.882,2308,LACM,ugv_parking,2350,7,True,12.200000000000001
1.3745447678024472,0.7,3.5,0.0,success,11.882,2309,LACM,ugv_parking,2351,7,True,12.200000000000001
1.6369333385532325,0.7,3.5,0.0,success,11.882,2310,LACM,ugv_parking,2352,7,True,12.200000000000001
1.4708239784615444,0.7,3.5,0.0,success,11.882,2311,LACM,ugv_parking,2353,7,True,12.200000000000001
1.4782428621721202,0.7,3.5,0.0,success,11.882,2312,LACM,ugv_parking,2354,7,True,12.200000000000001
1.1233209316195247,0.7,3.5,0.0,success,11.882,2313,LACM,ugv_parking,2355,7,True,12.200000000000001
1.7310831034583838,0.7,3.5,0.0,success,11.882,2314,LACM,ugv_parking,2356,7,True,12.200000000000001
1.570425641981573,0.7,3.5,0.0,success,11.882,2315,LACM,ugv_parking,2357,7,True,12.200000000000001
1.4751359626481664,0.7,3.5,0.0,success,11.882,2316,LACM,ugv_parking,2358,7,True,12.200000000000001
1.25624305898215,0.7,3.5,0.0,success,11.882,2317,LACM,ugv_parking,2359,7,True,12.200000000000001
1.4788852920616715,0.7,3.5,0.0,success,11.882,2318,LACM,ugv_parking,2360,7,True,12.200000000000001
1.3176028690993369,0.7,3.5,0.0,success,11.882,2319,LACM,ugv_parking,2361,7,True,12.200000000000001
1.6330742369763702,0.7,3.5,0.0,success,11.882,2320,LACM,ugv_parking,2362,7,True,12.200000000000001
1.30251763475832,0.7,3.5,0.0,success,11.882,2321,LACM,ugv_parking,2363,7,True,12.200000000000001
1.2190553062994356,0.7,3.5,0.0,success,11.882,2322,LACM,ugv_parking,2364,7,True,12.200000000000001
1.5529935379801816,0.7,3.5,0.0,success,11.882,2323,LACM,ugv_parking,2365,7,True,12.200000000000001
1.5187628660945784,0.7,3.5,0.0,success,11.882,2324,LACM,ugv_parking,2366,7,True,12.200000000000001
1.4013421326896336,0.7,3.5,0.0,success,11.882,2325,LACM,ugv_parking,2367,7,True,12.200000000000001
1.2614378827192934,0.7,3.5,0.0,success,11.882,2326,LACM,ugv_parking,2368,7,True,12.200000000000001
1.493545880703711,0.7,3.5,0.0,success,11.882,2327,LACM,ugv_parking,2369,7,True,12.200000000000001
1.1610730354510128,0.7,3.5,0.0,success,11.882,2328,LACM,ugv_parking,2370,7,True,12.200000000000001
1.595985241514115,0.7,3.5,0.0,success,11.882,2329,LACM,ugv_parking,2371,7,True,12.200000000000001
1.3777173968259404,0.7,3.5,0.0,success,11.882,2330,LACM,ugv_parking,2372,7,True,12.200000000000001
1.5471693801859567,0.7,3.5,0.0,success,11.882,2331,LACM,ugv_parking,2373,7,True,12.200000000000001
1.2149230604814498,0.7,3.5,0.0,success,11.882,2332,LACM,ugv_parking,2374,7,True,12.200000000000001
1.163167151635152,0.7,3.5,0.0,success,11.882,2333,LACM,ugv_parking,2375,7,True,12.200000000000001
1.6284370280206684,0.7,3.5,0.0,success,11.882,2334,LACM,ugv_parking,2376,7,True,12.200000000000001
1.320294491104606,0.7,3.5,0.0,success,11.882,2335,LACM,ugv_parking,2377,7,True,12.200000000000001
1.6911458177475538,0.7,3.5,0.0,success,11.882,2336,LACM,ugv_parking,2378,7,True,12.200000000000001
1.2919081346776295,0.5333333333333333,2.6666666666666665,0.025,success,11.131,2337,LACM,ugv_parking,2379,9,True,11.8
1.244335944750894,0.7,3.5,0.0,success,11.882,2338,LACM,ugv_parking,2380,7,True,12.200000000000001
1.3987757355059343,0.5333333333333333,2.6666666666666665,0.025,success,11.131,2339,LACM,ugv_parking,2381,9,True,11.8
1.4027805116161436,0.7,3.5,0.0,success,11.882,2340,LACM,ugv_parking,2382,7,True,12.200000000000001
1.2313445594217192,0.7,3.5,0.0,success,11.882,2341,LACM,ugv_parking,2383,7,True,12.200000000000001
1.234492420426313,0.7,3.5,0.0,success,11.882,2342,LACM,ugv_parking,2384,7,True,12.200000000000001
1.610330529482878,0.7,3.5,0.0,success,11.882,2343,LACM,ugv_parking,2385,7,True,12.200000000000001
1.370175724015995,0.7,3.5,0.0,success,11.882,2344,LACM,ugv_parking,2386,7,True,12.200000000000001
1.4111331527972486,0.7,3.5,0.0,success,11.882,2345,LACM,ugv_parking,2387,7,True,12.200000000000001
1.4078302622380878,0.5333333333333333,2.6666666666666665,0.025,success,11.131,2346,LACM,ugv_parking,2388,9,True,11.8
1.599019958643309,0.7,3.5,0.0,success,11.882,2347,LACM,ugv_parking,2389,7,True,12.200000000000001
1.2222164987047934,0.7,3.5,0.0,success,11.882,2348,LACM,ugv_parking,2390,7,True,12.200000000000001
1.2417733905653299,0.5333333333333333,2.6666666666666665,0.025,success,11.131,2349,LACM,ugv_parking,2391,9,True,11.8
1.6231295517933209,0.7,3.5,0.0,success,11.882,2350,LACM,ugv_parking,2392,7,True,12.200000000000001
1.2828367020039744,0.5333333333333333,2.6666666666666665,0.025,success,11.131,2351,LACM,ugv_parking,2393,9,True,11.8
1.3409619991077573,0.7,3.5,0.0,success,11.882,2352,LACM,ugv_parking,2394,7,True,12.200000000000001
1.5456584165380303,0.7,3.5,0.0,success,11.882,2353,LACM,ugv_parking,2395,7,True,12.200000000000001
1.2951981891460504,0.7,3.5,0.0,success,11.882,2354,LACM,ugv_parking,2396,7,True,12.200000000000001
1.333471129734268,0.5333333333333333,2.6666666666666665,0.025,success,11.131,2355,LACM,ugv_parking,2397,9,True,11.8
1.5068949575277681,0.7,3.5,0.0,success,11.882,2356,LACM,ugv_parking,2398,7,True,12.200000000000001
1.426768465489254,0.7,3.5,0.0,success,11.882,2357,LACM,ugv_parking,2399,7,True,12.200000000000001
1.1613705483319452,0.5333333333333333,2.6666666666666665,0.025,success,11.131,2358,LACM,ugv_parking,2400,9,True,11.8
1.483620194440859,0.5333333333333333,2.6666666666666665,0.025,success,11.131,2359,LACM,ugv_parking,2401,9,True,11.8
1.3011859838870106,0.7,3.5,0.0,success,11.882,2360,LACM,ugv_parking,2402,7,True,12.200000000000001
1.4050428321263702,0.5333333333333333,2.6666666666666665,0.025,success,11.131,2361,LACM,ugv_parking,2403,9,True,11.8
1.4735476843553892,0.7,3.5,0.0,success,11.882,2362,LACM,ugv_parking,2404,7,True,12.200000000000001
1.4424395246414594,0.5333333333333333,2.6666666666666665,0.025,success,11.131,2363,LACM,ugv_parking,2405,9,True,11.8
1.2982649426907635,0.7,3.5,0.0,success,11.882,2364,LACM,ugv_parking,2406,7,True,12.200000000000001
1.2627431205282034,0.7,3.5,0.0,success,11.882,2365,LACM,ugv_parking,2407,7,True,12.200000000000001
1.285916103266354,0.7,3.5,0.0,success,11.882,2366,LACM,ugv_parking,2408,7,True,12.200000000000001
1.2825285343487232,0.7,3.5,0.0,success,11.882,2367,LACM,ugv_parking,2409,7,True,12.200000000000001
1.6289199699235875,0.7,3.5,0.0,success,11.882,2368,LACM,ugv_parking,2410,7,True,12.200000000000001
1.2266235845826188,0.5333333333333333,2.6666666666666665,0.025,success,11.131,2369,LACM,ugv_parking,2411,9,True,11.8
1.1427476946452026,0.7,3.5,0.0,success,11.882,2370,LACM,ugv_parking,2412,7,True,12.200000000000001
1.6271450589458605,0.7,3.5,0.0,success,11.882,2371,LACM,ugv_parking,2413,7,True,12.200000000000001
1.7299886068668155,0.7,3.5,0.0,success,11.882,2372,LACM,ugv_parking,2414,7,True,12.200000000000001
1.4343265704911636,0.7,3.5,0.0,success,11.882,2373,LACM,ugv_parking,2415,7,True,12.200000000000001
1.4603668692706382,0.7,3.5,0.0,success,11.882,2374,LACM,ugv_parking,2416,7,True,12.200000000000001
1.3178628859983754,0.7,3.5,0.0,success,11.882,2375,LACM,ugv_parking,2417,7,True,12.200000000000001
1.563170651178309,0.7,3.5,0.0,success,11.882,2376,LACM,ugv_parking,2418,7,True,12.200000000000001
1.4420183500773234,0.7,3.5,0.0,success,11.882,2377,LACM,ugv_parking,2419,7,True,12.200000000000001
1.3493444637293677,0.7,3.5,0.0,success,11.882,2378,LACM,ugv_parking,2420,7,True,12.200000000000001
1.062030682885825,0.5333333333333333,2.6666666666666665,0.025,success,11.131,2379,LACM,ugv_parking,2421,9,True,11.8
1.2074651117375335,0.7,3.5,0.0,success,11.882,2380,LACM,ugv_parking,2422,7,True,12.200000000000001
1.382117971050853,0.7,3.5,0.0,success,11.882,2381,LACM,ugv_parking,2423,7,True,12.200000000000001
1.1191858676188264,0.7,3.5,0.0,success,11.882,2382,LACM,ugv_parking,2424,7,True,12.200000000000001
1.6820276277940946,0.7,3.5,0.0,success,11.882,2383,LACM,ugv_parking,2425,7,True,12.200000000000001
1.4814381921436501,0.7,3.5,0.0,success,11.882,2384,LACM,ugv_parking,2426,7,True,12.200000000000001
1.6578971722169236,0.7,3.5,0.0,success,11.882,2385,LACM,ugv_parking,2427,7,True,12.200000000000001
1.3817194483960245,0.7,3.5,0.0,success,11.882,2386,LACM,ugv_parking,2428,7,True,12.200000000000001
1.1703445094378464,0.7,3.5,0.0,success,11.882,2387,LACM,ugv_parking,2429,7,True,12.200000000000001
1.1278809207155691,0.5333333333333333,2.6666666666666665,0.025,success,11.131,2388,LACM,ugv_parking,2430,9,True,11.8
1.5177289455454384,0.7,3.5,0.0,success,11.882,2389,LACM,ugv_parking,2431,7,True,12.200000000000001
1.628179967145156,0.7,3.5,0.0,success,11.882,2390,LACM,ugv_parking,2432,7,True,12.200000000000001
1.4388124916806948,0.7,3.5,0.0,success,11.882,2391,LACM,ugv_parking,2433,7,True,12.200000000000001
1.5106365003920863,0.7,3.5,0.0,success,11.882,2392,LACM,ugv_parking,2434,7,True,12.200000000000001
1.366079734525452,0.7,3.5,0.0,success,11.882,2393,LACM,ugv_parking,2435,7,True,12.200000000000001
1.4801795645600913,0.7,3.5,0.0,success,11.882,2394,LACM,ugv_parking,2436,7,True,12.200000000000001
1.511936242477653,0.7,3.5,0.0,success,11.882,2395,LACM,ugv_parking,2437,7,True,12.200000000000001
1.5612893028352366,0.7,3.5,0.0,success,11.882,2396,LACM,ugv_parking,2438,7,True,12.200000000000001
1.3301616022037213,0.5333333333333333,2.6666666666666665,0.025,success,11.131,2397,LACM,ugv_parking,2439,9,True,11.8
1.5590508531446807,0.7,3.5,0.0,success,11.882,2398,LACM,ugv_parking,2440,7,True,12.200000000000001
1.4518137243793419,0.7,3.5,0.0,success,11.882,2399,LACM,ugv_parking,2441,7,True,12.200000000000001
1.1809423481186028,0.7,3.5,0.0,success,11.882,2400,LACM,ugv_parking,2442,7,True,12.200000000000001
1.5621348718361907,0.7,3.5,0.0,success,11.882,2401,LACM,ugv_parking,2443,7,True,12.200000000000001
1.460123629756961,0.7,3.5,0.0,success,11.882,2402,LACM,ugv_parking,2444,7,True,12.200000000000001
1.436996881022362,0.7,3.5,0.0,success,11.882,2403,LACM,ugv_parking,2445,7,True,12.200000000000001
1.4272242134162845,0.7,3.5,0.0,success,11.882,2404,LACM,ugv_parking,2446,7,True,12.200000000000001
1.7459602009681516,0.7,3.5,0.0,success,11.882,2405,LACM,ugv_parking,2447,7,True,12.200000000000001
1.3983781979007153,0.7,3.5,0.0,success,11.882,2406,LACM,ugv_parking,2448,7,True,12.200000000000001
1.355317113785273,0.5333333333333333,2.6666666666666665,0.025,success,11.131,2407,LACM,ugv_parking,2449,9,True,11.8
1.4627227245678758,0.7,3.5,0.0,success,11.882,2408,LACM,ugv_parking,2450,7,True,12.200000000000001
1.418158667331894,0.5333333333333333,2.6666666666666665,0.025,success,11.131,2409,LACM,ugv_parking,2451,9,True,11.8
1.244616917048523,0.5333333333333333,2.6666666666666665,0.025,success,11.131,2410,LACM,ugv_parking,2452,9,True,11.8
1.2544210552409498,0.7,3.5,0.0,success,11.882,2411,LACM,ugv_parking,2453,7,True,12.200000000000001
1.2565111545876062,0.5333333333333333,2.6666666666666665,0.025,success,11.131,2412,LACM,ugv_parking,2454,9,True,11.8
1.4386019479633265,0.7,3.5,0.0,success,11.882,2413,LACM,ugv_parking,2455,7,True,12.200000000000001
1.3725886772822848,0.7,3.5,0.0,success,11.882,2414,LACM,ugv_parking,2456,7,True,12.200000000000001
1.3927226511485857,0.7,3.5,0.0,success,11.882,2415,LACM,ugv_parking,2457,7,True,12.200000000000001
1.4796524651982563,0.7,3.5,0.0,success,11.882,2416,LACM,ugv_parking,2458,7,True,12.200000000000001
1.3984426049801102,0.7,3.5,0.0,success,11.882,2417,LACM,ugv_parking,2459,7,True,12.200000000000001
1.5404528557454407,0.7,3.5,0.0,success,11.882,2418,LACM,ugv_parking,2460,7,True,12.200000000000001
1.462992598829344,0.7,3.5,0.0,success,11.882,2419,LACM,ugv_parking,2461,7,True,12.200000000000001
1.2258914878064602,0.5333333333333333,2.6666666666666665,0.025,success,11.131,2420,LACM,ugv_parking,2462,9,True,11.8
1.1250997251313049,0.5333333333333333,2.6666666666666665,0.025,success,11.131,2421,LACM,ugv_parking,2463,9,True,11.8
1.4247805671056943,0.7,3.5,0.0,success,11.882,2422,LACM,ugv_parking,2464,7,True,12.200000000000001
1.24904644784008,0.7,3.5,0.0,success,11.882,2423,LACM,ugv_parking,2465,7,True,12.200000000000001
1.2706113977211961,0.7,3.5,0.0,success,11.882,2424,LACM,ugv_parking,2466,7,True,12.200000000000001
1.2932054122095469,0.5333333333333333,2.6666666666666665,0.025,success,11.131,2425,LACM,ugv_parking,2467,9,True,11.8
1.3014032860786862,0.7,3.5,0.0,success,11.882,2426,LACM,ugv_parking,2468,7,True,12.200000000000001
1.1327723252596074,0.7,3.5,0.0,success,11.882,2427,LACM,ugv_parking,2469,7,True,12.200000000000001
1.4272720458457657,0.7,3.5,0.0,success,11.882,2428,LACM,ugv_parking,2470,7,True,12.200000000000001
1.563150348794995,0.7,3.5,0.0,success,11.882,2429,LACM,ugv_parking,2471,7,True,12.200000000000001
1.4386981323432773,0.7,3.5,0.0,success,11.882,2430,LACM,ugv_parking,2472,7,True,12.200000000000001
1.2630133807200083,0.7,3.5,0.0,success,11.882,2431,LACM,ugv_parking,2473,7,True,12.200000000000001
1.678427983208835,0.7,3.5,0.0,success,11.882,2432,LACM,ugv_parking,2474,7,True,12.200000000000001
1.179898367350625,0.5333333333333333,2.6666666666666665,0.025,success,11.131,2433,LACM,ugv_parking,2475,9,True,11.8
1.3924758291211494,0.7,3.5,0.0,success,11.882,2434,LACM,ugv_parking,2476,7,True,12.200000000000001
1.3854067227440499,0.5333333333333333,2.6666666666666665,0.025,success,11.131,2435,LACM,ugv_parking,2477,9,True,11.8
1.5696317373078332,0.7,3.5,0.0,success,11.882,2436,LACM,ugv_parking,2478,7,True,12.200000000000001
1.490470994644532,0.7,3.5,0.0,success,11.882,2437,LACM,ugv_parking,2479,7,True,12.200000000000001
1.2795159180844384,0.7,3.5,0.0,success,11.882,2438,LACM,ugv_parking,2480,7,True,12.200000000000001
1.5820942933952544,0.7,3.5,0.0,success,11.882,2439,LACM,ugv_parking,2481,7,True,12.200000000000001
1.5329776424744177,0.5333333333333333,2.6666666666666665,0.025,success,11.131,2440,LACM,ugv_parking,2482,9,True,11.8
1.5926100988888894,0.7,3.5,0.0,success,11.882,2441,LACM,ugv_parking,2483,7,True,12.200000000000001
1.5891119853613407,0.7,3.5,0.0,success,11.882,2442,LACM,ugv_parking,2484,7,True,12.200000000000001
1.3965378419198327,0.5333333333333333,2.6666666666666665,0.025,success,11.131,2443,LACM,ugv_parking,2485,9,True,11.8
1.4289489896276497,0.7,3.5,0.0,success,11.882,2444,LACM,ugv_parking,2486,7,True,12.200000000000001
1.6953794300323375,0.7,3.5,0.0,success,11.882,2445,LACM,ugv_parking,2487,7,True,12.200000000000001
1.7616085248223976,0.7,3.5,0.0,success,11.882,2446,LACM,ugv_parking,2488,7,True,12.200000000000001
1.2365449400276882,0.5333333333333333,2.6666666666666665,0.025,success,11.131,2447,LACM,ugv_parking,2489,9,True,11.8
1.6752095574153643,0.7,3.5,0.0,success,11.882,2448,LACM,ugv_parking,2490,7,True,12.200000000000001
1.5867896103834234,0.7,3.5,0.0,success,11.882,2449,LACM,ugv_parking,2491,7,True,12.200000000000001
1.3782383502754834,0.7,3.5,0.0,success,11.882,2450,LACM,ugv_parking,2492,7,True,12.200000000000001
1.6075764513986188,0.7,3.5,0.0,success,11.882,2451,LACM,ugv_parking,2493,7,True,12.200000000000001
1.3559609295845703,0.7,3.5,0.0,success,11.882,2452,LACM,ugv_parking,2494,7,True,12.200000000000001
1.535344496228327,0.5333333333333333,2.6666666666666665,0.025,success,11.131,2453,LACM,ugv_parking,2495,9,True,11.8
1.5196883540329504,0.7,3.5,0.0,success,11.882,2454,LACM,ugv_parking,2496,7,True,12.200000000000001
1.3221163802812366,0.7,3.5,0.0,success,11.882,2455,LACM,ugv_parking,2497,7,True,12.200000000000001
1.3166838547825717,0.5333333333333333,2.6666666666666665,0.025,success,11.131,2456,LACM,ugv_parking,2498,9,True,11.8
1.6098499027072315,0.7,3.5,0.0,success,11.882,2457,LACM,ugv_parking,2499,7,True,12.200000000000001
1.428796609644551,0.7,3.5,0.0,success,11.882,2458,LACM,ugv_parking,2500,7,True,12.200000000000001
1.0854989064563856,0.5333333333333333,2.6666666666666665,0.025,success,11.131,2459,LACM,ugv_parking,2501,9,True,11.8
1.4119193622577288,0.5333333333333333,2.6666666666666665,0.025,success,11.131,2460,LACM,ugv_parking,2502,9,True,11.8
1.5237130072950322,0.7,3.5,0.0,success,11.882,2461,LACM,ugv_parking,2503,7,True,12.200000000000001
1.48416141837058,0.5333333333333333,2.6666666666666665,0.025,success,11.131,2462,LACM,ugv_parking,2504,9,True,11.8
1.4648133555045315,0.7,3.5,0.0,success,11.882,2463,LACM,ugv_parking,2505,7,True,12.200000000000001
1.4837683298612814,0.7,3.5,0.0,success,11.882,2464,LACM,ugv_parking,2506,7,True,12.200000000000001
1.3911780887302976,0.7,3.5,0.0,success,11.882,2465,LACM,ugv_parking,2507,7,True,12.200000000000001
1.3332430983098809,0.5333333333333333,2.6666666666666665,0.025,success,11.131,2466,LACM,ugv_parking,2508,9,True,11.8
1.2312416045113959,0.7,3.5,0.0,success,11.882,2467,LACM,ugv_parking,2509,7,True,12.200000000000001
1.3234476280338199,0.7,3.5,0.0,success,11.882,2468,LACM,ugv_parking,2510,7,True,12.200000000000001
1.5161004291185542,0.7,3.5,0.0,success,11.882,2469,LACM,ugv_parking,2511,7,True,12.200000000000001
1.3358580979966448,0.7,3.5,0.0,success,11.882,2470,LACM,ugv_parking,2512,7,True,12.200000000000001
1.4827025611133648,0.7,3.5,0.0,success,11.882,2471,LACM,ugv_parking,2513,7,True,12.200000000000001
1.4344168629343044,0.5333333333333333,2.6666666666666665,0.025,success,11.131,2472,LACM,ugv_parking,2514,9,True,11.8
1.3212614643898948,0.7,3.5,0.0,success,11.882,2473,LACM,ugv_parking,2515,7,True,12.200000000000001
1.494885641150055,0.7,3.5,0.0,success,11.882,2474,LACM,ugv_parking,2516,7,True,12.200000000000001
1.4064004648337711,0.5333333333333333,2.6666666666666665,0.025,success,11.131,2475,LACM,ugv_parking,2517,9,True,11.8
1.3343889855921867,0.7,3.5,0.0,success,11.882,2476,LACM,ugv_parking,2518,7,True,12.200000000000001
1.3668218055631778,0.7,3.5,0.0,success,11.882,2477,LACM,ugv_parking,2519,7,True,12.200000000000001
1.390399729651612,0.7,3.5,0.0,success,11.882,2478,LACM,ugv_parking,2520,7,True,12.200000000000001
1.378324214375558,0.7,3.5,0.0,success,11.882,2479,LACM,ugv_parking,2521,7,True,12.200000000000001
1.2997881646140337,0.7,3.5,0.0,success,11.882,2480,LACM,ugv_parking,2522,7,True,12.200000000000001
1.368158731908106,0.5333333333333333,2.6666666666666665,0.025,success,11.131,2481,LACM,ugv_parking,2523,9,True,11.8
1.2788306767070345,0.7,3.5,0.0,success,11.882,2482,LACM,ugv_parking,2524,7,True,12.200000000000001
1.1821578667918358,0.7,3.5,0.0,success,11.882,2483,LACM,ugv_parking,2525,7,True,12.200000000000001
1.5309841385734047,0.7,3.5,0.0,success,11.882,2484,LACM,ugv_parking,2526,7,True,12.200000000000001
1.3038677353073571,0.7,3.5,0.0,success,11.882,2485,LACM,ugv_parking,2527,7,True,12.200000000000001
1.1836982461763341,0.7,3.5,0.0,success,11.882,2486,LACM,ugv_parking,2528,7,True,12.200000000000001
1.348012769597825,0.7,3.5,0.0,success,11.882,2487,LACM,ugv_parking,2529,7,True,12.200000000000001
1.5474313528542236,0.7,3.5,0.0,success,11.882,2488,LACM,ugv_parking,2530,7,True,12.200000000000001
1.2960718873755859,0.7,3.5,0.0,success,11.882,2489,LACM,ugv_parking,2531,7,True,12.200000000000001
1.1201498629507487,0.5333333333333333,2.6666666666666665,0.025,success,11.131,2490,LACM,ugv_parking,2532,9,True,11.8
1.5612628474893195,0.7,3.5,0.0,success,11.882,2491,LACM,ugv_parking,2533,7,True,12.200000000000001
1.3302318356274645,0.7,3.5,0.0,success,11.882,2492,LACM,ugv_parking,2534,7,True,12.200000000000001
1.3818504204191195,0.7,3.5,0.0,success,11.882,2493,LACM,ugv_parking,2535,7,True,12.200000000000001
1.5259050513887176,0.7,3.5,0.0,success,11.882,2494,LACM,ugv_parking,2536,7,True,12.200000000000001
1.2045726684732567,0.5333333333333333,2.6666666666666665,0.025,success,11.131,2495,LACM,ugv_parking,2537,9,True,11.8
1.3643784139148076,0.7,3.5,0.0,success,11.882,2496,LACM,ugv_parking,2538,7,True,12.200000000000001
1.5428167176094014,0.7,3.5,0.0,success,11.882,2497,LACM,ugv_parking,2539,7,True,12.200000000000001
1.4813469171762346,0.7,3.5,0.0,success,11.882,2498,LACM,ugv_parking,2540,7,True,12.200000000000001
1.5610226615239484,0.7,3.5,0.0,success,11.882,2499,LACM,ugv_parking,2541,7,True,12.200000000000001
1.4213896831725668,0.7,3.5,0.0,success,11.882,2500,LACM,ugv_parking,2542,7,True,12.200000000000001
1.2478684740030064,0.5333333333333333,2.6666666666666665,0.025,success,11.131,2501,LACM,ugv_parking,2543,9,True,11.8
1.4967001922990217,0.7,3.5,0.0,success,11.882,2502,LACM,ugv_parking,2544,7,True,12.200000000000001
1.5301368355082547,0.7,3.5,0.0,success,11.882,2503,LACM,ugv_parking,2545,7,True,12.200000000000001
1.2888602320047022,0.7,3.5,0.0,success,11.882,2504,LACM,ugv_parking,2546,7,True,12.200000000000001
1.4443750139532097,0.7,3.5,0.0,success,11.882,2505,LACM,ugv_parking,2547,7,True,12.200000000000001
1.6790958690941706,0.7,3.5,0.0,success,11.882,2506,LACM,ugv_parking,2548,7,True,12.200000000000001
1.3084367063198945,0.7,3.5,0.0,success,11.882,2507,LACM,ugv_parking,2549,7,True,12.200000000000001
1.551276283884728,0.7,3.5,0.0,success,11.882,2508,LACM,ugv_parking,2550,7,True,12.200000000000001
1.5907457940038294,0.7,3.5,0.0,success,11.882,2509,LACM,ugv_parking,2551,7,True,12.200000000000001
1.2647320632430483,0.5333333333333333,2.6666666666666665,0.025,success,11.131,2510,LACM,ugv_parking,2552,9,True,11.8
1.3800398764098922,0.7,3.5,0.0,success,11.882,2511,LACM,ugv_parking,2553,7,True,12.200000000000001
1.3849144711185821,0.7,3.5,0.0,success,11.882,2512,LACM,ugv_parking,2554,7,True,12.200000000000001
1.3073473487556728,0.7,3.5,0.0,success,11.882,2513,LACM,ugv_parking,2555,7,True,12.200000000000001
1.1978728799544076,0.5333333333333333,2.6666666666666665,0.025,success,11.131,2514,LACM,ugv_parking,2556,9,True,11.8
1.4051910219112724,0.5333333333333333,2.6666666666666665,0.025,success,11.131,2515,LACM,ugv_parking,2557,9,True,11.8
1.3346513565920954,0.7,3.5,0.0,success,11.882,2516,LACM,ugv_parking,2558,7,True,12.200000000000001
1.517637527317624,0.7,3.5,0.0,success,11.882,2517,LACM,ugv_parking,2559,7,True,12.200000000000001
1.725892259789408,0.7,3.5,0.0,success,11.882,2518,LACM,ugv_parking,2560,7,True,12.200000000000001
1.4427688707046369,0.7,3.5,0.0,success,11.882,2519,LACM,ugv_parking,2561,7,True,12.200000000000001
1.2992059028790024,0.7,3.5,0.0,success,11.882,2520,LACM,ugv_parking,2562,7,True,12.200000000000001
1.4509581323638008,0.7,3.5,0.0,success,11.882,2521,LACM,ugv_parking,2563,7,True,12.200000000000001
1.414739915033795,0.7,3.5,0.0,success,11.882,2522,LACM,ugv_parking,2564,7,True,12.200000000000001
1.2377810462581833,0.5333333333333333,2.6666666666666665,0.025,success,11.131,2523,LACM,ugv_parking,2565,9,True,11.8
1.3025272399823906,0.5333333333333333,2.6666666666666665,0.025,success,11.131,2524,LACM,ugv_parking,2566,9,True,11.8
1.4406279414466503,0.7,3.5,0.0,success,11.882,2525,LACM,ugv_parking,2567,7,True,12.200000000000001
1.5781568711226124,0.7,3.5,0.0,success,11.882,2526,LACM,ugv_parking,2568,7,True,12.200000000000001
1.5511002576407322,0.7,3.5,0.0,success,11.882,2527,LACM,ugv_parking,2569,7,True,12.200000000000001
1.267838581902863,0.7,3.5,0.0,success,11.882,2528,LACM,ugv_parking,2570,7,True,12.200000000000001
1.2055340592477177,0.5333333333333333,2.6666666666666665,0.025,success,11.131,2529,LACM,ugv_parking,2571,9,True,11.8
1.3088241635930293,0.5333333333333333,2.6666666666666665,0.025,success,11.131,2530,LACM,ugv_parking,2572,9,True,11.8
1.4166918027500635,0.7,3.5,0.0,success,11.882,2531,LACM,ugv_parking,2573,7,True,12.200000000000001
1.2859363493980078,0.5333333333333333,2.6666666666666665,0.025,success,11.131,2532,LACM,ugv_parking,2574,9,True,11.8
1.1894340936139378,0.7,3.5,0.0,success,11.882,2533,LACM,ugv_parking,2575,7,True,12.200000000000001
1.6698085757700971,0.7,3.5,0.0,success,11.882,2534,LACM,ugv_parking,2576,7,True,12.200000000000001
1.6184985721709166,0.7,3.5,0.0,success,11.882,2535,LACM,ugv_parking,2577,7,True,12.200000000000001
1.4800190501455601,0.7,3.5,0.0,success,11.882,2536,LACM,ugv_parking,2578,7,True,12.200000000000001
1.5448854481958025,0.7,3.5,0.0,success,11.882,2537,LACM,ugv_parking,2579,7,True,12.200000000000001
1.1224713363334755,0.5333333333333333,2.6666666666666665,0.025,success,11.131,2538,LACM,ugv_parking,2580,9,True,11.8
1.1670796846177056,0.5333333333333333,2.6666666666666665,0.025,success,11.131,2539,LACM,ugv_parking,2581,9,True,11.8
1.686762842148557,0.7,3.5,0.0,success,11.882,2540,LACM,ugv_parking,2582,7,True,12.200000000000001
1.5017818501434703,0.7,3.5,0.0,success,11.882,2541,LACM,ugv_parking,2583,7,True,12.200000000000001
1.4717701469438076,0.7,3.5,0.0,success,11.882,2542,LACM,ugv_parking,2584,7,True,12.200000000000001
1.3550915736722071,0.5333333333333333,2.6666666666666665,0.025,success,11.131,2543,LACM,ugv_parking,2585,9,True,11.8
1.1869952927224983,0.7,3.5,0.0,success,11.882,2544,LACM,ugv_parking,2586,7,True,12.200000000000001
1.1676637907019574,0.7,3.5,0.0,success,11.882,2545,LACM,ugv_parking,2587,7,True,12.200000000000001
1.5475192008738947,0.7,3.5,0.0,success,11.882,2546,LACM,ugv_parking,2588,7,True,12.200000000000001
1.2130032709391827,0.5333333333333333,2.6666666666666665,0.025,success,11.131,2547,LACM,ugv_parking,2589,9,True,11.8
1.57209857864226,0.7,3.5,0.0,success,11.882,2548,LACM,ugv_parking,2590,7,True,12.200000000000001
1.2600523209749315,0.7,3.5,0.0,success,11.882,2549,LACM,ugv_parking,2591,7,True,12.200000000000001
1.5033552282451301,0.7,3.5,0.0,success,11.882,2550,LACM,ugv_parking,2592,7,True,12.200000000000001
1.4207659034027698,0.7,3.5,0.0,success,11.882,2551,LACM,ugv_parking,2593,7,True,12.200000000000001
1.3510071434370574,0.7,3.5,0.0,success,11.882,2552,LACM,ugv_parking,2594,7,True,12.200000000000001
1.538996064723321,0.7,3.5,0.0,success,11.882,2553,LACM,ugv_parking,2595,7,True,12.200000000000001
1.3957015463600762,0.7,3.5,0.0,success,11.882,2554,LACM,ugv_parking,2596,7,True,12.200000000000001
1.5788566665560726,0.7,3.5,0.0,success,11.882,2555,LACM,ugv_parking,2597,7,True,12.200000000000001
1.5546472164429672,0.7,3.5,0.0,success,11.882,2556,LACM,ugv_parking,2598,7,True,12.200000000000001
1.3362869718503312,0.7,3.5,0.0,success,11.882,2557,LACM,ugv_parking,2599,7,True,12.200000000000001
1.2373947565974643,0.7,3.5,0.0,success,11.882,2558,LACM,ugv_parking,2600,7,True,12.200000000000001
1.3356194423970533,0.7,3.5,0.0,success,11.882,2559,LACM,ugv_parking,2601,7,True,12.200000000000001
1.3813931217485251,0.5333333333333333,2.6666666666666665,0.025,success,11.131,2560,LACM,ugv_parking,2602,9,True,11.8
1.6562276142054206,0.7,3.5,0.0,success,11.882,2561,LACM,ugv_parking,2603,7,True,12.200000000000001
1.34671176839042,0.5333333333333333,2.6666666666666665,0.025,success,11.131,2562,LACM,ugv_parking,2604,9,True,11.8
1.3712044324815476,0.7,3.5,0.0,success,11.882,2563,LACM,ugv_parking,2605,7,True,12.200000000000001
1.5261351155418987,0.7,3.5,0.0,success,11.882,2564,LACM,ugv_parking,2606,7,True,12.200000000000001
1.2677284211076734,0.5333333333333333,2.6666666666666665,0.025,success,11.131,2565,LACM,ugv_parking,2607,9,True,11.8
1.7312321803483668,0.7,3.5,0.0,success,11.882,2566,LACM,ugv_parking,2608,7,True,12.200000000000001
1.2743031476690847,0.5333333333333333,2.6666666666666665,0.025,success,11.131,2567,LACM,ugv_parking,2609,9,True,11.8
1.4854464310773743,0.7,3.5,0.0,success,11.882,2568,LACM,ugv_parking,2610,7,True,12.200000000000001
1.2795402700928302,0.7,3.5,0.0,success,11.882,2569,LACM,ugv_parking,2611,7,True,12.200000000000001
1.4241113501937457,0.5333333333333333,2.6666666666666665,0.025,success,11.131,2570,LACM,ugv_parking,2612,9,True,11.8
1.2051609716374396,0.7,3.5,0.0,success,11.882,2571,LACM,ugv_parking,2613,7,True,12.200000000000001
1.0996757639589672,0.5333333333333333,2.6666666666666665,0.025,success,11.131,2572,LACM,ugv_parking,2614,9,True,11.8
1.3834001491631618,0.7,3.5,0.0,success,11.882,2573,LACM,ugv_parking,2615,7,True,12.200000000000001
1.503720907288545,0.7,3.5,0.0,success,11.882,2574,LACM,ugv_parking,2616,7,True,12.200000000000001
1.399261856742224,0.7,3.5,0.0,success,11.882,2575,LACM,ugv_parking,2617,7,True,12.200000000000001
1.5490727999966225,0.7,3.5,0.0,success,11.882,2576,LACM,ugv_parking,2618,7,True,12.200000000000001
1.5821066379157682,0.7,3.5,0.0,success,11.882,2577,LACM,ugv_parking,2619,7,True,12.200000000000001
1.4737757976224826,0.7,3.5,0.0,success,11.882,2578,LACM,ugv_parking,2620,7,True,12.200000000000001
1.4946223692735388,0.7,3.5,0.0,success,11.882,2579,LACM,ugv_parking,2621,7,True,12.200000000000001
1.148178122191223,0.7,3.5,0.0,success,11.882,2580,LACM,ugv_parking,2622,7,True,12.200000000000001
1.4392472430847538,0.7,3.5,0.0,success,11.882,2581,LACM,ugv_parking,2623,7,True,12.200000000000001
1.3329717151085392,0.7,3.5,0.0,success,11.882,2582,LACM,ugv_parking,2624,7,True,12.200000000000001
1.334429785928189,0.5333333333333333,2.6666666666666665,0.025,success,11.131,2583,LACM,ugv_parking,2625,9,True,11.8
1.440505176681242,0.7,3.5,0.0,success,11.882,2584,LACM,ugv_parking,2626,7,True,12.200000000000001
1.3472188374689895,0.7,3.5,0.0,success,11.882,2585,LACM,ugv_parking,2627,7,True,12.200000000000001
1.3842812085314338,0.7,3.5,0.0,success,11.882,2586,LACM,ugv_parking,2628,7,True,12.200000000000001
1.575589383731378,0.7,3.5,0.0,success,11.882,2587,LACM,ugv_parking,2629,7,True,12.200000000000001
1.672733396888757,0.7,3.5,0.0,success,11.882,2588,LACM,ugv_parking,2630,7,True,12.200000000000001
1.43106346522754,0.7,3.5,0.0,success,11.882,2589,LACM,ugv_parking,2631,7,True,12.200000000000001
1.5118101409856486,0.5333333333333333,2.6666666666666665,0.025,success,11.131,2590,LACM,ugv_parking,2632,9,True,11.8
1.424513302172827,0.7,3.5,0.0,success,11.882,2591,LACM,ugv_parking,2633,7,True,12.200000000000001
1.4834987745990413,0.7,3.5,0.0,success,11.882,2592,LACM,ugv_parking,2634,7,True,12.200000000000001
1.4490541607897236,0.7,3.5,0.0,success,11.882,2593,LACM,ugv_parking,2635,7,True,12.200000000000001
1.5655717391270634,0.7,3.5,0.0,success,11.882,2594,LACM,ugv_parking,2636,7,True,12.200000000000001
1.4509147298656142,0.7,3.5,0.0,success,11.882,2595,LACM,ugv_parking,2637,7,True,12.200000000000001
1.4066746263949348,0.7,3.5,0.0,success,11.882,2596,LACM,ugv_parking,2638,7,True,12.200000000000001
1.327751189414521,0.7,3.5,0.0,success,11.882,2597,LACM,ugv_parking,2639,7,True,12.200000000000001
1.7631806889281094,0.7,3.5,0.0,success,11.882,2598,LACM,ugv_parking,2640,7,True,12.200000000000001
1.6631537905631515,0.7,3.5,0.0,success,11.882,2599,LACM,ugv_parking,2641,7,True,12.200000000000001
1.2987839478071135,0.7,3.5,0.0,success,11.882,2600,LACM,ugv_parking,2642,7,True,12.200000000000001
1.421692820102391,0.7,3.5,0.0,success,11.882,2601,LACM,ugv_parking,2643,7,True,12.200000000000001
1.6340871351674027,0.7,3.5,0.0,success,11.882,2602,LACM,ugv_parking,2644,7,True,12.200000000000001
1.4409327711673496,0.7,3.5,0.0,success,11.882,2603,LACM,ugv_parking,2645,7,True,12.200000000000001
1.2474883815701518,0.5333333333333333,2.6666666666666665,0.025,success,11.131,2604,LACM,ugv_parking,2646,9,True,11.8
1.4206644806528324,0.7,3.5,0.0,success,11.882,2605,LACM,ugv_parking,2647,7,True,12.200000000000001
1.5430503342165975,0.7,3.5,0.0,success,11.882,2606,LACM,ugv_parking,2648,7,True,12.200000000000001
1.347140357606813,0.5333333333333333,2.6666666666666665,0.025,success,11.131,2607,LACM,ugv_parking,2649,9,True,11.8
1.376813093013258,0.7,3.5,0.0,success,11.882,2608,LACM,ugv_parking,2650,7,True,12.200000000000001
1.4303781890448137,0.7,3.5,0.0,success,11.882,2609,LACM,ugv_parking,2651,7,True,12.200000000000001
1.1933098014307566,0.5333333333333333,2.6666666666666665,0.025,success,11.131,2610,LACM,ugv_parking,2652,9,True,11.8
1.3808078082221296,0.7,3.5,0.0,success,11.882,2611,LACM,ugv_parking,2653,7,True,12.200000000000001
1.3943836244261387,0.7,3.5,0.0,success,11.882,2612,LACM,ugv_parking,2654,7,True,12.200000000000001
1.1635264479800915,0.5333333333333333,2.6666666666666665,0.025,success,11.131,2613,LACM,ugv_parking,2655,9,True,11.8
1.378465028948871,0.5333333333333333,2.6666666666666665,0.025,success,11.131,2614,LACM,ugv_parking,2656,9,True,11.8
1.149216087167819,0.5333333333333333,2.6666666666666665,0.025,success,11.131,2615,LACM,ugv_parking,2657,9,True,11.8
1.3793689001916067,0.5333333333333333,2.6666666666666665,0.025,success,11.131,2616,LACM,ugv_parking,2658,9,True,11.8
1.2370781037755956,0.7,3.5,0.0,success,11.882,2617,LACM,ugv_parking,2659,7,True,12.200000000000001
1.1774522579353663,0.5333333333333333,2.6666666666666665,0.025,success,11.131,2618,LACM,ugv_parking,2660,9,True,11.8
1.4937305144038455,0.7,3.5,0.0,success,11.882,2619,LACM,ugv_parking,2661,7,True,12.200000000000001
1.3115515780195934,0.7,3.5,0.0,success,11.882,2620,LACM,ugv_parking,2662,7,True,12.200000000000001
1.2929300310587295,0.7,3.5,0.0,success,11.882,2621,LACM,ugv_parking,2663,7,True,12.200000000000001
1.5323972285096081,0.7,3.5,0.0,success,11.882,2622,LACM,ugv_parking,2664,7,True,12.200000000000001
1.6503195988214123,0.7,3.5,0.0,success,11.882,2623,LACM,ugv_parking,2665,7,True,12.200000000000001
1.5445746486684184,0.7,3.5,0.0,success,11.882,2624,LACM,ugv_parking,2666,7,True,12.200000000000001
1.1664222250374208,0.5333333333333333,2.6666666666666665,0.025,success,11.131,2625,LACM,ugv_parking,2667,9,True,11.8
1.3570706664084131,0.7,3.5,0.0,success,11.882,2626,LACM,ugv_parking,2668,7,True,12.200000000000001
1.2827036751779555,0.7,3.5,0.0,success,11.882,2627,LACM,ugv_parking,2669,7,True,12.200000000000001
1.5763176160374235,0.7,3.5,0.0,success,11.882,2628,LACM,ugv_parking,2670,7,True,12.200000000000001
1.1150642696155302,0.5333333333333333,2.6666666666666665,0.025,success,11.131,2629,LACM,ugv_parking,2671,9,True,11.8
1.5513318257951019,0.7,3.5,0.0,success,11.882,2630,LACM,ugv_parking,2672,7,True,12.200000000000001
1.2314731222221746,0.5333333333333333,2.6666666666666665,0.025,success,11.131,2631,LACM,ugv_parking,2673,9,True,11.8
1.5643800506670584,0.7,3.5,0.0,success,11.882,2632,LACM,ugv_parking,2674,7,True,12.200000000000001
1.4324068172800581,0.7,3.5,0.0,success,11.882,2633,LACM,ugv_parking,2675,7,True,12.200000000000001
1.2901620253170882,0.7,3.5,0.0,success,11.882,2634,LACM,ugv_parking,2676,7,True,12.200000000000001
1.5113368489821657,0.5333333333333333,2.6666666666666665,0.025,success,11.131,2635,LACM,ugv_parking,2677,9,True,11.8
1.3167304002772784,0.5333333333333333,2.6666666666666665,0.025,success,11.131,2636,LACM,ugv_parking,2678,9,True,11.8
1.5582907301690208,0.7,3.5,0.0,success,11.882,2637,LACM,ugv_parking,2679,7,True,12.200000000000001
1.5433649518215824,0.7,3.5,0.0,success,11.882,2638,LACM,ugv_parking,2680,7,True,12.200000000000001
1.348362140902825,0.5333333333333333,2.6666666666666665,0.025,success,11.131,2639,LACM,ugv_parking,2681,9,True,11.8
1.3889356565770345,0.5333333333333333,2.6666666666666665,0.025,success,11.131,2640,LACM,ugv_parking,2682,9,True,11.8
1.598321490112893,0.7,3.5,0.0,success,11.882,2641,LACM,ugv_parking,2683,7,True,12.200000000000001
1.378964756995388,0.7,3.5,0.0,success,11.882,2642,LACM,ugv_parking,2684,7,True,12.200000000000001
1.5506908788306701,0.7,3.5,0.0,success,11.882,2643,LACM,ugv_parking,2685,7,True,12.200000000000001
1.3468865011652518,0.5333333333333333,2.6666666666666665,0.025,success,11.131,2644,LACM,ugv_parking,2686,9,True,11.8
1.3253595115747108,0.7,3.5,0.0,success,11.882,2645,LACM,ugv_parking,2687,7,True,12.200000000000001
1.3458584516966905,0.7,3.5,0.0,success,11.882,2646,LACM,ugv_parking,2688,7,True,12.200000000000001
1.0626628913025844,0.5333333333333333,2.6666666666666665,0.025,success,11.131,2647,LACM,ugv_parking,2689,9,True,11.8
1.164791726186369,0.7,3.5,0.0,success,11.882,2648,LACM,ugv_parking,2690,7,True,12.200000000000001
1.4378498031880675,0.7,3.5,0.0,success,11.882,2649,LACM,ugv_parking,2691,7,True,12.200000000000001
1.3022633462660216,0.7,3.5,0.0,success,11.882,2650,LACM,ugv_parking,2692,7,True,12.200000000000001
1.4361080481884512,0.7,3.5,0.0,success,11.882,2651,LACM,ugv_parking,2693,7,True,12.200000000000001
1.2238812665861327,0.7,3.5,0.0,success,11.882,2652,LACM,ugv_parking,2694,7,True,12.200000000000001
1.6434828817425586,0.7,3.5,0.0,success,11.882,2653,LACM,ugv_parking,2695,7,True,12.200000000000001
1.6629727575416609,0.7,3.5,0.0,success,11.882,2654,LACM,ugv_parking,2696,7,True,12.200000000000001
1.4314648627105826,0.7,3.5,0.0,success,11.882,2655,LACM,ugv_parking,2697,7,True,12.200000000000001
1.4268438626395767,0.5333333333333333,2.6666666666666665,0.025,success,11.131,2656,LACM,ugv_parking,2698,9,True,11.8
1.3081135998696736,0.7,3.5,0.0,success,11.882,2657,LACM,ugv_parking,2699,7,True,12.200000000000001
1.6512382617094232,0.7,3.5,0.0,success,11.882,2658,LACM,ugv_parking,2700,7,True,12.200000000000001
1.7656020049225747,0.7,3.5,0.0,success,11.882,2659,LACM,ugv_parking,2701,7,True,12.200000000000001
1.2983482929180388,0.5333333333333333,2.6666666666666665,0.025,success,11.131,2660,LACM,ugv_parking,2702,9,True,11.8
1.3463798838219627,0.7,3.5,0.0,success,11.882,2661,LACM,ugv_parking,2703,7,True,12.200000000000001
1.4569704324720498,0.7,3.5,0.0,success,11.882,2662,LACM,ugv_parking,2704,7,True,12.200000000000001
1.5367572942561403,0.5333333333333333,2.6666666666666665,0.025,success,11.131,2663,LACM,ugv_parking,2705,9,True,11.8
1.3494150939696625,0.7,3.5,0.0,success,11.882,2664,LACM,ugv_parking,2706,7,True,12.200000000000001
1.4737297568084726,0.7,3.5,0.0,success,11.882,2665,LACM,ugv_parking,2707,7,True,12.200000000000001
1.441979630992885,0.7,3.5,0.0,success,11.882,2666,LACM,ugv_parking,2708,7,True,12.200000000000001
1.504963927094908,0.7,3.5,0.0,success,11.882,2667,LACM,ugv_parking,2709,7,True,12.200000000000001
1.5564529591027978,0.7,3.5,0.0,success,11.882,2668,LACM,ugv_parking,2710,7,True,12.200000000000001
1.459981866420226,0.7,3.5,0.0,success,11.882,2669,LACM,ugv_parking,2711,7,True,12.200000000000001
1.7073178595880627,0.7,3.5,0.0,success,11.882,2670,LACM,ugv_parking,2712,7,True,12.200000000000001
1.5500867370820441,0.7,3.5,0.0,success,11.882,2671,LACM,ugv_parking,2713,7,True,12.200000000000001
1.4444654054189756,0.7,3.5,0.0,success,11.882,2672,LACM,ugv_parking,2714,7,True,12.200000000000001
1.35866628716836,0.7,3.5,0.0,success,11.882,2673,LACM,ugv_parking,2715,7,True,12.200000000000001
1.7224149212020055,0.7,3.5,0.0,success,11.882,2674,LACM,ugv_parking,2716,7,True,12.200000000000001
1.3017878022614373,0.7,3.5,0.0,success,11.882,2675,LACM,ugv_parking,2717,7,True,12.200000000000001
1.1976525972088057,0.5333333333333333,2.6666666666666665,0.025,success,11.131,2676,LACM,ugv_parking,2718,9,True,11.8
1.539051448026581,0.7,3.5,0.0,success,11.882,2677,LACM,ugv_parking,2719,7,True,12.200000000000001
1.2887097332979236,0.5333333333333333,2.6666666666666665,0.025,success,11.131,2678,LACM,ugv_parking,2720,9,True,11.8
1.4469181378751064,0.7,3.5,0.0,success,11.882,2679,LACM,ugv_parking,2721,7,True,12.200000000000001
1.3862440652538797,0.7,3.5,0.0,success,11.882,2680,LACM,ugv_parking,2722,7,True,12.200000000000001
1.3844723073460659,0.7,3.5,0.0,success,11.882,2681,LACM,ugv_parking,2723,7,True,12.200000000000001
1.5340191625682067,0.7,3.5,0.0,success,11.882,2682,LACM,ugv_parking,2724,7,True,12.200000000000001
1.4400654863178353,0.7,3.5,0.0,success,11.882,2683,LACM,ugv_parking,2725,7,True,12.200000000000001
1.1834113138839024,0.5333333333333333,2.6666666666666665,0.025,success,11.131,2684,LACM,ugv_parking,2726,9,True,11.8
1.2925865367279084,0.7,3.5,0.0,success,11.882,2685,LACM,ugv_parking,2727,7,True,12.200000000000001
1.2744280350670212,0.5333333333333333,2.6666666666666665,0.025,success,11.131,2686,LACM,ugv_parking,2728,9,True,11.8
1.1565670751903214,0.5333333333333333,2.6666666666666665,0.025,success,11.131,2687,LACM,ugv_parking,2729,9,True,11.8
1.1484129051222147,0.5333333333333333,2.6666666666666665,0.025,success,11.131,2688,LACM,ugv_parking,2730,9,True,11.8
1.4861599346652852,0.7,3.5,0.0,success,11.882,2689,LACM,ugv_parking,2731,7,True,12.200000000000001
1.4247497306917083,0.7,3.5,0.0,success,11.882,2690,LACM,ugv_parking,2732,7,True,12.200000000000001
1.4255057851527175,0.7,3.5,0.0,success,11.882,2691,LACM,ugv_parking,2733,7,True,12.200000000000001
1.2167810340438943,0.5333333333333333,2.6666666666666665,0.025,success,11.131,2692,LACM,ugv_parking,2734,9,True,11.8
1.1576145668527673,0.7,3.5,0.0,success,11.882,2693,LACM,ugv_parking,2735,7,True,12.200000000000001
1.3283249870827625,0.5333333333333333,2.6666666666666665,0.025,success,11.131,2694,LACM,ugv_parking,2736,9,True,11.8
1.3818243612622085,0.7,3.5,0.0,success,11.882,2695,LACM,ugv_parking,2737,7,True,12.200000000000001
1.3091400994674438,0.7,3.5,0.0,success,11.882,2696,LACM,ugv_parking,2738,7,True,12.200000000000001
1.5635048500120412,0.7,3.5,0.0,success,11.882,2697,LACM,ugv_parking,2739,7,True,12.200000000000001
1.440332554599434,0.7,3.5,0.0,success,11.882,2698,LACM,ugv_parking,2740,7,True,12.200000000000001
1.3850159200496979,0.7,3.5,0.0,success,11.882,2699,LACM,ugv_parking,2741,7,True,12.200000000000001
1.4945222608469035,0.7,3.5,0.0,success,11.882,2700,LACM,ugv_parking,2742,7,True,12.200000000000001
1.0824306674573543,0.5333333333333333,2.6666666666666665,0.025,success,11.131,2701,LACM,ugv_parking,2743,9,True,11.8
1.7327078817472508,0.7,3.5,0.0,success,11.882,2702,LACM,ugv_parking,2744,7,True,12.200000000000001
1.2647257504381506,0.7,3.5,0.0,success,11.882,2703,LACM,ugv_parking,2745,7,True,12.200000000000001
1.3072037913798933,0.5333333333333333,2.6666666666666665,0.025,success,11.131,2704,LACM,ugv_parking,2746,9,True,11.8
1.2435209514744272,0.5333333333333333,2.6666666666666665,0.025,success,11.131,2705,LACM,ugv_parking,2747,9,True,11.8
1.4422446351688172,0.7,3.5,0.0,success,11.882,2706,LACM,ugv_parking,2748,7,True,12.200000000000001
1.3649293105678584,0.5333333333333333,2.6666666666666665,0.025,success,11.131,2707,LACM,ugv_parking,2749,9,True,11.8
1.4336574750469,0.5333333333333333,2.6666666666666665,0.025,success,11.131,2708,LACM,ugv_parking,2750,9,True,11.8
1.3693010112004365,0.7,3.5,0.0,success,11.882,2709,LACM,ugv_parking,2751,7,True,12.200000000000001
1.5809263488995982,0.7,3.5,0.0,success,11.882,2710,LACM,ugv_parking,2752,7,True,12.200000000000001
1.2609052793718742,0.5333333333333333,2.6666666666666665,0.025,success,11.131,2711,LACM,ugv_parking,2753,9,True,11.8
1.5227017932738671,0.7,3.5,0.0,success,11.882,2712,LACM,ugv_parking,2754,7,True,12.200000000000001
1.5496005344726793,0.7,3.5,0.0,success,11.882,2713,LACM,ugv_parking,2755,7,True,12.200000000000001
1.390212813002617,0.7,3.5,0.0,success,11.882,2714,LACM,ugv_parking,2756,7,True,12.200000000000001
1.26988166882284,0.7,3.5,0.0,success,11.882,2715,LACM,ugv_parking,2757,7,True,12.200000000000001
1.3033869840335055,0.7,3.5,0.0,success,11.882,2716,LACM,ugv_parking,2758,7,True,12.200000000000001
1.2026064037633655,0.5333333333333333,2.6666666666666665,0.025,success,11.131,2717,LACM,ugv_parking,2759,9,True,11.8
1.6451238846160068,0.7,3.5,0.0,success,11.882,2718,LACM,ugv_parking,2760,7,True,12.200000000000001
1.349476770370731,0.5333333333333333,2.6666666666666665,0.025,success,11.131,2719,LACM,ugv_parking,2761,9,True,11.8
1.5229041966635997,0.7,3.5,0.0,success,11.882,2720,LACM,ugv_parking,2762,7,True,12.200000000000001
1.4839391223398217,0.7,3.5,0.0,success,11.882,2721,LACM,ugv_parking,2763,7,True,12.200000000000001
1.5134715250134816,0.7,3.5,0.0,success,11.882,2722,LACM,ugv_parking,2764,7,True,12.200000000000001
1.1323246807071152,0.5333333333333333,2.6666666666666665,0.025,success,11.131,2723,LACM,ugv_parking,2765,9,True,11.8
1.3679824396361386,0.7,3.5,0.0,success,11.882,2724,LACM,ugv_parking,2766,7,True,12.200000000000001
1.2467549302010108,0.7,3.5,0.0,success,11.882,2725,LACM,ugv_parking,2767,7,True,12.200000000000001
1.3131232369396888,0.7,3.5,0.0,success,11.882,2726,LACM,ugv_parking,2768,7,True,12.200000000000001
1.2239850902638814,0.5333333333333333,2.6666666666666665,0.025,success,11.131,2727,LACM,ugv_parking,2769,9,True,11.8
1.3075882850800535,0.5333333333333333,2.6666666666666665,0.025,success,11.131,2728,LACM,ugv_parking,2770,9,True,11.8
1.365205799567254,0.5333333333333333,2.6666666666666665,0.025,success,11.131,2729,LACM,ugv_parking,2771,9,True,11.8
1.4912117549990525,0.7,3.5,0.0,success,11.882,2730,LACM,ugv_parking,2772,7,True,12.200000000000001
1.5999815283857455,0.7,3.5,0.0,success,11.882,2731,LACM,ugv_parking,2773,7,True,12.200000000000001
1.423515676213092,0.7,3.5,0.0,success,11.882,2732,LACM,ugv_parking,2774,7,True,12.200000000000001
1.5137592255511478,0.7,3.5,0.0,success,11.882,2733,LACM,ugv_parking,2775,7,True,12.200000000000001
1.4181394058012131,0.7,3.5,0.0,success,11.882,2734,LACM,ugv_parking,2776,7,True,12.200000000000001
1.6073106582766872,0.7,3.5,0.0,success,11.882,2735,LACM,ugv_parking,2777,7,True,12.200000000000001
1.7585384883659876,0.7,3.5,0.0,success,11.882,2736,LACM,ugv_parking,2778,7,True,12.200000000000001
1.3671228356447331,0.7,3.5,0.0,success,11.882,2737,LACM,ugv_parking,2779,7,True,12.200000000000001
1.354014902091837,0.7,3.5,0.0,success,11.882,2738,LACM,ugv_parking,2780,7,True,12.200000000000001
1.2282920750281765,0.7,3.5,0.0,success,11.882,2739,LACM,ugv_parking,2781,7,True,12.200000000000001
1.3626253804767767,0.7,3.5,0.0,success,11.882,2740,LACM,ugv_parking,2782,7,True,12.200000000000001
1.4694955437774104,0.7,3.5,0.0,success,11.882,2741,LACM,ugv_parking,2783,7,True,12.200000000000001
1.2247140910137218,0.5333333333333333,2.6666666666666665,0.025,success,11.131,2742,LACM,ugv_parking,2784,9,True,11.8
1.3843072233721165,0.7,3.5,0.0,success,11.882,2743,LACM,ugv_parking,2785,7,True,12.200000000000001
1.5128953119770494,0.7,3.5,0.0,success,11.882,2744,LACM,ugv_parking,2786,7,True,12.200000000000001
1.6218798989655312,0.7,3.5,0.0,success,11.882,2745,LACM,ugv_parking,2787,7,True,12.200000000000001
1.5479315546365298,0.7,3.5,0.0,success,11.882,2746,LACM,ugv_parking,2788,7,True,12.200000000000001
1.646546178903352,0.7,3.5,0.0,success,11.882,2747,LACM,ugv_parking,2789,7,True,12.200000000000001
1.3783224357202453,0.5333333333333333,2.6666666666666665,0.025,success,11.131,2748,LACM,ugv_parking,2790,9,True,11.8
1.654477508597823,0.7,3.5,0.0,success,11.882,2749,LACM,ugv_parking,2791,7,True,12.200000000000001
1.3551379495329092,0.5333333333333333,2.6666666666666665,0.025,success,11.131,2750,LACM,ugv_parking,2792,9,True,11.8
1.2861604034618292,0.5333333333333333,2.6666666666666665,0.025,success,11.131,2751,LACM,ugv_parking,2793,9,True,11.8
1.2987304511131794,0.5333333333333333,2.6666666666666665,0.025,success,11.131,2752,LACM,ugv_parking,2794,9,True,11.8
1.5473355113807976,0.7,3.5,0.0,success,11.882,2753,LACM,ugv_parking,2795,7,True,12.200000000000001
1.3863698363381796,0.5333333333333333,2.6666666666666665,0.025,success,11.131,2754,LACM,ugv_parking,2796,9,True,11.8
1.5369359742338382,0.7,3.5,0.0,success,11.882,2755,LACM,ugv_parking,2797,7,True,12.200000000000001
1.3651511831658745,0.7,3.5,0.0,success,11.882,2756,LACM,ugv_parking,2798,7,True,12.200000000000001
1.3935402242722343,0.7,3.5,0.0,success,11.882,2757,LACM,ugv_parking,2799,7,True,12.200000000000001
1.5979688472050957,0.7,3.5,0.0,success,11.882,2758,LACM,ugv_parking,2800,7,True,12.200000000000001
1.3304223102907877,0.7,3.5,0.0,success,11.882,2759,LACM,ugv_parking,2801,7,True,12.200000000000001
1.3800705716693846,0.7,3.5,0.0,success,11.882,2760,LACM,ugv_parking,2802,7,True,12.200000000000001
1.3244332290585454,0.7,3.5,0.0,success,11.882,2761,LACM,ugv_parking,2803,7,True,12.200000000000001
1.1239267437159477,0.7,3.5,0.0,success,11.882,2762,LACM,ugv_parking,2804,7,True,12.200000000000001
1.3573252177091495,0.5333333333333333,2.6666666666666665,0.025,success,11.131,2763,LACM,ugv_parking,2805,9,True,11.8
1.2587194730981452,0.7,3.5,0.0,success,11.882,2764,LACM,ugv_parking,2806,7,True,12.200000000000001
1.5009639164933803,0.7,3.5,0.0,success,11.882,2765,LACM,ugv_parking,2807,7,True,12.200000000000001
1.24465747449508,0.5333333333333333,2.6666666666666665,0.025,success,11.131,2766,LACM,ugv_parking,2808,9,True,11.8
1.5935194122856378,0.7,3.5,0.0,success,11.882,2767,LACM,ugv_parking,2809,7,True,12.200000000000001
1.5063041215163993,0.7,3.5,0.0,success,11.882,2768,LACM,ugv_parking,2810,7,True,12.200000000000001
1.2591972653975534,0.5333333333333333,2.6666666666666665,0.025,success,11.131,2769,LACM,ugv_parking,2811,9,True,11.8
1.5391034639537042,0.7,3.5,0.0,success,11.882,2770,LACM,ugv_parking,2812,7,True,12.200000000000001
1.4687679764941062,0.7,3.5,0.0,success,11.882,2771,LACM,ugv_parking,2813,7,True,12.200000000000001
1.4482051425934799,0.7,3.5,0.0,success,11.882,2772,LACM,ugv_parking,2814,7,True,12.200000000000001
1.6585502019467713,0.7,3.5,0.0,success,11.882,2773,LACM,ugv_parking,2815,7,True,12.200000000000001
1.3144257649491773,0.7,3.5,0.0,success,11.882,2774,LACM,ugv_parking,2816,7,True,12.200000000000001
1.473383600518551,0.7,3.5,0.0,success,11.882,2775,LACM,ugv_parking,2817,7,True,12.200000000000001
1.1520822436270393,0.5333333333333333,2.6666666666666665,0.025,success,11.131,2776,LACM,ugv_parking,2818,9,True,11.8
1.386909762392946,0.5333333333333333,2.6666666666666665,0.025,success,11.131,2777,LACM,ugv_parking,2819,9,True,11.8
1.4071496546959348,0.7,3.5,0.0,success,11.882,2778,LACM,ugv_parking,2820,7,True,12.200000000000001
1.4293157634046783,0.7,3.5,0.0,success,11.882,2779,LACM,ugv_parking,2821,7,True,12.200000000000001
1.3611777882059668,0.7,3.5,0.0,success,11.882,2780,LACM,ugv_parking,2822,7,True,12.200000000000001
1.1460421070070959,0.7,3.5,0.0,success,11.882,2781,LACM,ugv_parking,2823,7,True,12.200000000000001
1.270309411023284,0.5333333333333333,2.6666666666666665,0.025,success,11.131,2782,LACM,ugv_parking,2824,9,True,11.8
1.1880534823830498,0.5333333333333333,2.6666666666666665,0.025,success,11.131,2783,LACM,ugv_parking,2825,9,True,11.8
1.2888531785871,0.5333333333333333,2.6666666666666665,0.025,success,11.131,2784,LACM,ugv_parking,2826,9,True,11.8
1.3466738356129877,0.5333333333333333,2.6666666666666665,0.025,success,11.131,2785,LACM,ugv_parking,2827,9,True,11.8
1.1709384495506743,0.7,3.5,0.0,success,11.882,2786,LACM,ugv_parking,2828,7,True,12.200000000000001
1.1097041485673949,0.7,3.5,0.0,success,11.882,2787,LACM,ugv_parking,2829,7,True,12.200000000000001
1.60512675992847,0.7,3.5,0.0,success,11.882,2788,LACM,ugv_parking,2830,7,True,12.200000000000001
1.4532155540173985,0.7,3.5,0.0,success,11.882,2789,LACM,ugv_parking,2831,7,True,12.200000000000001
1.3517304277728577,0.7,3.5,0.0,success,11.882,2790,LACM,ugv_parking,2832,7,True,12.200000000000001
1.341164533676169,0.7,3.5,0.0,success,11.882,2791,LACM,ugv_parking,2833,7,True,12.200000000000001
1.4987733358008415,0.7,3.5,0.0,success,11.882,2792,LACM,ugv_parking,2834,7,True,12.200000000000001
1.2101255932925337,0.5333333333333333,2.6666666666666665,0.025,success,11.131,2793,LACM,ugv_parking,2835,9,True,11.8
1.6170342100709445,0.7,3.5,0.0,success,11.882,2794,LACM,ugv_parking,2836,7,True,12.200000000000001
1.4895650669498228,0.7,3.5,0.0,success,11.882,2795,LACM,ugv_parking,2837,7,True,12.200000000000001
1.5427700474662072,0.7,3.5,0.0,success,11.882,2796,LACM,ugv_parking,2838,7,True,12.200000000000001
1.4981809637590895,0.7,3.5,0.0,success,11.882,2797,LACM,ugv_parking,2839,7,True,12.200000000000001
1.639815092898664,0.7,3.5,0.0,success,11.882,2798,LACM,ugv_parking,2840,7,True,12.200000000000001
1.3978328210828583,0.7,3.5,0.0,success,11.882,2799,LACM,ugv_parking,2841,7,True,12.200000000000001
1.2472219232189055,0.5333333333333333,2.6666666666666665,0.025,success,11.131,2800,LACM,ugv_parking,2842,9,True,11.8
1.5799395741512317,0.7,3.5,0.0,success,11.882,2801,LACM,ugv_parking,2843,7,True,12.200000000000001
1.255414918966009,0.7,3.5,0.0,success,11.882,2802,LACM,ugv_parking,2844,7,True,12.200000000000001
1.2730211178170001,0.5333333333333333,2.6666666666666665,0.025,success,11.131,2803,LACM,ugv_parking,2845,9,True,11.8
1.4692119118956397,0.7,3.5,0.0,success,11.882,2804,LACM,ugv_parking,2846,7,True,12.200000000000001
1.2815713504265613,0.7,3.5,0.0,success,11.882,2805,LACM,ugv_parking,2847,7,True,12.200000000000001
1.2732965774510268,0.7,3.5,0.0,success,11.882,2806,LACM,ugv_parking,2848,7,True,12.200000000000001
1.1888639245898394,0.7,3.5,0.0,success,11.882,2807,LACM,ugv_parking,2849,7,True,12.200000000000001
1.441485206257248,0.5333333333333333,2.6666666666666665,0.025,success,11.131,2808,LACM,ugv_parking,2850,9,True,11.8
1.4086128529865742,0.7,3.5,0.0,success,11.882,2809,LACM,ugv_parking,2851,7,True,12.200000000000001
1.3658195575944772,0.5333333333333333,2.6666666666666665,0.025,success,11.131,2810,LACM,ugv_parking,2852,9,True,11.8
1.3843691896909978,0.5333333333333333,2.6666666666666665,0.025,success,11.131,2811,LACM,ugv_parking,2853,9,True,11.8
1.4266631725873336,0.5333333333333333,2.6666666666666665,0.025,success,11.131,2812,LACM,ugv_parking,2854,9,True,11.8
1.3169533706624177,0.7,3.5,0.0,success,11.882,2813,LACM,ugv_parking,2855,7,True,12.200000000000001
1.5702719170127017,0.7,3.5,0.0,success,11.882,2814,LACM,ugv_parking,2856,7,True,12.200000000000001
1.335428080937101,0.7,3.5,0.0,success,11.882,2815,LACM,ugv_parking,2857,7,True,12.200000000000001
1.5899182082140146,0.7,3.5,0.0,success,11.882,2816,LACM,ugv_parking,2858,7,True,12.200000000000001
1.3626260601461415,0.7,3.5,0.0,success,11.882,2817,LACM,ugv_parking,2859,7,True,12.200000000000001
1.266795242292679,0.7,3.5,0.0,success,11.882,2818,LACM,ugv_parking,2860,7,True,12.200000000000001
1.1841056716710732,0.7,3.5,0.0,success,11.882,2819,LACM,ugv_parking,2861,7,True,12.200000000000001
1.4331260279184261,0.7,3.5,0.0,success,11.882,2820,LACM,ugv_parking,2862,7,True,12.200000000000001
1.3754387750827337,0.7,3.5,0.0,success,11.882,2821,LACM,ugv_parking,2863,7,True,12.200000000000001
1.5080062124507192,0.7,3.5,0.0,success,11.882,2822,LACM,ugv_parking,2864,7,True,12.200000000000001
1.5788785811415715,0.7,3.5,0.0,success,11.882,2823,LACM,ugv_parking,2865,7,True,12.200000000000001
1.338874834678168,0.7,3.5,0.0,success,11.882,2824,LACM,ugv_parking,2866,7,True,12.200000000000001
1.1221312254171516,0.5333333333333333,2.6666666666666665,0.025,success,11.131,2825,LACM,ugv_parking,2867,9,True,11.8
1.4571521251208017,0.7,3.5,0.0,success,11.882,2826,LACM,ugv_parking,2868,7,True,12.200000000000001
1.4247053381924917,0.7,3.5,0.0,success,11.882,2827,LACM,ugv_parking,2869,7,True,12.200000000000001
1.429762483320185,0.7,3.5,0.0,success,11.882,2828,LACM,ugv_parking,2870,7,True,12.200000000000001
1.552383007091872,0.7,3.5,0.0,success,11.882,2829,LACM,ugv_parking,2871,7,True,12.200000000000001
1.3665016396999707,0.7,3.5,0.0,success,11.882,2830,LACM,ugv_parking,2872,7,True,12.200000000000001
1.4413800697717432,0.7,3.5,0.0,success,11.882,2831,LACM,ugv_parking,2873,7,True,12.200000000000001
1.3050679443053594,0.5333333333333333,2.6666666666666665,0.025,success,11.131,2832,LACM,ugv_parking,2874,9,True,11.8
1.34074100243652,0.5333333333333333,2.6666666666666665,0.025,success,11.131,2833,LACM,ugv_parking,2875,9,True,11.8
1.4953790463276933,0.7,3.5,0.0,success,11.882,2834,LACM,ugv_parking,2876,7,True,12.200000000000001
1.4604579557667692,0.7,3.5,0.0,success,11.882,2835,LACM,ugv_parking,2877,7,True,12.200000000000001
1.253115976057533,0.5333333333333333,2.6666666666666665,0.025,success,11.131,2836,LACM,ugv_parking,2878,9,True,11.8
1.2389412522857457,0.5333333333333333,2.6666666666666665,0.025,success,11.131,2837,LACM,ugv_parking,2879,9,True,11.8
1.285136942827131,0.7,3.5,0.0,success,11.882,2838,LACM,ugv_parking,2880,7,True,12.200000000000001
1.4255630754923134,0.7,3.5,0.0,success,11.882,2839,LACM,ugv_parking,2881,7,True,12.200000000000001
1.1196266022748502,0.5333333333333333,2.6666666666666665,0.025,success,11.131,2840,LACM,ugv_parking,2882,9,True,11.8
1.4634890813914563,0.7,3.5,0.0,success,11.882,2841,LACM,ugv_parking,2883,7,True,12.200000000000001
1.3374433476511178,0.5333333333333333,2.6666666666666665,0.025,success,11.131,2842,LACM,ugv_parking,2884,9,True,11.8
1.4892098602951702,0.5333333333333333,2.6666666666666665,0.025,success,11.131,2843,LACM,ugv_parking,2885,9,True,11.8
1.5549396398765354,0.7,3.5,0.0,success,11.882,2844,LACM,ugv_parking,2886,7,True,12.200000000000001
1.288547202006779,0.7,3.5,0.0,success,11.882,2845,LACM,ugv_parking,2887,7,True,12.200000000000001
1.354344713704198,0.7,3.5,0.0,success,11.882,2846,LACM,ugv_parking,2888,7,True,12.200000000000001
1.472261198970399,0.7,3.5,0.0,success,11.882,2847,LACM,ugv_parking,2889,7,True,12.200000000000001
1.1263867117655797,0.7,3.5,0.0,success,11.882,2848,LACM,ugv_parking,2890,7,True,12.200000000000001
1.515401097834836,0.7,3.5,0.0,success,11.882,2849,LACM,ugv_parking,2891,7,True,12.200000000000001
1.601271730220624,0.7,3.5,0.0,success,11.882,2850,LACM,ugv_parking,2892,7,True,12.200000000000001
1.6564916078936132,0.7,3.5,0.0,success,11.882,2851,LACM,ugv_parking,2893,7,True,12.200000000000001
1.622156405790014,0.7,3.5,0.0,success,11.882,2852,LACM,ugv_parking,2894,7,True,12.200000000000001
1.618928637478727,0.7,3.5,0.0,success,11.882,2853,LACM,ugv_parking,2895,7,True,12.200000000000001
1.2394071726321498,0.7,3.5,0.0,success,11.882,2854,LACM,ugv_parking,2896,7,True,12.200000000000001
1.3506208659936119,0.5333333333333333,2.6666666666666665,0.025,success,11.131,2855,LACM,ugv_parking,2897,9,True,11.8
1.1580527562156426,0.5333333333333333,2.6666666666666665,0.025,success,11.131,2856,LACM,ugv_parking,2898,9,True,11.8
1.3189721541264183,0.7,3.5,0.0,success,11.882,2857,LACM,ugv_parking,2899,7,True,12.200000000000001
1.762218371280433,0.7,3.5,0.0,success,11.882,2858,LACM,ugv_parking,2900,7,True,12.200000000000001
1.3271150509860328,0.5333333333333333,2.6666666666666665,0.025,success,11.131,2859,LACM,ugv_parking,2901,9,True,11.8
1.6205955888002717,0.7,3.5,0.0,success,11.882,2860,LACM,ugv_parking,2902,7,True,12.200000000000001
1.539284494885996,0.7,3.5,0.0,success,11.882,2861,LACM,ugv_parking,2903,7,True,12.200000000000001
1.4251384467591408,0.7,3.5,0.0,success,11.882,2862,LACM,ugv_parking,2904,7,True,12.200000000000001
1.5970992211366546,0.7,3.5,0.0,success,11.882,2863,LACM,ugv_parking,2905,7,True,12.200000000000001
1.4270449841889479,0.5333333333333333,2.6666666666666665,0.025,success,11.131,2864,LACM,ugv_parking,2906,9,True,11.8
1.3159839028899956,0.7,3.5,0.0,success,11.882,2865,LACM,ugv_parking,2907,7,True,12.200000000000001
1.6267749868194339,0.7,3.5,0.0,success,11.882,2866,LACM,ugv_parking,2908,7,True,12.200000000000001
1.614286518611523,0.7,3.5,0.0,success,11.882,2867,LACM,ugv_parking,2909,7,True,12.200000000000001
1.4460399492594582,0.5333333333333333,2.6666666666666665,0.025,success,11.131,2868,LACM,ugv_parking,2910,9,True,11.8
1.6328760606047374,0.7,3.5,0.0,success,11.882,2869,LACM,ugv_parking,2911,7,True,12.200000000000001
1.3547179607977808,0.7,3.5,0.0,success,11.882,2870,LACM,ugv_parking,2912,7,True,12.200000000000001
1.1930814869186115,0.7,3.5,0.0,success,11.882,2871,LACM,ugv_parking,2913,7,True,12.200000000000001
1.6020743329403322,0.7,3.5,0.0,success,11.882,2872,LACM,ugv_parking,2914,7,True,12.200000000000001
1.4909831743761126,0.7,3.5,0.0,success,11.882,2873,LACM,ugv_parking,2915,7,True,12.200000000000001
1.237783367033935,0.7,3.5,0.0,success,11.882,2874,LACM,ugv_parking,2916,7,True,12.200000000000001
1.7131557809059719,0.7,3.5,0.0,success,11.882,2875,LACM,ugv_parking,2917,7,True,12.200000000000001
1.427266577953827,0.7,3.5,0.0,success,11.882,2876,LACM,ugv_parking,2918,7,True,12.200000000000001
1.3957141977066883,0.5333333333333333,2.6666666666666665,0.025,success,11.131,2877,LACM,ugv_parking,2919,9,True,11.8
1.6486439986971702,0.7,3.5,0.0,success,11.882,2878,LACM,ugv_parking,2920,7,True,12.200000000000001
1.416728219108478,0.5333333333333333,2.6666666666666665,0.025,success,11.131,2879,LACM,ugv_parking,2921,9,True,11.8
1.2042481514112684,0.5333333333333333,2.6666666666666665,0.025,success,11.131,2880,LACM,ugv_parking,2922,9,True,11.8
1.6014828093819575,0.7,3.5,0.0,success,11.882,2881,LACM,ugv_parking,2923,7,True,12.200000000000001
1.5207259339505579,0.7,3.5,0.0,success,11.882,2882,LACM,ugv_parking,2924,7,True,12.200000000000001
1.6089309486430883,0.7,3.5,0.0,success,11.882,2883,LACM,ugv_parking,2925,7,True,12.200000000000001
1.65976037100716,0.7,3.5,0.0,success,11.882,2884,LACM,ugv_parking,2926,7,True,12.200000000000001
1.5827605701827707,0.7,3.5,0.0,success,11.882,2885,LACM,ugv_parking,2927,7,True,12.200000000000001
1.5979365437142796,0.7,3.5,0.0,success,11.882,2886,LACM,ugv_parking,2928,7,True,12.200000000000001
1.44708223245064,0.7,3.5,0.0,success,11.882,2887,LACM,ugv_parking,2929,7,True,12.200000000000001
1.6576305981251473,0.7,3.5,0.0,success,11.882,2888,LACM,ugv_parking,2930,7,True,12.200000000000001
1.2994226356399075,0.7,3.5,0.0,success,11.882,2889,LACM,ugv_parking,2931,7,True,12.200000000000001
1.3313971926939199,0.7,3.5,0.0,success,11.882,2890,LACM,ugv_parking,2932,7,True,12.200000000000001
1.3984669957046643,0.7,3.5,0.0,success,11.882,2891,LACM,ugv_parking,2933,7,True,12.200000000000001
1.4888853854724995,0.7,3.5,0.0,success,11.882,2892,LACM,ugv_parking,2934,7,True,12.200000000000001
1.2800055579054725,0.5333333333333333,2.6666666666666665,0.025,success,11.131,2893,LACM,ugv_parking,2935,9,True,11.8
1.403531514537052,0.7,3.5,0.0,success,11.882,2894,LACM,ugv_parking,2936,7,True,12.200000000000001
1.4885396443919767,0.7,3.5,0.0,success,11.882,2895,LACM,ugv_parking,2937,7,True,12.200000000000001
1.1929286275242699,0.5333333333333333,2.6666666666666665,0.025,success,11.131,2896,LACM,ugv_parking,2938,9,True,11.8
1.6056760889458506,0.7,3.5,0.0,success,11.882,2897,LACM,ugv_parking,2939,7,True,12.200000000000001
1.6667450679091145,0.7,3.5,0.0,success,11.882,2898,LACM,ugv_parking,2940,7,True,12.200000000000001
1.3763677553833533,0.7,3.5,0.0,success,11.882,2899,LACM,ugv_parking,2941,7,True,12.200000000000001
1.3848597047960687,0.7,3.5,0.0,success,11.882,2900,LACM,ugv_parking,2942,7,True,12.200000000000001
1.6065020219026986,0.7,3.5,0.0,success,11.882,2901,LACM,ugv_parking,2943,7,True,12.200000000000001
1.7309714796089959,0.7,3.5,0.0,success,11.882,2902,LACM,ugv_parking,2944,7,True,12.200000000000001
1.4192274009286232,0.7,3.5,0.0,success,11.882,2903,LACM,ugv_parking,2945,7,True,12.200000000000001
1.2473844334912791,0.7,3.5,0.0,success,11.882,2904,LACM,ugv_parking,2946,7,True,12.200000000000001
1.307784131187742,0.5333333333333333,2.6666666666666665,0.025,success,11.131,2905,LACM,ugv_parking,2947,9,True,11.8
1.501708331172154,0.7,3.5,0.0,success,11.882,2906,LACM,ugv_parking,2948,7,True,12.200000000000001
1.4527920869092164,0.7,3.5,0.0,success,11.882,2907,LACM,ugv_parking,2949,7,True,12.200000000000001
1.7753824881030118,0.7,3.5,0.0,success,11.882,2908,LACM,ugv_parking,2950,7,True,12.200000000000001
1.5885826111660313,0.7,3.5,0.0,success,11.882,2909,LACM,ugv_parking,2951,7,True,12.200000000000001
1.3843007465792665,0.5333333333333333,2.6666666666666665,0.025,success,11.131,2910,LACM,ugv_parking,2952,9,True,11.8
1.3832003739879426,0.7,3.5,0.0,success,11.882,2911,LACM,ugv_parking,2953,7,True,12.200000000000001
1.6102815390575913,0.7,3.5,0.0,success,11.882,2912,LACM,ugv_parking,2954,7,True,12.200000000000001
1.5108937421919093,0.7,3.5,0.0,success,11.882,2913,LACM,ugv_parking,2955,7,True,12.200000000000001
1.331150100089646,0.7,3.5,0.0,success,11.882,2914,LACM,ugv_parking,2956,7,True,12.200000000000001
1.2618367909760588,0.5333333333333333,2.6666666666666665,0.025,success,11.131,2915,LACM,ugv_parking,2957,9,True,11.8
1.6611740662826633,0.7,3.5,0.0,success,11.882,2916,LACM,ugv_parking,2958,7,True,12.200000000000001
1.293066133125557,0.7,3.5,0.0,success,11.882,2917,LACM,ugv_parking,2959,7,True,12.200000000000001
1.1548820868690064,0.5333333333333333,2.6666666666666665,0.025,success,11.131,2918,LACM,ugv_parking,2960,9,True,11.8
1.2631427310185055,0.7,3.5,0.0,success,11.882,2919,LACM,ugv_parking,2961,7,True,12.200000000000001
1.3150911649316097,0.5333333333333333,2.6666666666666665,0.025,success,11.131,2920,LACM,ugv_parking,2962,9,True,11.8
1.6201201382378043,0.7,3.5,0.0,success,11.882,2921,LACM,ugv_parking,2963,7,True,12.200000000000001
1.2836814147178819,0.7,3.5,0.0,success,11.882,2922,LACM,ugv_parking,2964,7,True,12.200000000000001
1.4589414894579928,0.5333333333333333,2.6666666666666665,0.025,success,11.131,2923,LACM,ugv_parking,2965,9,True,11.8
1.4172914380372483,0.7,3.5,0.0,success,11.882,2924,LACM,ugv_parking,2966,7,True,12.200000000000001
1.706954684176364,0.7,3.5,0.0,success,11.882,2925,LACM,ugv_parking,2967,7,True,12.200000000000001
1.283661495000737,0.5333333333333333,2.6666666666666665,0.025,success,11.131,2926,LACM,ugv_parking,2968,9,True,11.8
1.6875085465872872,0.7,3.5,0.0,success,11.882,2927,LACM,ugv_parking,2969,7,True,12.200000000000001
1.5682292807656337,0.7,3.5,0.0,success,11.882,2928,LACM,ugv_parking,2970,7,True,12.200000000000001
1.5755209352735746,0.7,3.5,0.0,success,11.882,2929,LACM,ugv_parking,2971,7,True,12.200000000000001
1.36076360229633,0.7,3.5,0.0,success,11.882,2930,LACM,ugv_parking,2972,7,True,12.200000000000001
1.5805167142469037,0.7,3.5,0.0,success,11.882,2931,LACM,ugv_parking,2973,7,True,12.200000000000001
1.4220043749105595,0.5333333333333333,2.6666666666666665,0.025,success,11.131,2932,LACM,ugv_parking,2974,9,True,11.8
1.4911377760850084,0.7,3.5,0.0,success,11.882,2933,LACM,ugv_parking,2975,7,True,12.200000000000001
1.3073455732743615,0.7,3.5,0.0,success,11.882,2934,LACM,ugv_parking,2976,7,True,12.200000000000001
1.3914066039229946,0.7,3.5,0.0,success,11.882,2935,LACM,ugv_parking,2977,7,True,12.200000000000001
1.2850123414758543,0.7,3.5,0.0,success,11.882,2936,LACM,ugv_parking,2978,7,True,12.200000000000001
1.4339207681757002,0.5333333333333333,2.6666666666666665,0.025,success,11.131,2937,LACM,ugv_parking,2979,9,True,11.8
1.4492264489117166,0.7,3.5,0.0,success,11.882,2938,LACM,ugv_parking,2980,7,True,12.200000000000001
1.4990802822700982,0.7,3.5,0.0,success,11.882,2939,LACM,ugv_parking,2981,7,True,12.200000000000001
1.4162550618369334,0.7,3.5,0.0,success,11.882,2940,LACM,ugv_parking,2982,7,True,12.200000000000001
1.2885772471548678,0.7,3.5,0.0,success,11.882,2941,LACM,ugv_parking,2983,7,True,12.200000000000001
1.4124693897770901,0.5333333333333333,2.6666666666666665,0.025,success,11.131,2942,LACM,ugv_parking,2984,9,True,11.8
1.5352231623161314,0.7,3.5,0.0,success,11.882,2943,LACM,ugv_parking,2985,7,True,12.200000000000001
1.426432345431677,0.5333333333333333,2.6666666666666665,0.025,success,11.131,2944,LACM,ugv_parking,2986,9,True,11.8
1.2287301846136212,0.5333333333333333,2.6666666666666665,0.025,success,11.131,2945,LACM,ugv_parking,2987,9,True,11.8
1.2992567899598613,0.7,3.5,0.0,success,11.882,2946,LACM,ugv_parking,2988,7,True,12.200000000000001
1.5659756639703,0.7,3.5,0.0,success,11.882,2947,LACM,ugv_parking,2989,7,True,12.200000000000001
1.3936848993386513,0.5333333333333333,2.6666666666666665,0.025,success,11.131,2948,LACM,ugv_parking,2990,9,True,11.8
1.4037101533218694,0.7,3.5,0.0,success,11.882,2949,LACM,ugv_parking,2991,7,True,12.200000000000001
1.5022762537316448,0.7,3.5,0.0,success,11.882,2950,LACM,ugv_parking,2992,7,True,12.200000000000001
1.6797633019009606,0.7,3.5,0.0,success,11.882,2951,LACM,ugv_parking,2993,7,True,12.200000000000001
1.3568383094172194,0.7,3.5,0.0,success,11.882,2952,LACM,ugv_parking,2994,7,True,12.200000000000001
1.1890391985411046,0.7,3.5,0.0,success,11.882,2953,LACM,ugv_parking,2995,7,True,12.200000000000001
1.4099538559780151,0.7,3.5,0.0,success,11.882,2954,LACM,ugv_parking,2996,7,True,12.200000000000001
1.1655693561474938,0.5333333333333333,2.6666666666666665,0.025,success,11.131,2955,LACM,ugv_parking,2997,9,True,11.8
1.5125779149371363,0.7,3.5,0.0,success,11.882,2956,LACM,ugv_parking,2998,7,True,12.200000000000001
1.3807869055578732,0.7,3.5,0.0,success,11.882,2957,LACM,ugv_parking,2999,7,True,12.200000000000001
1.3804612553422488,0.7,3.5,0.0,success,11.882,2958,LACM,ugv_parking,3000,7,True,12.200000000000001
1.2941978211545377,0.7,3.5,0.0,success,11.882,2959,LACM,ugv_parking,3001,7,True,12.200000000000001
1.3275907110925835,0.5333333333333333,2.6666666666666665,0.025,success,11.131,2960,LACM,ugv_parking,3002,9,True,11.8
1.5138841531110585,0.7,3.5,0.0,success,11.882,2961,LACM,ugv_parking,3003,7,True,12.200000000000001
1.2804485296712511,0.7,3.5,0.0,success,11.882,2962,LACM,ugv_parking,3004,7,True,12.200000000000001
1.616786570725374,0.7,3.5,0.0,success,11.882,2963,LACM,ugv_parking,3005,7,True,12.200000000000001
1.565743972783508,0.7,3.5,0.0,success,11.882,2964,LACM,ugv_parking,3006,7,True,12.200000000000001
1.4186357255579036,0.7,3.5,0.0,success,11.882,2965,LACM,ugv_parking,3007,7,True,12.200000000000001
1.1141935516791939,0.7,3.5,0.0,success,11.882,2966,LACM,ugv_parking,3008,7,True,12.200000000000001
1.3209725059391904,0.7,3.5,0.0,success,11.882,2967,LACM,ugv_parking,3009,7,True,12.200000000000001
1.4814162294672626,0.7,3.5,0.0,success,11.882,2968,LACM,ugv_parking,3010,7,True,12.200000000000001
1.3730018207918142,0.5333333333333333,2.6666666666666665,0.025,success,11.131,2969,LACM,ugv_parking,3011,9,True,11.8
1.4241862913916652,0.7,3.5,0.0,success,11.882,2970,LACM,ugv_parking,3012,7,True,12.200000000000001
1.6017735640830404,0.7,3.5,0.0,success,11.882,2971,LACM,ugv_parking,3013,7,True,12.200000000000001
1.3731729264914827,0.5333333333333333,2.6666666666666665,0.025,success,11.131,2972,LACM,ugv_parking,3014,9,True,11.8
1.5727341994131165,0.7,3.5,0.0,success,11.882,2973,LACM,ugv_parking,3015,7,True,12.200000000000001
1.3966622552500385,0.7,3.5,0.0,success,11.882,2974,LACM,ugv_parking,3016,7,True,12.200000000000001
1.2849360255585425,0.7,3.5,0.0,success,11.882,2975,LACM,ugv_parking,3017,7,True,12.200000000000001
1.282221045814068,0.7,3.5,0.0,success,11.882,2976,LACM,ugv_parking,3018,7,True,12.200000000000001
1.4536480561575993,0.7,3.5,0.0,success,11.882,2977,LACM,ugv_parking,3019,7,True,12.200000000000001
1.3575472597817027,0.7,3.5,0.0,success,11.882,2978,LACM,ugv_parking,3020,7,True,12.200000000000001
1.603606209566904,0.7,3.5,0.0,success,11.882,2979,LACM,ugv_parking,3021,7,True,12.200000000000001
1.5060482808729665,0.7,3.5,0.0,success,11.882,2980,LACM,ugv_parking,3022,7,True,12.200000000000001
1.3984175911918992,0.7,3.5,0.0,success,11.882,2981,LACM,ugv_parking,3023,7,True,12.200000000000001
1.195885423331077,0.5333333333333333,2.6666666666666665,0.025,success,11.131,2982,LACM,ugv_parking,3024,9,True,11.8
1.4520260843075816,0.5333333333333333,2.6666666666666665,0.025,success,11.131,2983,LACM,ugv_parking,3025,9,True,11.8
1.5739848147960533,0.7,3.5,0.0,success,11.882,2984,LACM,ugv_parking,3026,7,True,12.200000000000001
1.495728236298025,0.5333333333333333,2.6666666666666665,0.025,success,11.131,2985,LACM,ugv_parking,3027,9,True,11.8
1.525882593137773,0.7,3.5,0.0,success,11.882,2986,LACM,ugv_parking,3028,7,True,12.200000000000001
1.516463000510028,0.7,3.5,0.0,success,11.882,2987,LACM,ugv_parking,3029,7,True,12.200000000000001
1.422374711886323,0.5333333333333333,2.6666666666666665,0.025,success,11.131,2988,LACM,ugv_parking,3030,9,True,11.8
1.4232995795051575,0.7,3.5,0.0,success,11.882,2989,LACM,ugv_parking,3031,7,True,12.200000000000001
1.1612604663499935,0.5333333333333333,2.6666666666666665,0.025,success,11.131,2990,LACM,ugv_parking,3032,9,True,11.8
1.555084503062264,0.7,3.5,0.0,success,11.882,2991,LACM,ugv_parking,3033,7,True,12.200000000000001
1.6087380662613366,0.7,3.5,0.0,success,11.882,2992,LACM,ugv_parking,3034,7,True,12.200000000000001
1.329718886012238,0.7,3.5,0.0,success,11.882,2993,LACM,ugv_parking,3035,7,True,12.200000000000001
1.6126124625330613,0.7,3.5,0.0,success,11.882,2994,LACM,ugv_parking,3036,7,True,12.200000000000001
1.286332081291167,0.7,3.5,0.0,success,11.882,2995,LACM,ugv_parking,3037,7,True,12.200000000000001
1.4212037949827343,0.5333333333333333,2.6666666666666665,0.025,success,11.131,2996,LACM,ugv_parking,3038,9,True,11.8
1.3522295433904086,0.5333333333333333,2.6666666666666665,0.025,success,11.131,2997,LACM,ugv_parking,3039,9,True,11.8
1.7602946502100743,0.7,3.5,0.0,success,11.882,2998,LACM,ugv_parking,3040,7,True,12.200000000000001
1.200089249504748,0.5333333333333333,2.6666666666666665,0.025,success,11.131,2999,LACM,ugv_parking,3041,9,True,11.8
1.3738129734168858,0.7,3.5,0.0,success,11.882,3000,LACM,ugv_parking,3042,7,True,12.200000000000001
1.5909566454481814,0.7,3.5,0.0,success,11.882,3001,LACM,ugv_parking,3043,7,True,12.200000000000001
1.4465765099985728,0.7,3.5,0.0,success,11.882,3002,LACM,ugv_parking,3044,7,True,12.200000000000001
1.1740423602791712,0.7,3.5,0.0,success,11.882,3003,LACM,ugv_parking,3045,7,True,12.200000000000001
1.4303701512530356,0.5333333333333333,2.6666666666666665,0.025,success,11.131,3004,LACM,ugv_parking,3046,9,True,11.8
1.468740799143329,0.7,3.5,0.0,success,11.882,3005,LACM,ugv_parking,3047,7,True,12.200000000000001
1.337545302040283,0.5333333333333333,2.6666666666666665,0.025,success,11.131,3006,LACM,ugv_parking,3048,9,True,11.8
1.438218043540598,0.7,3.5,0.0,success,11.882,3007,LACM,ugv_parking,3049,7,True,12.200000000000001
1.3251484390114532,0.7,3.5,0.0,success,11.882,3008,LACM,ugv_parking,3050,7,True,12.200000000000001
1.6418972166688093,0.7,3.5,0.0,success,11.882,3009,LACM,ugv_parking,3051,7,True,12.200000000000001
1.183895968053491,0.5333333333333333,2.6666666666666665,0.025,success,11.131,3010,LACM,ugv_parking,3052,9,True,11.8
1.3805657302395864,0.7,3.5,0.0,success,11.882,3011,LACM,ugv_parking,3053,7,True,12.200000000000001
1.3043902564378327,0.5333333333333333,2.6666666666666665,0.025,success,11.131,3012,LACM,ugv_parking,3054,9,True,11.8
1.5439508373735449,0.7,3.5,0.0,success,11.882,3013,LACM,ugv_parking,3055,7,True,12.200000000000001
1.1671971633873301,0.7,3.5,0.0,success,11.882,3014,LACM,ugv_parking,3056,7,True,12.200000000000001
1.4273639034263512,0.7,3.5,0.0,success,11.882,3015,LACM,ugv_parking,3057,7,True,12.200000000000001
1.4884512928491744,0.7,3.5,0.0,success,11.882,3016,LACM,ugv_parking,3058,7,True,12.200000000000001
1.2588892121785547,0.5333333333333333,2.6666666666666665,0.025,success,11.131,3017,LACM,ugv_parking,3059,9,True,11.8
1.3522811900240088,0.5333333333333333,2.6666666666666665,0.025,success,11.131,3018,LACM,ugv_parking,3060,9,True,11.8
1.3635500215508187,0.5333333333333333,2.6666666666666665,0.025,success,11.131,3019,LACM,ugv_parking,3061,9,True,11.8
1.6436929438229497,0.7,3.5,0.0,success,11.882,3020,LACM,ugv_parking,3062,7,True,12.200000000000001
1.4347726554242906,0.7,3.5,0.0,success,11.882,3021,LACM,ugv_parking,3063,7,True,12.200000000000001
1.327046969098478,0.7,3.5,0.0,success,11.882,3022,LACM,ugv_parking,3064,7,True,12.200000000000001
1.5901962219327952,0.7,3.5,0.0,success,11.882,3023,LACM,ugv_parking,3065,7,True,12.200000000000001
1.2072219769758168,0.5333333333333333,2.6666666666666665,0.025,success,11.131,3024,LACM,ugv_parking,3066,9,True,11.8
1.3160276431207778,0.5333333333333333,2.6666666666666665,0.025,success,11.131,3025,LACM,ugv_parking,3067,9,True,11.8
1.3010308802911437,0.7,3.5,0.0,success,11.882,3026,LACM,ugv_parking,3068,7,True,12.200000000000001
1.1570960358104898,0.5333333333333333,2.6666666666666665,0.025,success,11.131,3027,LACM,ugv_parking,3069,9,True,11.8
1.5700900495228796,0.7,3.5,0.0,success,11.882,3028,LACM,ugv_parking,3070,7,True,12.200000000000001
1.216781197145467,0.5333333333333333,2.6666666666666665,0.025,success,11.131,3029,LACM,ugv_parking,3071,9,True,11.8
1.5159682763144033,0.5333333333333333,2.6666666666666665,0.025,success,11.131,3030,LACM,ugv_parking,3072,9,True,11.8
1.2443961457809085,0.5333333333333333,2.6666666666666665,0.025,success,11.131,3031,LACM,ugv_parking,3073,9,True,11.8
1.1493615925584115,0.7,3.5,0.0,success,11.882,3032,LACM,ugv_parking,3074,7,True,12.200000000000001
1.5311432186628955,0.7,3.5,0.0,success,11.882,3033,LACM,ugv_parking,3075,7,True,12.200000000000001
1.4797657721575697,0.7,3.5,0.0,success,11.882,3034,LACM,ugv_parking,3076,7,True,12.200000000000001
1.281867802712672,0.7,3.5,0.0,success,11.882,3035,LACM,ugv_parking,3077,7,True,12.200000000000001
1.202417165160295,0.5333333333333333,2.6666666666666665,0.025,success,11.131,3036,LACM,ugv_parking,3078,9,True,11.8
1.3105060390637286,0.7,3.5,0.0,success,11.882,3037,LACM,ugv_parking,3079,7,True,12.200000000000001
1.236091414049929,0.7,3.5,0.0,success,11.882,3038,LACM,ugv_parking,3080,7,True,12.200000000000001
1.345979636411834,0.5333333333333333,2.6666666666666665,0.025,success,11.131,3039,LACM,ugv_parking,3081,9,True,11.8
1.6616009937644665,0.7,3.5,0.0,success,11.882,3040,LACM,ugv_parking,3082,7,True,12.200000000000001
1.5108791824389205,0.7,3.5,0.0,success,11.882,3041,LACM,ugv_parking,3083,7,True,12.200000000000001
1.6795444253099179,0.7,3.5,0.0,success,11.882,3042,LACM,ugv_parking,3084,7,True,12.200000000000001
1.0623293857998064,0.5333333333333333,2.6666666666666665,0.025,success,11.131,3043,LACM,ugv_parking,3085,9,True,11.8
1.406160052287869,0.7,3.5,0.0,success,11.882,3044,LACM,ugv_parking,3086,7,True,12.200000000000001
1.4051619491522707,0.7,3.5,0.0,success,11.882,3045,LACM,ugv_parking,3087,7,True,12.200000000000001
1.52516150222368,0.7,3.5,0.0,success,11.882,3046,LACM,ugv_parking,3088,7,True,12.200000000000001
1.1192154157978724,0.5333333333333333,2.6666666666666665,0.025,success,11.131,3047,LACM,ugv_parking,3089,9,True,11.8
1.5061025486744888,0.7,3.5,0.0,success,11.882,3048,LACM,ugv_parking,3090,7,True,12.200000000000001
1.2620187303596833,0.5333333333333333,2.6666666666666665,0.025,success,11.131,3049,LACM,ugv_parking,3091,9,True,11.8
1.2814736192892038,0.5333333333333333,2.6666666666666665,0.025,success,11.131,3050,LACM,ugv_parking,3092,9,True,11.8
1.5287042949421268,0.7,3.5,0.0,success,11.882,3051,LACM,ugv_parking,3093,7,True,12.200000000000001
1.3866002683372525,0.7,3.5,0.0,success,11.882,3052,LACM,ugv_parking,3094,7,True,12.200000000000001
1.3460663196394074,0.7,3.5,0.0,success,11.882,3053,LACM,ugv_parking,3095,7,True,12.200000000000001
1.4784279764972195,0.7,3.5,0.0,success,11.882,3054,LACM,ugv_parking,3096,7,True,12.200000000000001
1.6578382740882687,0.7,3.5,0.0,success,11.882,3055,LACM,ugv_parking,3097,7,True,12.200000000000001
1.604147957292694,0.7,3.5,0.0,success,11.882,3056,LACM,ugv_parking,3098,7,True,12.200000000000001
1.1904103727281443,0.5333333333333333,2.6666666666666665,0.025,success,11.131,3057,LACM,ugv_parking,3099,9,True,11.8
1.5235266385124224,0.7,3.5,0.0,success,11.882,3058,LACM,ugv_parking,3100,7,True,12.200000000000001
1.4822072203417531,0.7,3.5,0.0,success,11.882,3059,LACM,ugv_parking,3101,7,True,12.200000000000001
1.4075422146470318,0.7,3.5,0.0,success,11.882,3060,LACM,ugv_parking,3102,7,True,12.200000000000001
1.5709671807866106,0.7,3.5,0.0,success,11.882,3061,LACM,ugv_parking,3103,7,True,12.200000000000001
1.2592259860103816,0.5333333333333333,2.6666666666666665,0.025,success,11.131,3062,LACM,ugv_parking,3104,9,True,11.8
1.256734438976224,0.7,3.5,0.0,success,11.882,3063,LACM,ugv_parking,3105,7,True,12.200000000000001
1.4112717496860794,0.7,3.5,0.0,success,11.882,3064,LACM,ugv_parking,3106,7,True,12.200000000000001
1.240679893471342,0.5333333333333333,2.6666666666666665,0.025,success,11.131,3065,LACM,ugv_parking,3107,9,True,11.8
1.3357758104045105,0.7,3.5,0.0,success,11.882,3066,LACM,ugv_parking,3108,7,True,12.200000000000001
1.6407225262724006,0.7,3.5,0.0,success,11.882,3067,LACM,ugv_parking,3109,7,True,12.200000000000001
1.3633911161188936,0.7,3.5,0.0,success,11.882,3068,LACM,ugv_parking,3110,7,True,12.200000000000001
1.2214384520357582,0.7,3.5,0.0,success,11.882,3069,LACM,ugv_parking,3111,7,True,12.200000000000001
1.2413310664087112,0.5333333333333333,2.6666666666666665,0.025,success,11.131,3070,LACM,ugv_parking,3112,9,True,11.8
1.2062451064677266,0.5333333333333333,2.6666666666666665,0.025,success,11.131,3071,LACM,ugv_parking,3113,9,True,11.8
1.4196192447117069,0.5333333333333333,2.6666666666666665,0.025,success,11.131,3072,LACM,ugv_parking,3114,9,True,11.8
1.634029331621841,0.7,3.5,0.0,success,11.882,3073,LACM,ugv_parking,3115,7,True,12.200000000000001
1.302302544638033,0.7,3.5,0.0,success,11.882,3074,LACM,ugv_parking,3116,7,True,12.200000000000001
1.2182835778245407,0.7,3.5,0.0,success,11.882,3075,LACM,ugv_parking,3117,7,True,12.200000000000001
1.770601321255243,0.7,3.5,0.0,success,11.882,3076,LACM,ugv_parking,3118,7,True,12.200000000000001
1.416820686336377,0.7,3.5,0.0,success,11.882,3077,LACM,ugv_parking,3119,7,True,12.200000000000001
1.518216006435576,0.7,3.5,0.0,success,11.882,3078,LACM,ugv_parking,3120,7,True,12.200000000000001
1.6470539669497972,0.7,3.5,0.0,success,11.882,3079,LACM,ugv_parking,3121,7,True,12.200000000000001
1.4105419542815967,0.7,3.5,0.0,success,11.882,3080,LACM,ugv_parking,3122,7,True,12.200000000000001
1.4760040927437492,0.7,3.5,0.0,success,11.882,3081,LACM,ugv_parking,3123,7,True,12.200000000000001
1.3109471395754722,0.5333333333333333,2.6666666666666665,0.025,success,11.131,3082,LACM,ugv_parking,3124,9,True,11.8
1.2998191486110775,0.5333333333333333,2.6666666666666665,0.025,success,11.131,3083,LACM,ugv_parking,3125,9,True,11.8
1.3145174355282003,0.5333333333333333,2.6666666666666665,0.025,success,11.131,3084,LACM,ugv_parking,3126,9,True,11.8
1.6566077437331628,0.7,3.5,0.0,success,11.882,3085,LACM,ugv_parking,3127,7,True,12.200000000000001
1.2665832976073672,0.5333333333333333,2.6666666666666665,0.025,success,11.131,3086,LACM,ugv_parking,3128,9,True,11.8
1.0734415626968496,0.5333333333333333,2.6666666666666665,0.025,success,11.131,3087,LACM,ugv_parking,3129,9,True,11.8
1.6533717561570587,0.7,3.5,0.0,success,11.882,3088,LACM,ugv_parking,3130,7,True,12.200000000000001
1.6312818960731574,0.7,3.5,0.0,success,11.882,3089,LACM,ugv_parking,3131,7,True,12.200000000000001
1.237027234372929,0.7,3.5,0.0,success,11.882,3090,LACM,ugv_parking,3132,7,True,12.200000000000001
1.2092955654904574,0.5333333333333333,2.6666666666666665,0.025,success,11.131,3091,LACM,ugv_parking,3133,9,True,11.8
1.3428951553290709,0.7,3.5,0.0,success,11.882,3092,LACM,ugv_parking,3134,7,True,12.200000000000001
1.624089011421229,0.7,3.5,0.0,success,11.882,3093,LACM,ugv_parking,3135,7,True,12.200000000000001
1.4180153679686296,0.5333333333333333,2.6666666666666665,0.025,success,11.131,3094,LACM,ugv_parking,3136,9,True,11.8
1.6951515333209257,0.7,3.5,0.0,success,11.882,3095,LACM,ugv_parking,3137,7,True,12.200000000000001
1.5159943045669397,0.7,3.5,0.0,success,11.882,3096,LACM,ugv_parking,3138,7,True,12.200000000000001
1.199921762882144,0.7,3.5,0.0,success,11.882,3097,LACM,ugv_parking,3139,7,True,12.200000000000001
1.4454723888111605,0.5333333333333333,2.6666666666666665,0.025,success,11.131,3098,LACM,ugv_parking,3140,9,True,11.8
1.2331238248769232,0.7,3.5,0.0,success,11.882,3099,LACM,ugv_parking,3141,7,True,12.200000000000001
1.5320263819660904,0.7,3.5,0.0,success,11.882,3100,LACM,ugv_parking,3142,7,True,12.200000000000001
1.4270822018416458,0.5333333333333333,2.6666666666666665,0.025,success,11.131,3101,LACM,ugv_parking,3143,9,True,11.8
1.4494491907372193,0.7,3.5,0.0,success,11.882,3102,LACM,ugv_parking,3144,7,True,12.200000000000001
1.2629870038250213,0.5333333333333333,2.6666666666666665,0.025,success,11.131,3103,LACM,ugv_parking,3145,9,True,11.8
1.4023547225417694,0.5333333333333333,2.6666666666666665,0.025,success,11.131,3104,LACM,ugv_parking,3146,9,True,11.8
1.515086883471567,0.7,3.5,0.0,success,11.882,3105,LACM,ugv_parking,3147,7,True,12.200000000000001
1.445636327085014,0.7,3.5,0.0,success,11.882,3106,LACM,ugv_parking,3148,7,True,12.200000000000001
1.2387730072995404,0.7,3.5,0.0,success,11.882,3107,LACM,ugv_parking,3149,7,True,12.200000000000001
1.5431936497549739,0.7,3.5,0.0,success,11.882,3108,LACM,ugv_parking,3150,7,True,12.200000000000001
1.3811173603454854,0.5333333333333333,2.6666666666666665,0.025,success,11.131,3109,LACM,ugv_parking,3151,9,True,11.8
1.276726098507444,0.7,3.5,0.0,success,11.882,3110,LACM,ugv_parking,3152,7,True,12.200000000000001
1.37216342195389,0.5333333333333333,2.6666666666666665,0.025,success,11.131,3111,LACM,ugv_parking,3153,9,True,11.8
1.4142180664463435,0.7,3.5,0.0,success,11.882,3112,LACM,ugv_parking,3154,7,True,12.200000000000001
1.692614153440064,0.7,3.5,0.0,success,11.882,3113,LACM,ugv_parking,3155,7,True,12.200000000000001
1.4010454576929772,0.7,3.5,0.0,success,11.882,3114,LACM,ugv_parking,3156,7,True,12.200000000000001
1.477345266617075,0.7,3.5,0.0,success,11.882,3115,LACM,ugv_parking,3157,7,True,12.200000000000001
1.3650405588647128,0.7,3.5,0.0,success,11.882,3116,LACM,ugv_parking,3158,7,True,12.200000000000001
1.5390255771499262,0.7,3.5,0.0,success,11.882,3117,LACM,ugv_parking,3159,7,True,12.200000000000001
1.3566003389361965,0.7,3.5,0.0,success,11.882,3118,LACM,ugv_parking,3160,7,True,12.200000000000001
1.372186927665539,0.7,3.5,0.0,success,11.882,3119,LACM,ugv_parking,3161,7,True,12.200000000000001
1.1438749514843867,0.5333333333333333,2.6666666666666665,0.025,success,11.131,3120,LACM,ugv_parking,3162,9,True,11.8
1.3655761946322151,0.7,3.5,0.0,success,11.882,3121,LACM,ugv_parking,3163,7,True,12.200000000000001
1.565087355515301,0.7,3.5,0.0,success,11.882,3122,LACM,ugv_parking,3164,7,True,12.200000000000001
1.1968491004047592,0.7,3.5,0.0,success,11.882,3123,LACM,ugv_parking,3165,7,True,12.200000000000001
1.6339587085340637,0.7,3.5,0.0,success,11.882,3124,LACM,ugv_parking,3166,7,True,12.200000000000001
1.3085451600141733,0.5333333333333333,2.6666666666666665,0.025,success,11.131,3125,LACM,ugv_parking,3167,9,True,11.8
1.3906319101854174,0.7,3.5,0.0,success,11.882,3126,LACM,ugv_parking,3168,7,True,12.200000000000001
1.5898583274871707,0.7,3.5,0.0,success,11.882,3127,LACM,ugv_parking,3169,7,True,12.200000000000001
1.2882124554395946,0.7,3.5,0.0,success,11.882,3128,LACM,ugv_parking,3170,7,True,12.200000000000001
1.4825509588900743,0.7,3.5,0.0,success,11.882,3129,LACM,ugv_parking,3171,7,True,12.200000000000001
1.6592678736848234,0.7,3.5,0.0,success,11.882,3130,LACM,ugv_parking,3172,7,True,12.200000000000001
1.3754347571117922,0.7,3.5,0.0,success,11.882,3131,LACM,ugv_parking,3173,7,True,12.200000000000001
1.2343992342273118,0.5333333333333333,2.6666666666666665,0.025,success,11.131,3132,LACM,ugv_parking,3174,9,True,11.8
1.5944989622186694,0.7,3.5,0.0,success,11.882,3133,LACM,ugv_parking,3175,7,True,12.200000000000001
1.1371617860943883,0.5333333333333333,2.6666666666666665,0.025,success,11.131,3134,LACM,ugv_parking,3176,9,True,11.8
1.2036088513836616,0.5333333333333333,2.6666666666666665,0.025,success,11.131,3135,LACM,ugv_parking,3177,9,True,11.8
1.4807398448952709,0.7,3.5,0.0,success,11.882,3136,LACM,ugv_parking,3178,7,True,12.200000000000001
1.6365523255744168,0.7,3.5,0.0,success,11.882,3137,LACM,ugv_parking,3179,7,True,12.200000000000001
1.434905083468375,0.7,3.5,0.0,success,11.882,3138,LACM,ugv_parking,3180,7,True,12.200000000000001
1.2964872461277834,0.7,3.5,0.0,success,11.882,3139,LACM,ugv_parking,3181,7,True,12.200000000000001
1.397464495861008,0.7,3.5,0.0,success,11.882,3140,LACM,ugv_parking,3182,7,True,12.200000000000001
1.3668945077705152,0.7,3.5,0.0,success,11.882,3141,LACM,ugv_parking,3183,7,True,12.200000000000001
1.282606614958258,0.7,3.5,0.0,success,11.882,3142,LACM,ugv_parking,3184,7,True,12.200000000000001
1.5146159279972213,0.7,3.5,0.0,success,11.882,3143,LACM,ugv_parking,3185,7,True,12.200000000000001
1.4916026224226144,0.7,3.5,0.0,success,11.882,3144,LACM,ugv_parking,3186,7,True,12.200000000000001
1.4345278389258063,0.7,3.5,0.0,success,11.882,3145,LACM,ugv_parking,3187,7,True,12.200000000000001
1.624994634276221,0.7,3.5,0.0,success,11.882,3146,LACM,ugv_parking,3188,7,True,12.200000000000001
1.66735759178226,0.7,3.5,0.0,success,11.882,3147,LACM,ugv_parking,3189,7,True,12.200000000000001
1.3633283151946365,0.5333333333333333,2.6666666666666665,0.025,success,11.131,3148,LACM,ugv_parking,3190,9,True,11.8
1.2753459918040488,0.7,3.5,0.0,success,11.882,3149,LACM,ugv_parking,3191,7,True,12.200000000000001
1.4912334730697003,0.5333333333333333,2.6666666666666665,0.025,success,11.131,3150,LACM,ugv_parking,3192,9,True,11.8
1.4823896049179812,0.5333333333333333,2.6666666666666665,0.025,success,11.131,3151,LACM,ugv_parking,3193,9,True,11.8
1.3490787911071696,0.5333333333333333,2.6666666666666665,0.025,success,11.131,3152,LACM,ugv_parking,3194,9,True,11.8
1.4643551719395984,0.7,3.5,0.0,success,11.882,3153,LACM,ugv_parking,3195,7,True,12.200000000000001
1.7559693213471705,0.7,3.5,0.0,success,11.882,3154,LACM,ugv_parking,3196,7,True,12.200000000000001
1.397505069790787,0.5333333333333333,2.6666666666666665,0.025,success,11.131,3155,LACM,ugv_parking,3197,9,True,11.8
1.2561638066181693,0.7,3.5,0.0,success,11.882,3156,LACM,ugv_parking,3198,7,True,12.200000000000001
1.273583425257663,0.5333333333333333,2.6666666666666665,0.025,success,11.131,3157,LACM,ugv_parking,3199,9,True,11.8
1.471714110474681,0.7,3.5,0.0,success,11.882,3158,LACM,ugv_parking,3200,7,True,12.200000000000001
1.3484513419783675,0.7,3.5,0.0,success,11.882,3159,LACM,ugv_parking,3201,7,True,12.200000000000001
1.2149824685453572,0.7,3.5,0.0,success,11.882,3160,LACM,ugv_parking,3202,7,True,12.200000000000001
1.5497428541720044,0.7,3.5,0.0,success,11.882,3161,LACM,ugv_parking,3203,7,True,12.200000000000001
1.517613580528364,0.5333333333333333,2.6666666666666665,0.025,success,11.131,3162,LACM,ugv_parking,3204,9,True,11.8
1.682406215883796,0.7,3.5,0.0,success,11.882,3163,LACM,ugv_parking,3205,7,True,12.200000000000001
1.257232049529538,0.7,3.5,0.0,success,11.882,3164,LACM,ugv_parking,3206,7,True,12.200000000000001
1.4622437034990996,0.7,3.5,0.0,success,11.882,3165,LACM,ugv_parking,3207,7,True,12.200000000000001
1.5312250167066122,0.7,3.5,0.0,success,11.882,3166,LACM,ugv_parking,3208,7,True,12.200000000000001
1.2392420437445926,0.5333333333333333,2.6666666666666665,0.025,success,11.131,3167,LACM,ugv_parking,3209,9,True,11.8
1.5308991359163477,0.7,3.5,0.0,success,11.882,3168,LACM,ugv_parking,3210,7,True,12.200000000000001
1.0688621844514241,0.5333333333333333,2.6666666666666665,0.025,success,11.131,3169,LACM,ugv_parking,3211,9,True,11.8
1.3858432621107568,0.7,3.5,0.0,success,11.882,3170,LACM,ugv_parking,3212,7,True,12.200000000000001
1.456114913551557,0.7,3.5,0.0,success,11.882,3171,LACM,ugv_parking,3213,7,True,12.200000000000001
1.3148240838536809,0.7,3.5,0.0,success,11.882,3172,LACM,ugv_parking,3214,7,True,12.200000000000001
1.684126313785491,0.7,3.5,0.0,success,11.882,3173,LACM,ugv_parking,3215,7,True,12.200000000000001
1.6111206170771883,0.7,3.5,0.0,success,11.882,3174,LACM,ugv_parking,3216,7,True,12.200000000000001
1.2516581567106289,0.7,3.5,0.0,success,11.882,3175,LACM,ugv_parking,3217,7,True,12.200000000000001
1.290725641012897,0.5333333333333333,2.6666666666666665,0.025,success,11.131,3176,LACM,ugv_parking,3218,9,True,11.8
1.5534653695002612,0.7,3.5,0.0,success,11.882,3177,LACM,ugv_parking,3219,7,True,12.200000000000001
1.5144573721475874,0.5333333333333333,2.6666666666666665,0.025,success,11.131,3178,LACM,ugv_parking,3220,9,True,11.8
1.6534874902626162,0.7,3.5,0.0,success,11.882,3179,LACM,ugv_parking,3221,7,True,12.200000000000001
1.2869835069279099,0.7,3.5,0.0,success,11.882,3180,LACM,ugv_parking,3222,7,True,12.200000000000001
1.611169580101287,0.7,3.5,0.0,success,11.882,3181,LACM,ugv_parking,3223,7,True,12.200000000000001
1.4846695652883324,0.7,3.5,0.0,success,11.882,3182,LACM,ugv_parking,3224,7,True,12.200000000000001
1.6106303347552597,0.7,3.5,0.0,success,11.882,3183,LACM,ugv_parking,3225,7,True,12.200000000000001
1.3988958519954542,0.7,3.5,0.0,success,11.882,3184,LACM,ugv_parking,3226,7,True,12.200000000000001
1.692885495112928,0.7,3.5,0.0,success,11.882,3185,LACM,ugv_parking,3227,7,True,12.200000000000001
1.25497254357498,0.5333333333333333,2.6666666666666665,0.025,success,11.131,3186,LACM,ugv_parking,3228,9,True,11.8
1.5348903254586044,0.7,3.5,0.0,success,11.882,3187,LACM,ugv_parking,3229,7,True,12.200000000000001
1.5259594593656258,0.7,3.5,0.0,success,11.882,3188,LACM,ugv_parking,3230,7,True,12.200000000000001
1.573659176778721,0.7,3.5,0.0,success,11.882,3189,LACM,ugv_parking,3231,7,True,12.200000000000001
1.1817811715698365,0.5333333333333333,2.6666666666666665,0.025,success,11.131,3190,LACM,ugv_parking,3232,9,True,11.8
1.4270447715485846,0.7,3.5,0.0,success,11.882,3191,LACM,ugv_parking,3233,7,True,12.200000000000001
1.3110124319835468,0.7,3.5,0.0,success,11.882,3192,LACM,ugv_parking,3234,7,True,12.200000000000001
1.5812353110969783,0.7,3.5,0.0,success,11.882,3193,LACM,ugv_parking,3235,7,True,12.200000000000001
1.6380211521493349,0.7,3.5,0.0,success,11.882,3194,LACM,ugv_parking,3236,7,True,12.200000000000001
1.4355447595142041,0.7,3.5,0.0,success,11.882,3195,LACM,ugv_parking,3237,7,True,12.200000000000001
1.2341981962386241,0.7,3.5,0.0,success,11.882,3196,LACM,ugv_parking,3238,7,True,12.200000000000001
1.4948693852885553,0.7,3.5,0.0,success,11.882,3197,LACM,ugv_parking,3239,7,True,12.200000000000001
1.2734543407139,0.7,3.5,0.0,success,11.882,3198,LACM,ugv_parking,3240,7,True,12.200000000000001
1.3982244004727993,0.7,3.5,0.0,success,11.882,3199,LACM,ugv_parking,3241,7,True,12.200000000000001
1.3787892256724563,0.5333333333333333,2.6666666666666665,0.025,success,11.131,3200,LACM,ugv_parking,3242,9,True,11.8
1.4871861705703053,0.7,3.5,0.0,success,11.882,3201,LACM,ugv_parking,3243,7,True,12.200000000000001
1.253431176751928,0.5333333333333333,2.6666666666666665,0.025,success,11.131,3202,LACM,ugv_parking,3244,9,True,11.8
1.2174591217573827,0.7,3.5,0.0,success,11.882,3203,LACM,ugv_parking,3245,7,True,12.200000000000001
1.5939073717924173,0.7,3.5,0.0,success,11.882,3204,LACM,ugv_parking,3246,7,True,12.200000000000001
1.3350404211321942,0.7,3.5,0.0,success,11.882,3205,LACM,ugv_parking,3247,7,True,12.200000000000001
1.513711382187363,0.7,3.5,0.0,success,11.882,3206,LACM,ugv_parking,3248,7,True,12.200000000000001
1.5962178981501747,0.7,3.5,0.0,success,11.882,3207,LACM,ugv_parking,3249,7,True,12.200000000000001
1.6223796469404128,0.7,3.5,0.0,success,11.882,3208,LACM,ugv_parking,3250,7,True,12.200000000000001
1.5174797260464188,0.7,3.5,0.0,success,11.882,3209,LACM,ugv_parking,3251,7,True,12.200000000000001
1.5704110061206682,0.7,3.5,0.0,success,11.882,3210,LACM,ugv_parking,3252,7,True,12.200000000000001
1.6026373268540812,0.7,3.5,0.0,success,11.882,3211,LACM,ugv_parking,3253,7,True,12.200000000000001
1.2591600011625323,0.7,3.5,0.0,success,11.882,3212,LACM,ugv_parking,3254,7,True,12.200000000000001
1.2900790752339795,0.5333333333333333,2.6666666666666665,0.025,success,11.131,3213,LACM,ugv_parking,3255,9,True,11.8
1.2120638609268517,0.7,3.5,0.0,success,11.882,3214,LACM,ugv_parking,3256,7,True,12.200000000000001
1.7225082128671363,0.7,3.5,0.0,success,11.882,3215,LACM,ugv_parking,3257,7,True,12.200000000000001
1.4638447961752101,0.5333333333333333,2.6666666666666665,0.025,success,11.131,3216,LACM,ugv_parking,3258,9,True,11.8
1.2535447609850046,0.7,3.5,0.0,success,11.882,3217,LACM,ugv_parking,3259,7,True,12.200000000000001
1.2831353301141242,0.7,3.5,0.0,success,11.882,3218,LACM,ugv_parking,3260,7,True,12.200000000000001
1.5151856482724764,0.7,3.5,0.0,success,11.882,3219,LACM,ugv_parking,3261,7,True,12.200000000000001
1.5142852438152332,0.7,3.5,0.0,success,11.882,3220,LACM,ugv_parking,3262,7,True,12.200000000000001
1.2464410904284653,0.7,3.5,0.0,success,11.882,3221,LACM,ugv_parking,3263,7,True,12.200000000000001
1.3243558910716082,0.7,3.5,0.0,success,11.882,3222,LACM,ugv_parking,3264,7,True,12.200000000000001
1.3237330422190412,0.7,3.5,0.0,success,11.882,3223,LACM,ugv_parking,3265,7,True,12.200000000000001
1.2499834887045638,0.7,3.5,0.0,success,11.882,3224,LACM,ugv_parking,3266,7,True,12.200000000000001
1.3785891671866755,0.7,3.5,0.0,success,11.882,3225,LACM,ugv_parking,3267,7,True,12.200000000000001
1.4414677470726813,0.7,3.5,0.0,success,11.882,3226,LACM,ugv_parking,3268,7,True,12.200000000000001
1.4581156724214455,0.7,3.5,0.0,success,11.882,3227,LACM,ugv_parking,3269,7,True,12.200000000000001
1.3664972290425066,0.7,3.5,0.0,success,11.882,3228,LACM,ugv_parking,3270,7,True,12.200000000000001
1.4514693260057714,0.7,3.5,0.0,success,11.882,3229,LACM,ugv_parking,3271,7,True,12.200000000000001
1.434688692403153,0.7,3.5,0.0,success,11.882,3230,LACM,ugv_parking,3272,7,True,12.200000000000001
1.3323714251120076,0.7,3.5,0.0,success,11.882,3231,LACM,ugv_parking,3273,7,True,12.200000000000001
1.4383341040458437,0.7,3.5,0.0,success,11.882,3232,LACM,ugv_parking,3274,7,True,12.200000000000001
1.4047642335267874,0.5333333333333333,2.6666666666666665,0.025,success,11.131,3233,LACM,ugv_parking,3275,9,True,11.8
1.5405005241563836,0.7,3.5,0.0,success,11.882,3234,LACM,ugv_parking,3276,7,True,12.200000000000001
1.314125475985677,0.7,3.5,0.0,success,11.882,3235,LACM,ugv_parking,3277,7,True,12.200000000000001
1.4868990962319455,0.5333333333333333,2.6666666666666665,0.025,success,11.131,3236,LACM,ugv_parking,3278,9,True,11.8
1.7325852349997206,0.7,3.5,0.0,success,11.882,3237,LACM,ugv_parking,3279,7,True,12.200000000000001
1.1858659840596741,0.5333333333333333,2.6666666666666665,0.025,success,11.131,3238,LACM,ugv_parking,3280,9,True,11.8
1.6252096691725653,0.7,3.5,0.0,success,11.882,3239,LACM,ugv_parking,3281,7,True,12.200000000000001
1.4735857241944328,0.7,3.5,0.0,success,11.882,3240,LACM,ugv_parking,3282,7,True,12.200000000000001
1.3906039272772344,0.7,3.5,0.0,success,11.882,3241,LACM,ugv_parking,3283,7,True,12.200000000000001
1.4613432314285948,0.5333333333333333,2.6666666666666665,0.025,success,11.131,3242,LACM,ugv_parking,3284,9,True,11.8
1.404859895246175,0.7,3.5,0.0,success,11.882,3243,LACM,ugv_parking,3285,7,True,12.200000000000001
1.3994761783665939,0.7,3.5,0.0,success,11.882,3244,LACM,ugv_parking,3286,7,True,12.200000000000001
1.6580573155145908,0.7,3.5,0.0,success,11.882,3245,LACM,ugv_parking,3287,7,True,12.200000000000001
1.4046318204432804,0.7,3.5,0.0,success,11.882,3246,LACM,ugv_parking,3288,7,True,12.200000000000001
1.3436684380296327,0.7,3.5,0.0,success,11.882,3247,LACM,ugv_parking,3289,7,True,12.200000000000001
1.5095683101434019,0.7,3.5,0.0,success,11.882,3248,LACM,ugv_parking,3290,7,True,12.200000000000001
1.4179061389554213,0.7,3.5,0.0,success,11.882,3249,LACM,ugv_parking,3291,7,True,12.200000000000001
1.354822320318356,0.7,3.5,0.0,success,11.882,3250,LACM,ugv_parking,3292,7,True,12.200000000000001
1.279781936718979,0.7,3.5,0.0,success,11.882,3251,LACM,ugv_parking,3293,7,True,12.200000000000001
1.5503933945969604,0.5333333333333333,2.6666666666666665,0.025,success,11.131,3252,LACM,ugv_parking,3294,9,True,11.8
1.4181305520971867,0.7,3.5,0.0,success,11.882,3253,LACM,ugv_parking,3295,7,True,12.200000000000001
1.5048996078974288,0.7,3.5,0.0,success,11.882,3254,LACM,ugv_parking,3296,7,True,12.200000000000001
1.3884464620387629,0.7,3.5,0.0,success,11.882,3255,LACM,ugv_parking,3297,7,True,12.200000000000001
1.345754836367064,0.7,3.5,0.0,success,11.882,3256,LACM,ugv_parking,3298,7,True,12.200000000000001
1.5703949364264203,0.7,3.5,0.0,success,11.882,3257,LACM,ugv_parking,3299,7,True,12.200000000000001
1.4817529319174745,0.7,3.5,0.0,success,11.882,3258,LACM,ugv_parking,3300,7,True,12.200000000000001
1.237093421709031,0.5333333333333333,2.6666666666666665,0.025,success,11.131,3259,LACM,ugv_parking,3301,9,True,11.8
1.2147458042518466,0.5333333333333333,2.6666666666666665,0.025,success,11.131,3260,LACM,ugv_parking,3302,9,True,11.8
1.2484985556766646,0.5333333333333333,2.6666666666666665,0.025,success,11.131,3261,LACM,ugv_parking,3303,9,True,11.8
1.2175695535211253,0.5333333333333333,2.6666666666666665,0.025,success,11.131,3262,LACM,ugv_parking,3304,9,True,11.8
1.489496949261861,0.7,3.5,0.0,success,11.882,3263,LACM,ugv_parking,3305,7,True,12.200000000000001
1.40831322438126,0.7,3.5,0.0,success,11.882,3264,LACM,ugv_parking,3306,7,True,12.200000000000001
1.358432880642364,0.7,3.5,0.0,success,11.882,3265,LACM,ugv_parking,3307,7,True,12.200000000000001
1.2707617175975794,0.7,3.5,0.0,success,11.882,3266,LACM,ugv_parking,3308,7,True,12.200000000000001
1.2117557831421408,0.7,3.5,0.0,success,11.882,3267,LACM,ugv_parking,3309,7,True,12.200000000000001
1.4948298304360423,0.7,3.5,0.0,success,11.882,3268,LACM,ugv_parking,3310,7,True,12.200000000000001
1.3210296181944525,0.5333333333333333,2.6666666666666665,0.025,success,11.131,3269,LACM,ugv_parking,3311,9,True,11.8
1.483564930818004,0.7,3.5,0.0,success,11.882,3270,LACM,ugv_parking,3312,7,True,12.200000000000001
1.5612659280878276,0.7,3.5,0.0,success,11.882,3271,LACM,ugv_parking,3313,7,True,12.200000000000001
1.6311590820307909,0.7,3.5,0.0,success,11.882,3272,LACM,ugv_parking,3314,7,True,12.200000000000001
1.3510079062756992,0.5333333333333333,2.6666666666666665,0.025,success,11.131,3273,LACM,ugv_parking,3315,9,True,11.8
1.3996515571939456,0.7,3.5,0.0,success,11.882,3274,LACM,ugv_parking,3316,7,True,12.200000000000001
1.5084998712107234,0.7,3.5,0.0,success,11.882,3275,LACM,ugv_parking,3317,7,True,12.200000000000001
1.237851879096973,0.7,3.5,0.0,success,11.882,3276,LACM,ugv_parking,3318,7,True,12.200000000000001
1.6380875443179248,0.7,3.5,0.0,success,11.882,3277,LACM,ugv_parking,3319,7,True,12.200000000000001
1.3742683196133134,0.5333333333333333,2.6666666666666665,0.025,success,11.131,3278,LACM,ugv_parking,3320,9,True,11.8
1.7235036457193715,0.7,3.5,0.0,success,11.882,3279,LACM,ugv_parking,3321,7,True,12.200000000000001
1.37162662673191,0.5333333333333333,2.6666666666666665,0.025,success,11.131,3280,LACM,ugv_parking,3322,9,True,11.8
1.6551683890035487,0.7,3.5,0.0,success,11.882,3281,LACM,ugv_parking,3323,7,True,12.200000000000001
1.5761992605814175,0.7,3.5,0.0,success,11.882,3282,LACM,ugv_parking,3324,7,True,12.200000000000001
1.348314690863616,0.7,3.5,0.0,success,11.882,3283,LACM,ugv_parking,3325,7,True,12.200000000000001
1.1265550230916734,0.7,3.5,0.0,success,11.882,3284,LACM,ugv_parking,3326,7,True,12.200000000000001
1.251492318521879,0.5333333333333333,2.6666666666666665,0.025,success,11.131,3285,LACM,ugv_parking,3327,9,True,11.8
1.38893311908227,0.7,3.5,0.0,success,11.882,3286,LACM,ugv_parking,3328,7,True,12.200000000000001
1.494338743713435,0.7,3.5,0.0,success,11.882,3287,LACM,ugv_parking,3329,7,True,12.200000000000001
1.1080123592481927,0.5333333333333333,2.6666666666666665,0.025,success,11.131,3288,LACM,ugv_parking,3330,9,True,11.8
1.6835396271023986,0.7,3.5,0.0,success,11.882,3289,LACM,ugv_parking,3331,7,True,12.200000000000001
1.3194042615057395,0.5333333333333333,2.6666666666666665,0.025,success,11.131,3290,LACM,ugv_parking,3332,9,True,11.8
1.4149983372304094,0.5333333333333333,2.6666666666666665,0.025,success,11.131,3291,LACM,ugv_parking,3333,9,True,11.8
1.3998147826561096,0.5333333333333333,2.6666666666666665,0.025,success,11.131,3292,LACM,ugv_parking,3334,9,True,11.8
1.5663225428250913,0.7,3.5,0.0,success,11.882,3293,LACM,ugv_parking,3335,7,True,12.200000000000001
1.3133257063583994,0.5333333333333333,2.6666666666666665,0.025,success,11.131,3294,LACM,ugv_parking,3336,9,True,11.8
1.3949706199539016,0.5333333333333333,2.6666666666666665,0.025,success,11.131,3295,LACM,ugv_parking,3337,9,True,11.8
1.517967780590294,0.7,3.5,0.0,success,11.882,3296,LACM,ugv_parking,3338,7,True,12.200000000000001
1.2388874560505645,0.7,3.5,0.0,success,11.882,3297,LACM,ugv_parking,3339,7,True,12.200000000000001
1.5817973859635324,0.7,3.5,0.0,success,11.882,3298,LACM,ugv_parking,3340,7,True,12.200000000000001
1.3617421994312244,0.7,3.5,0.0,success,11.882,3299,LACM,ugv_parking,3341,7,True,12.200000000000001
1.2601652982675595,0.7,3.5,0.0,success,11.882,3300,LACM,ugv_parking,3342,7,True,12.200000000000001
1.53329307562455,0.5333333333333333,2.6666666666666665,0.025,success,11.131,3301,LACM,ugv_parking,3343,9,True,11.8
1.5799544642254688,0.7,3.5,0.0,success,11.882,3302,LACM,ugv_parking,3344,7,True,12.200000000000001
1.6237789569489114,0.7,3.5,0.0,success,11.882,3303,LACM,ugv_parking,3345,7,True,12.200000000000001
1.16659880131184,0.7,3.5,0.0,success,11.882,3304,LACM,ugv_parking,3346,7,True,12.200000000000001
1.3787572064615077,0.7,3.5,0.0,success,11.882,3305,LACM,ugv_parking,3347,7,True,12.200000000000001
1.321907747837029,0.5333333333333333,2.6666666666666665,0.025,success,11.131,3306,LACM,ugv_parking,3348,9,True,11.8
1.5517630479039728,0.7,3.5,0.0,success,11.882,3307,LACM,ugv_parking,3349,7,True,12.200000000000001
1.4903759619134167,0.7,3.5,0.0,success,11.882,3308,LACM,ugv_parking,3350,7,True,12.200000000000001
1.493619842207678,0.7,3.5,0.0,success,11.882,3309,LACM,ugv_parking,3351,7,True,12.200000000000001
1.4234461792355897,0.7,3.5,0.0,success,11.882,3310,LACM,ugv_parking,3352,7,True,12.200000000000001
1.3378821005499208,0.5333333333333333,2.6666666666666665,0.025,success,11.131,3311,LACM,ugv_parking,3353,9,True,11.8
1.280395567224524,0.5333333333333333,2.6666666666666665,0.025,success,11.131,3312,LACM,ugv_parking,3354,9,True,11.8
1.3378576244130782,0.7,3.5,0.0,success,11.882,3313,LACM,ugv_parking,3355,7,True,12.200000000000001
1.3927283273022475,0.7,3.5,0.0,success,11.882,3314,LACM,ugv_parking,3356,7,True,12.200000000000001
1.390896177206334,0.7,3.5,0.0,success,11.882,3315,LACM,ugv_parking,3357,7,True,12.200000000000001
1.5425383803712571,0.7,3.5,0.0,success,11.882,3316,LACM,ugv_parking,3358,7,True,12.200000000000001
1.6172499659279933,0.7,3.5,0.0,success,11.882,3317,LACM,ugv_parking,3359,7,True,12.200000000000001
1.5636587528008734,0.7,3.5,0.0,success,11.882,3318,LACM,ugv_parking,3360,7,True,12.200000000000001
1.137790807392268,0.7,3.5,0.0,success,11.882,3319,LACM,ugv_parking,3361,7,True,12.200000000000001
1.7070861237206258,0.7,3.5,0.0,success,11.882,3320,LACM,ugv_parking,3362,7,True,12.200000000000001
1.342259509229819,0.7,3.5,0.0,success,11.882,3321,LACM,ugv_parking,3363,7,True,12.200000000000001
1.212829371704475,0.7,3.5,0.0,success,11.882,3322,LACM,ugv_parking,3364,7,True,12.200000000000001
1.3716574217599633,0.7,3.5,0.0,success,11.882,3323,LACM,ugv_parking,3365,7,True,12.200000000000001
1.2818863376620546,0.7,3.5,0.0,success,11.882,3324,LACM,ugv_parking,3366,7,True,12.200000000000001
1.3646287459393127,0.7,3.5,0.0,success,11.882,3325,LACM,ugv_parking,3367,7,True,12.200000000000001
1.495762652299391,0.7,3.5,0.0,success,11.882,3326,LACM,ugv_parking,3368,7,True,12.200000000000001
1.5589173398234857,0.7,3.5,0.0,success,11.882,3327,LACM,ugv_parking,3369,7,True,12.200000000000001
1.4851934015370827,0.7,3.5,0.0,success,11.882,3328,LACM,ugv_parking,3370,7,True,12.200000000000001
1.567423821641966,0.7,3.5,0.0,success,11.882,3329,LACM,ugv_parking,3371,7,True,12.200000000000001
1.2267612258864355,0.7,3.5,0.0,success,11.882,3330,LACM,ugv_parking,3372,7,True,12.200000000000001
1.3676007652252444,0.7,3.5,0.0,success,11.882,3331,LACM,ugv_parking,3373,7,True,12.200000000000001
1.3886746778641248,0.5333333333333333,2.6666666666666665,0.025,success,11.131,3332,LACM,ugv_parking,3374,9,True,11.8
1.5209823788499681,0.7,3.5,0.0,success,11.882,3333,LACM,ugv_parking,3375,7,True,12.200000000000001
1.3934308570297664,0.7,3.5,0.0,success,11.882,3334,LACM,ugv_parking,3376,7,True,12.200000000000001
1.5553693450261399,0.7,3.5,0.0,success,11.882,3335,LACM,ugv_parking,3377,7,True,12.200000000000001
1.6496939500972987,0.7,3.5,0.0,success,11.882,3336,LACM,ugv_parking,3378,7,True,12.200000000000001
1.5244604307310297,0.7,3.5,0.0,success,11.882,3337,LACM,ugv_parking,3379,7,True,12.200000000000001
1.338353382891808,0.5333333333333333,2.6666666666666665,0.025,success,11.131,3338,LACM,ugv_parking,3380,9,True,11.8
1.2915803471537155,0.5333333333333333,2.6666666666666665,0.025,success,11.131,3339,LACM,ugv_parking,3381,9,True,11.8
1.6098085693829425,0.7,3.5,0.0,success,11.882,3340,LACM,ugv_parking,3382,7,True,12.200000000000001
1.6816268369290246,0.7,3.5,0.0,success,11.882,3341,LACM,ugv_parking,3383,7,True,12.200000000000001
1.2068432357356116,0.5333333333333333,2.6666666666666665,0.025,success,11.131,3342,LACM,ugv_parking,3384,9,True,11.8
1.4537929533989629,0.7,3.5,0.0,success,11.882,3343,LACM,ugv_parking,3385,7,True,12.200000000000001
1.1545256338032495,0.5333333333333333,2.6666666666666665,0.025,success,11.131,3344,LACM,ugv_parking,3386,9,True,11.8
1.3438831178450692,0.7,3.5,0.0,success,11.882,3345,LACM,ugv_parking,3387,7,True,12.200000000000001
1.3884839373646898,0.5333333333333333,2.6666666666666665,0.025,success,11.131,3346,LACM,ugv_parking,3388,9,True,11.8
1.5038366127873095,0.7,3.5,0.0,success,11.882,3347,LACM,ugv_parking,3389,7,True,12.200000000000001
1.262365442493397,0.7,3.5,0.0,success,11.882,3348,LACM,ugv_parking,3390,7,True,12.200000000000001
1.4793160177564633,0.7,3.5,0.0,success,11.882,3349,LACM,ugv_parking,3391,7,True,12.200000000000001
1.7693420931270503,0.7,3.5,0.0,success,11.882,3350,LACM,ugv_parking,3392,7,True,12.200000000000001
1.1727065620463533,0.7,3.5,0.0,success,11.882,3351,LACM,ugv_parking,3393,7,True,12.200000000000001
1.4934061068223672,0.7,3.5,0.0,success,11.882,3352,LACM,ugv_parking,3394,7,True,12.200000000000001
1.3845661002360188,0.5333333333333333,2.6666666666666665,0.025,success,11.131,3353,LACM,ugv_parking,3395,9,True,11.8
1.4200566597422655,0.7,3.5,0.0,success,11.882,3354,LACM,ugv_parking,3396,7,True,12.200000000000001
1.6342332220703013,0.7,3.5,0.0,success,11.882,3355,LACM,ugv_parking,3397,7,True,12.200000000000001
1.4148172861137627,0.7,3.5,0.0,success,11.882,3356,LACM,ugv_parking,3398,7,True,12.200000000000001
1.4238491645076785,0.5333333333333333,2.6666666666666665,0.025,success,11.131,3357,LACM,ugv_parking,3399,9,True,11.8
1.5932415289462587,0.7,3.5,0.0,success,11.882,3358,LACM,ugv_parking,3400,7,True,12.200000000000001
1.5052918428432112,0.7,3.5,0.0,success,11.882,3359,LACM,ugv_parking,3401,7,True,12.200000000000001
1.646694552060823,0.7,3.5,0.0,success,11.882,3360,LACM,ugv_parking,3402,7,True,12.200000000000001
1.333032740956516,0.5333333333333333,2.6666666666666665,0.025,success,11.131,3361,LACM,ugv_parking,3403,9,True,11.8
1.4303383824134817,0.7,3.5,0.0,success,11.882,3362,LACM,ugv_parking,3404,7,True,12.200000000000001
1.4249947463043797,0.5333333333333333,2.6666666666666665,0.025,success,11.131,3363,LACM,ugv_parking,3405,9,True,11.8
1.1511328020092058,0.7,3.5,0.0,success,11.882,3364,LACM,ugv_parking,3406,7,True,12.200000000000001
1.1078547758926287,0.5333333333333333,2.6666666666666665,0.025,success,11.131,3365,LACM,ugv_parking,3407,9,True,11.8
1.4170830976059494,0.7,3.5,0.0,success,11.882,3366,LACM,ugv_parking,3408,7,True,12.200000000000001
1.6033138690684265,0.7,3.5,0.0,success,11.882,3367,LACM,ugv_parking,3409,7,True,12.200000000000001
1.6826359959816861,0.7,3.5,0.0,success,11.882,3368,LACM,ugv_parking,3410,7,True,12.200000000000001
1.113014150061901,0.5333333333333333,2.6666666666666665,0.025,success,11.131,3369,LACM,ugv_parking,3411,9,True,11.8
1.1948484615534873,0.7,3.5,0.0,success,11.882,3370,LACM,ugv_parking,3412,7,True,12.200000000000001
1.6708855725242682,0.7,3.5,0.0,success,11.882,3371,LACM,ugv_parking,3413,7,True,12.200000000000001
1.2238804931508631,0.7,3.5,0.0,success,11.882,3372,LACM,ugv_parking,3414,7,True,12.200000000000001
1.2726044195298414,0.7,3.5,0.0,success,11.882,3373,LACM,ugv_parking,3415,7,True,12.200000000000001
1.5881307528016215,0.7,3.5,0.0,success,11.882,3374,LACM,ugv_parking,3416,7,True,12.200000000000001
1.7581138007496293,0.7,3.5,0.0,success,11.882,3375,LACM,ugv_parking,3417,7,True,12.200000000000001
1.3063063973981561,0.5333333333333333,2.6666666666666665,0.025,success,11.131,3376,LACM,ugv_parking,3418,9,True,11.8
1.3585266124039987,0.5333333333333333,2.6666666666666665,0.025,success,11.131,3377,LACM,ugv_parking,3419,9,True,11.8
1.4084325391643935,0.7,3.5,0.0,success,11.882,3378,LACM,ugv_parking,3420,7,True,12.200000000000001
1.3138651007645317,0.7,3.5,0.0,success,11.882,3379,LACM,ugv_parking,3421,7,True,12.200000000000001
1.6999006644448569,0.7,3.5,0.0,success,11.882,3380,LACM,ugv_parking,3422,7,True,12.200000000000001
1.5522122084420928,0.7,3.5,0.0,success,11.882,3381,LACM,ugv_parking,3423,7,True,12.200000000000001
1.3368275665129743,0.7,3.5,0.0,success,11.882,3382,LACM,ugv_parking,3424,7,True,12.200000000000001
1.20033433855996,0.5333333333333333,2.6666666666666665,0.025,success,11.131,3383,LACM,ugv_parking,3425,9,True,11.8
1.1725945967642966,0.7,3.5,0.0,success,11.882,3384,LACM,ugv_parking,3426,7,True,12.200000000000001
1.5730072553154788,0.7,3.5,0.0,success,11.882,3385,LACM,ugv_parking,3427,7,True,12.200000000000001
1.7683598743625915,0.7,3.5,0.0,success,11.882,3386,LACM,ugv_parking,3428,7,True,12.200000000000001
1.647268430671585,0.7,3.5,0.0,success,11.882,3387,LACM,ugv_parking,3429,7,True,12.200000000000001
1.2081581174818232,0.5333333333333333,2.6666666666666665,0.025,success,11.131,3388,LACM,ugv_parking,3430,9,True,11.8
1.3161508401190678,0.5333333333333333,2.6666666666666665,0.025,success,11.131,3389,LACM,ugv_parking,3431,9,True,11.8
1.4948047342394106,0.5333333333333333,2.6666666666666665,0.025,success,11.131,3390,LACM,ugv_parking,3432,9,True,11.8
1.473234234837593,0.7,3.5,0.0,success,11.882,3391,LACM,ugv_parking,3433,7,True,12.200000000000001
1.4101873613424822,0.7,3.5,0.0,success,11.882,3392,LACM,ugv_parking,3434,7,True,12.200000000000001
1.4308486862825578,0.5333333333333333,2.6666666666666665,0.025,success,11.131,3393,LACM,ugv_parking,3435,9,True,11.8
1.5742811514367905,0.7,3.5,0.0,success,11.882,3394,LACM,ugv_parking,3436,7,True,12.200000000000001
1.2448424507278277,0.7,3.5,0.0,success,11.882,3395,LACM,ugv_parking,3437,7,True,12.200000000000001
1.7314173545736968,0.7,3.5,0.0,success,11.882,3396,LACM,ugv_parking,3438,7,True,12.200000000000001
1.663562604253419,0.7,3.5,0.0,success,11.882,3397,LACM,ugv_parking,3439,7,True,12.200000000000001
1.3621596366443938,0.7,3.5,0.0,success,11.882,3398,LACM,ugv_parking,3440,7,True,12.200000000000001
1.2276005975234283,0.7,3.5,0.0,success,11.882,3399,LACM,ugv_parking,3441,7,True,12.200000000000001
1.411777219536027,0.7,3.5,0.0,success,11.882,3400,LACM,ugv_parking,3442,7,True,12.200000000000001
1.5899397411544118,0.7,3.5,0.0,success,11.882,3401,LACM,ugv_parking,3443,7,True,12.200000000000001
1.5468389434927836,0.7,3.5,0.0,success,11.882,3402,LACM,ugv_parking,3444,7,True,12.200000000000001
1.4319634618060515,0.5333333333333333,2.6666666666666665,0.025,success,11.131,3403,LACM,ugv_parking,3445,9,True,11.8
1.2241742597014036,0.7,3.5,0.0,success,11.882,3404,LACM,ugv_parking,3446,7,True,12.200000000000001
1.259437665698834,0.7,3.5,0.0,success,11.882,3405,LACM,ugv_parking,3447,7,True,12.200000000000001
1.4520551400757395,0.7,3.5,0.0,success,11.882,3406,LACM,ugv_parking,3448,7,True,12.200000000000001
1.3198741796822853,0.5333333333333333,2.6666666666666665,0.025,success,11.131,3407,LACM,ugv_parking,3449,9,True,11.8
1.0995225365307995,0.5333333333333333,2.6666666666666665,0.025,success,11.131,3408,LACM,ugv_parking,3450,9,True,11.8
1.2564640903052233,0.5333333333333333,2.6666666666666665,0.025,success,11.131,3409,LACM,ugv_parking,3451,9,True,11.8
1.4427486619452004,0.7,3.5,0.0,success,11.882,3410,LACM,ugv_parking,3452,7,True,12.200000000000001
1.2969612360157814,0.5333333333333333,2.6666666666666665,0.025,success,11.131,3411,LACM,ugv_parking,3453,9,True,11.8
1.4281339998728881,0.7,3.5,0.0,success,11.882,3412,LACM,ugv_parking,3454,7,True,12.200000000000001
1.588711830193597,0.7,3.5,0.0,success,11.882,3413,LACM,ugv_parking,3455,7,True,12.200000000000001
1.6343445954380416,0.7,3.5,0.0,success,11.882,3414,LACM,ugv_parking,3456,7,True,12.200000000000001
1.4578658708962102,0.7,3.5,0.0,success,11.882,3415,LACM,ugv_parking,3457,7,True,12.200000000000001
1.4129494131595026,0.7,3.5,0.0,success,11.882,3416,LACM,ugv_parking,3458,7,True,12.200000000000001
1.4229891626843711,0.5333333333333333,2.6666666666666665,0.025,success,11.131,3417,LACM,ugv_parking,3459,9,True,11.8
1.1695838537475822,0.5333333333333333,2.6666666666666665,0.025,success,11.131,3418,LACM,ugv_parking,3460,9,True,11.8
1.4766863843341187,0.7,3.5,0.0,success,11.882,3419,LACM,ugv_parking,3461,7,True,12.200000000000001
1.4863531775276886,0.7,3.5,0.0,success,11.882,3420,LACM,ugv_parking,3462,7,True,12.200000000000001
1.2438016582581721,0.5333333333333333,2.6666666666666665,0.025,success,11.131,3421,LACM,ugv_parking,3463,9,True,11.8
1.4123129148819562,0.7,3.5,0.0,success,11.882,3422,LACM,ugv_parking,3464,7,True,12.200000000000001
1.299477650863515,0.5333333333333333,2.6666666666666665,0.025,success,11.131,3423,LACM,ugv_parking,3465,9,True,11.8
1.3786787593546412,0.7,3.5,0.0,success,11.882,3424,LACM,ugv_parking,3466,7,True,12.200000000000001
1.1915396975974093,0.7,3.5,0.0,success,11.882,3425,LACM,ugv_parking,3467,7,True,12.200000000000001
1.3297607524527417,0.7,3.5,0.0,success,11.882,3426,LACM,ugv_parking,3468,7,True,12.200000000000001
1.548558299203496,0.7,3.5,0.0,success,11.882,3427,LACM,ugv_parking,3469,7,True,12.200000000000001
1.2990825981500969,0.7,3.5,0.0,success,11.882,3428,LACM,ugv_parking,3470,7,True,12.200000000000001
1.4849716002670785,0.7,3.5,0.0,success,11.882,3429,LACM,ugv_parking,3471,7,True,12.200000000000001
1.3507843776799902,0.5333333333333333,2.6666666666666665,0.025,success,11.131,3430,LACM,ugv_parking,3472,9,True,11.8
1.4831935163330938,0.7,3.5,0.0,success,11.882,3431,LACM,ugv_parking,3473,7,True,12.200000000000001
1.551125899007351,0.7,3.5,0.0,success,11.882,3432,LACM,ugv_parking,3474,7,True,12.200000000000001
1.7402915830798291,0.7,3.5,0.0,success,11.882,3433,LACM,ugv_parking,3475,7,True,12.200000000000001
1.5359701935053391,0.7,3.5,0.0,success,11.882,3434,LACM,ugv_parking,3476,7,True,12.200000000000001
1.481804487076869,0.7,3.5,0.0,success,11.882,3435,LACM,ugv_parking,3477,7,True,12.200000000000001
1.2078660290509518,0.7,3.5,0.0,success,11.882,3436,LACM,ugv_parking,3478,7,True,12.200000000000001
1.3628412017517455,0.5333333333333333,2.6666666666666665,0.025,success,11.131,3437,LACM,ugv_parking,3479,9,True,11.8
1.286839146029177,0.7,3.5,0.0,success,11.882,3438,LACM,ugv_parking,3480,7,True,12.200000000000001
1.3718824731405288,0.7,3.5,0.0,success,11.882,3439,LACM,ugv_parking,3481,7,True,12.200000000000001
1.4062683026583325,0.7,3.5,0.0,success,11.882,3440,LACM,ugv_parking,3482,7,True,12.200000000000001
1.299015051577506,0.7,3.5,0.0,success,11.882,3441,LACM,ugv_parking,3483,7,True,12.200000000000001
1.4208608519615789,0.7,3.5,0.0,success,11.882,3442,LACM,ugv_parking,3484,7,True,12.200000000000001
1.1327612438983394,0.5333333333333333,2.6666666666666665,0.025,success,11.131,3443,LACM,ugv_parking,3485,9,True,11.8
1.4924170896498137,0.5333333333333333,2.6666666666666665,0.025,success,11.131,3444,LACM,ugv_parking,3486,9,True,11.8
1.410298936354495,0.7,3.5,0.0,success,11.882,3445,LACM,ugv_parking,3487,7,True,12.200000000000001
1.3920064344595984,0.7,3.5,0.0,success,11.882,3446,LACM,ugv_parking,3488,7,True,12.200000000000001
1.2964806365412263,0.5333333333333333,2.6666666666666665,0.025,success,11.131,3447,LACM,ugv_parking,3489,9,True,11.8
1.5033929935587649,0.7,3.5,0.0,success,11.882,3448,LACM,ugv_parking,3490,7,True,12.200000000000001
1.2908271919203527,0.5333333333333333,2.6666666666666665,0.025,success,11.131,3449,LACM,ugv_parking,3491,9,True,11.8
1.539429926820414,0.7,3.5,0.0,success,11.882,3450,LACM,ugv_parking,3492,7,True,12.200000000000001
1.1699863872730287,0.5333333333333333,2.6666666666666665,0.025,success,11.131,3451,LACM,ugv_parking,3493,9,True,11.8
1.306514398581248,0.7,3.5,0.0,success,11.882,3452,LACM,ugv_parking,3494,7,True,12.200000000000001
1.2438162164775985,0.7,3.5,0.0,success,11.882,3453,LACM,ugv_parking,3495,7,True,12.200000000000001
1.4141390023106097,0.7,3.5,0.0,success,11.882,3454,LACM,ugv_parking,3496,7,True,12.200000000000001
1.5230576990272737,0.7,3.5,0.0,success,11.882,3455,LACM,ugv_parking,3497,7,True,12.200000000000001
1.4005065550324725,0.7,3.5,0.0,success,11.882,3456,LACM,ugv_parking,3498,7,True,12.200000000000001
1.1785022516674448,0.5333333333333333,2.6666666666666665,0.025,success,11.131,3457,LACM,ugv_parking,3499,9,True,11.8
1.3638842455167608,0.7,3.5,0.0,success,11.882,3458,LACM,ugv_parking,3500,7,True,12.200000000000001
1.1871271768477076,0.5333333333333333,2.6666666666666665,0.025,success,11.131,3459,LACM,ugv_parking,3501,9,True,11.8
1.236316705947469,0.7,3.5,0.0,success,11.882,3460,LACM,ugv_parking,3502,7,True,12.200000000000001
1.5823349876272452,0.7,3.5,0.0,success,11.882,3461,LACM,ugv_parking,3503,7,True,12.200000000000001
1.4365111936601662,0.7,3.5,0.0,success,11.882,3462,LACM,ugv_parking,3504,7,True,12.200000000000001
1.6135716385797239,0.7,3.5,0.0,success,11.882,3463,LACM,ugv_parking,3505,7,True,12.200000000000001
1.2316738364412045,0.7,3.5,0.0,success,11.882,3464,LACM,ugv_parking,3506,7,True,12.200000000000001
1.29866732526846,0.5333333333333333,2.6666666666666665,0.025,success,11.131,3465,LACM,ugv_parking,3507,9,True,11.8
1.7435155153918926,0.7,3.5,0.0,success,11.882,3466,LACM,ugv_parking,3508,7,True,12.200000000000001
1.5622962277902028,0.7,3.5,0.0,success,11.882,3467,LACM,ugv_parking,3509,7,True,12.200000000000001
1.45925832734159,0.7,3.5,0.0,success,11.882,3468,LACM,ugv_parking,3510,7,True,12.200000000000001
1.2220185967687809,0.5333333333333333,2.6666666666666665,0.025,success,11.131,3469,LACM,ugv_parking,3511,9,True,11.8
1.4884320385331886,0.7,3.5,0.0,success,11.882,3470,LACM,ugv_parking,3512,7,True,12.200000000000001
1.5277039848112435,0.7,3.5,0.0,success,11.882,3471,LACM,ugv_parking,3513,7,True,12.200000000000001
1.1178162790686843,0.5333333333333333,2.6666666666666665,0.025,success,11.131,3472,LACM,ugv_parking,3514,9,True,11.8
1.4674527859231499,0.7,3.5,0.0,success,11.882,3473,LACM,ugv_parking,3515,7,True,12.200000000000001
1.2775229497866836,0.7,3.5,0.0,success,11.882,3474,LACM,ugv_parking,3516,7,True,12.200000000000001
1.3370266812644604,0.7,3.5,0.0,success,11.882,3475,LACM,ugv_parking,3517,7,True,12.200000000000001
1.1595164061885919,0.5333333333333333,2.6666666666666665,0.025,success,11.131,3476,LACM,ugv_parking,3518,9,True,11.8
1.4528904146609267,0.7,3.5,0.0,success,11.882,3477,LACM,ugv_parking,3519,7,True,12.200000000000001
1.4036458139024655,0.5333333333333333,2.6666666666666665,0.025,success,11.131,3478,LACM,ugv_parking,3520,9,True,11.8
1.5852918047306943,0.7,3.5,0.0,success,11.882,3479,LACM,ugv_parking,3521,7,True,12.200000000000001
1.2253863827278555,0.7,3.5,0.0,success,11.882,3480,LACM,ugv_parking,3522,7,True,12.200000000000001
1.5070578677286008,0.7,3.5,0.0,success,11.882,3481,LACM,ugv_parking,3523,7,True,12.200000000000001
1.5248650140069846,0.7,3.5,0.0,success,11.882,3482,LACM,ugv_parking,3524,7,True,12.200000000000001
1.4822678201181958,0.7,3.5,0.0,success,11.882,3483,LACM,ugv_parking,3525,7,True,12.200000000000001
1.4986673011088596,0.7,3.5,0.0,success,11.882,3484,LACM,ugv_parking,3526,7,True,12.200000000000001
1.3110964560468938,0.5333333333333333,2.6666666666666665,0.025,success,11.131,3485,LACM,ugv_parking,3527,9,True,11.8
1.3290768873345429,0.7,3.5,0.0,success,11.882,3486,LACM,ugv_parking,3528,7,True,12.200000000000001
1.4485670740262726,0.7,3.5,0.0,success,11.882,3487,LACM,ugv_parking,3529,7,True,12.200000000000001
1.5917152788146938,0.7,3.5,0.0,success,11.882,3488,LACM,ugv_parking,3530,7,True,12.200000000000001
1.1746862729230534,0.5333333333333333,2.6666666666666665,0.025,success,11.131,3489,LACM,ugv_parking,3531,9,True,11.8
1.5163366142646715,0.7,3.5,0.0,success,11.882,3490,LACM,ugv_parking,3532,7,True,12.200000000000001
1.274881725627458,0.5333333333333333,2.6666666666666665,0.025,success,11.131,3491,LACM,ugv_parking,3533,9,True,11.8
1.3219576310024186,0.7,3.5,0.0,success,11.882,3492,LACM,ugv_parking,3534,7,True,12.200000000000001
1.115809305404581,0.5333333333333333,2.6666666666666665,0.025,success,11.131,3493,LACM,ugv_parking,3535,9,True,11.8
1.1628005301886537,0.7,3.5,0.0,success,11.882,3494,LACM,ugv_parking,3536,7,True,12.200000000000001
1.2735746414836673,0.7,3.5,0.0,success,11.882,3495,LACM,ugv_parking,3537,7,True,12.200000000000001
1.515847476056474,0.7,3.5,0.0,success,11.882,3496,LACM,ugv_parking,3538,7,True,12.200000000000001
1.4527628949338451,0.7,3.5,0.0,success,11.882,3497,LACM,ugv_parking,3539,7,True,12.200000000000001
1.5955873631932138,0.7,3.5,0.0,success,11.882,3498,LACM,ugv_parking,3540,7,True,12.200000000000001
1.566676313964642,0.7,3.5,0.0,success,11.882,3499,LACM,ugv_parking,3541,7,True,12.200000000000001
1.484737141498072,0.5333333333333333,2.6666666666666665,0.025,success,11.131,3500,LACM,ugv_parking,3542,9,True,11.8
1.3397327214439128,0.7,3.5,0.0,success,11.882,3501,LACM,ugv_parking,3543,7,True,12.200000000000001
1.2984747927362856,0.7,3.5,0.0,success,11.882,3502,LACM,ugv_parking,3544,7,True,12.200000000000001
1.3323830978612863,0.5333333333333333,2.6666666666666665,0.025,success,11.131,3503,LACM,ugv_parking,3545,9,True,11.8
1.264702223243796,0.7,3.5,0.0,success,11.882,3504,LACM,ugv_parking,3546,7,True,12.200000000000001
1.3191999237199747,0.5333333333333333,2.6666666666666665,0.025,success,11.131,3505,LACM,ugv_parking,3547,9,True,11.8
1.3218593863178079,0.7,3.5,0.0,success,11.882,3506,LACM,ugv_parking,3548,7,True,12.200000000000001
1.5058266228366974,0.7,3.5,0.0,success,11.882,3507,LACM,ugv_parking,3549,7,True,12.200000000000001
1.293183190579794,0.7,3.5,0.0,success,11.882,3508,LACM,ugv_parking,3550,7,True,12.200000000000001
1.6455369032741474,0.7,3.5,0.0,success,11.882,3509,LACM,ugv_parking,3551,7,True,12.200000000000001
1.6701541288094188,0.7,3.5,0.0,success,11.882,3510,LACM,ugv_parking,3552,7,True,12.200000000000001
1.51712641570775,0.7,3.5,0.0,success,11.882,3511,LACM,ugv_parking,3553,7,True,12.200000000000001
1.4213258999280807,0.7,3.5,0.0,success,11.882,3512,LACM,ugv_parking,3554,7,True,12.200000000000001
1.5514865010332959,0.7,3.5,0.0,success,11.882,3513,LACM,ugv_parking,3555,7,True,12.200000000000001
1.5208280539794514,0.7,3.5,0.0,success,11.882,3514,LACM,ugv_parking,3556,7,True,12.200000000000001
1.5371206769964618,0.7,3.5,0.0,success,11.882,3515,LACM,ugv_parking,3557,7,True,12.200000000000001
1.5473448964855185,0.7,3.5,0.0,success,11.882,3516,LACM,ugv_parking,3558,7,True,12.200000000000001
1.2575376227365027,0.5333333333333333,2.6666666666666665,0.025,success,11.131,3517,LACM,ugv_parking,3559,9,True,11.8
1.378889593445633,0.7,3.5,0.0,success,11.882,3518,LACM,ugv_parking,3560,7,True,12.200000000000001
1.2817725670758389,0.5333333333333333,2.6666666666666665,0.025,success,11.131,3519,LACM,ugv_parking,3561,9,True,11.8
1.283046656352289,0.7,3.5,0.0,success,11.882,3520,LACM,ugv_parking,3562,7,True,12.200000000000001
1.4035877420587135,0.7,3.5,0.0,success,11.882,3521,LACM,ugv_parking,3563,7,True,12.200000000000001
1.4635863821185615,0.7,3.5,0.0,success,11.882,3522,LACM,ugv_parking,3564,7,True,12.200000000000001
1.4955363221925904,0.7,3.5,0.0,success,11.882,3523,LACM,ugv_parking,3565,7,True,12.200000000000001
1.4656404294089562,0.5333333333333333,2.6666666666666665,0.025,success,11.131,3524,LACM,ugv_parking,3566,9,True,11.8
1.628938873906776,0.7,3.5,0.0,success,11.882,3525,LACM,ugv_parking,3567,7,True,12.200000000000001
1.286947078307892,0.5333333333333333,2.6666666666666665,0.025,success,11.131,3526,LACM,ugv_parking,3568,9,True,11.8
1.3840413101934292,0.7,3.5,0.0,success,11.882,3527,LACM,ugv_parking,3569,7,True,12.200000000000001
1.2139458716993115,0.5333333333333333,2.6666666666666665,0.025,success,11.131,3528,LACM,ugv_parking,3570,9,True,11.8
1.409763967334632,0.7,3.5,0.0,success,11.882,3529,LACM,ugv_parking,3571,7,True,12.200000000000001
1.55050383655425,0.7,3.5,0.0,success,11.882,3530,LACM,ugv_parking,3572,7,True,12.200000000000001
1.3992411664726785,0.7,3.5,0.0,success,11.882,3531,LACM,ugv_parking,3573,7,True,12.200000000000001
1.7443689613054043,0.7,3.5,0.0,success,11.882,3532,LACM,ugv_parking,3574,7,True,12.200000000000001
1.6811626525095837,0.7,3.5,0.0,success,11.882,3533,LACM,ugv_parking,3575,7,True,12.200000000000001
1.474825790922372,0.5333333333333333,2.6666666666666665,0.025,success,11.131,3534,LACM,ugv_parking,3576,9,True,11.8
1.3740528174031699,0.5333333333333333,2.6666666666666665,0.025,success,11.131,3535,LACM,ugv_parking,3577,9,True,11.8
1.2894701321301365,0.5333333333333333,2.6666666666666665,0.025,success,11.131,3536,LACM,ugv_parking,3578,9,True,11.8
1.4621665950762113,0.7,3.5,0.0,success,11.882,3537,LACM,ugv_parking,3579,7,True,12.200000000000001
1.5285779225306708,0.7,3.5,0.0,success,11.882,3538,LACM,ugv_parking,3580,7,True,12.200000000000001
1.0696016541542757,0.5333333333333333,2.6666666666666665,0.025,success,11.131,3539,LACM,ugv_parking,3581,9,True,11.8
1.5764261621536046,0.7,3.5,0.0,success,11.882,3540,LACM,ugv_parking,3582,7,True,12.200000000000001
1.4413866218002842,0.7,3.5,0.0,success,11.882,3541,LACM,ugv_parking,3583,7,True,12.200000000000001
1.3595858199948236,0.7,3.5,0.0,success,11.882,3542,LACM,ugv_parking,3584,7,True,12.200000000000001
1.2297606981922387,0.5333333333333333,2.6666666666666665,0.025,success,11.131,3543,LACM,ugv_parking,3585,9,True,11.8
1.7553284241071536,0.7,3.5,0.0,success,11.882,3544,LACM,ugv_parking,3586,7,True,12.200000000000001
1.271572122875747,0.5333333333333333,2.6666666666666665,0.025,success,11.131,3545,LACM,ugv_parking,3587,9,True,11.8
1.2568845776480384,0.5333333333333333,2.6666666666666665,0.025,success,11.131,3546,LACM,ugv_parking,3588,9,True,11.8
1.40827624168859,0.7,3.5,0.0,success,11.882,3547,LACM,ugv_parking,3589,7,True,12.200000000000001
1.11505365584445,0.5333333333333333,2.6666666666666665,0.025,success,11.131,3548,LACM,ugv_parking,3590,9,True,11.8
1.4130376835128802,0.7,3.5,0.0,success,11.882,3549,LACM,ugv_parking,3591,7,True,12.200000000000001
1.4174271863062968,0.7,3.5,0.0,success,11.882,3550,LACM,ugv_parking,3592,7,True,12.200000000000001
1.3548723771877345,0.5333333333333333,2.6666666666666665,0.025,success,11.131,3551,LACM,ugv_parking,3593,9,True,11.8
1.2854396901594958,0.5333333333333333,2.6666666666666665,0.025,success,11.131,3552,LACM,ugv_parking,3594,9,True,11.8
1.5190611206101126,0.7,3.5,0.0,success,11.882,3553,LACM,ugv_parking,3595,7,True,12.200000000000001
1.326905674750216,0.7,3.5,0.0,success,11.882,3554,LACM,ugv_parking,3596,7,True,12.200000000000001
1.1526752528254458,0.7,3.5,0.0,success,11.882,3555,LACM,ugv_parking,3597,7,True,12.200000000000001
1.3146360343418961,0.7,3.5,0.0,success,11.882,3556,LACM,ugv_parking,3598,7,True,12.200000000000001
1.432781137982844,0.7,3.5,0.0,success,11.882,3557,LACM,ugv_parking,3599,7,True,12.200000000000001
1.5625803893121901,0.5333333333333333,2.6666666666666665,0.025,success,11.131,3558,LACM,ugv_parking,3600,9,True,11.8
1.3108448432704396,0.5333333333333333,2.6666666666666665,0.025,success,11.131,3559,LACM,ugv_parking,3601,9,True,11.8
1.1143859045949884,0.5333333333333333,2.6666666666666665,0.025,success,11.131,3560,LACM,ugv_parking,3602,9,True,11.8
1.2649149556146513,0.5333333333333333,2.6666666666666665,0.025,success,11.131,3561,LACM,ugv_parking,3603,9,True,11.8
1.520911701422401,0.7,3.5,0.0,success,11.882,3562,LACM,ugv_parking,3604,7,True,12.200000000000001
1.3427634907944803,0.5333333333333333,2.6666666666666665,0.025,success,11.131,3563,LACM,ugv_parking,3605,9,True,11.8
1.4813072790870425,0.7,3.5,0.0,success,11.882,3564,LACM,ugv_parking,3606,7,True,12.200000000000001
1.4386706591847533,0.5333333333333333,2.6666666666666665,0.025,success,11.131,3565,LACM,ugv_parking,3607,9,True,11.8
1.3037693359017117,0.7,3.5,0.0,success,11.882,3566,LACM,ugv_parking,3608,7,True,12.200000000000001
1.4141283799195379,0.7,3.5,0.0,success,11.882,3567,LACM,ugv_parking,3609,7,True,12.200000000000001
1.4264548164691055,0.5333333333333333,2.6666666666666665,0.025,success,11.131,3568,LACM,ugv_parking,3610,9,True,11.8
1.4123749714158194,0.5333333333333333,2.6666666666666665,0.025,success,11.131,3569,LACM,ugv_parking,3611,9,True,11.8
1.6034902492390724,0.7,3.5,0.0,success,11.882,3570,LACM,ugv_parking,3612,7,True,12.200000000000001
1.2648680555737482,0.5333333333333333,2.6666666666666665,0.025,success,11.131,3571,LACM,ugv_parking,3613,9,True,11.8
1.3141580173290983,0.7,3.5,0.0,success,11.882,3572,LACM,ugv_parking,3614,7,True,12.200000000000001
1.5064407141027953,0.5333333333333333,2.6666666666666665,0.025,success,11.131,3573,LACM,ugv_parking,3615,9,True,11.8
1.544141745507056,0.7,3.5,0.0,success,11.882,3574,LACM,ugv_parking,3616,7,True,12.200000000000001
1.3918382181398634,0.5333333333333333,2.6666666666666665,0.025,success,11.131,3575,LACM,ugv_parking,3617,9,True,11.8
1.1995776671429654,0.5333333333333333,2.6666666666666665,0.025,success,11.131,3576,LACM,ugv_parking,3618,9,True,11.8
1.3217545002604807,0.5333333333333333,2.6666666666666665,0.025,success,11.131,3577,LACM,ugv_parking,3619,9,True,11.8
1.3887317471576406,0.7,3.5,0.0,success,11.882,3578,LACM,ugv_parking,3620,7,True,12.200000000000001
1.183491920207777,0.7,3.5,0.0,success,11.882,3579,LACM,ugv_parking,3621,7,True,12.200000000000001
1.421937031229695,0.7,3.5,0.0,success,11.882,3580,LACM,ugv_parking,3622,7,True,12.200000000000001
1.7334612286579403,0.7,3.5,0.0,success,11.882,3581,LACM,ugv_parking,3623,7,True,12.200000000000001
1.4705479257091798,0.7,3.5,0.0,success,11.882,3582,LACM,ugv_parking,3624,7,True,12.200000000000001
1.2854661001723497,0.5333333333333333,2.6666666666666665,0.025,success,11.131,3583,LACM,ugv_parking,3625,9,True,11.8
1.3055697915566653,0.7,3.5,0.0,success,11.882,3584,LACM,ugv_parking,3626,7,True,12.200000000000001
1.3965619488566094,0.7,3.5,0.0,success,11.882,3585,LACM,ugv_parking,3627,7,True,12.200000000000001
1.3328636964260552,0.7,3.5,0.0,success,11.882,3586,LACM,ugv_parking,3628,7,True,12.200000000000001
1.3032267340851311,0.7,3.5,0.0,success,11.882,3587,LACM,ugv_parking,3629,7,True,12.200000000000001
1.5354835276586414,0.7,3.5,0.0,success,11.882,3588,LACM,ugv_parking,3630,7,True,12.200000000000001
1.6990384050211915,0.7,3.5,0.0,success,11.882,3589,LACM,ugv_parking,3631,7,True,12.200000000000001
1.2274399381178183,0.7,3.5,0.0,success,11.882,3590,LACM,ugv_parking,3632,7,True,12.200000000000001
1.4580960055991903,0.7,3.5,0.0,success,11.882,3591,LACM,ugv_parking,3633,7,True,12.200000000000001
1.214779232447844,0.7,3.5,0.0,success,11.882,3592,LACM,ugv_parking,3634,7,True,12.200000000000001
1.4750189913250926,0.7,3.5,0.0,success,11.882,3593,LACM,ugv_parking,3635,7,True,12.200000000000001
1.3930772250937853,0.5333333333333333,2.6666666666666665,0.025,success,11.131,3594,LACM,ugv_parking,3636,9,True,11.8
1.6617204990025207,0.7,3.5,0.0,success,11.882,3595,LACM,ugv_parking,3637,7,True,12.200000000000001
1.514088504342137,0.7,3.5,0.0,success,11.882,3596,LACM,ugv_parking,3638,7,True,12.200000000000001
1.1279526357201486,0.5333333333333333,2.6666666666666665,0.025,success,11.131,3597,LACM,ugv_parking,3639,9,True,11.8
1.2263186435282019,0.7,3.5,0.0,success,11.882,3598,LACM,ugv_parking,3640,7,True,12.200000000000001
1.3154900291274487,0.7,3.5,0.0,success,11.882,3599,LACM,ugv_parking,3641,7,True,12.200000000000001
1.5717476456465482,0.7,3.5,0.0,success,11.882,3600,LACM,ugv_parking,3642,7,True,12.200000000000001
1.5383684573338152,0.7,3.5,0.0,success,11.882,3601,LACM,ugv_parking,3643,7,True,12.200000000000001
1.3219402400600817,0.7,3.5,0.0,success,11.882,3602,LACM,ugv_parking,3644,7,True,12.200000000000001
1.5007933182438165,0.7,3.5,0.0,success,11.882,3603,LACM,ugv_parking,3645,7,True,12.200000000000001
1.3769092926909792,0.7,3.5,0.0,success,11.882,3604,LACM,ugv_parking,3646,7,True,12.200000000000001
1.335112614725035,0.7,3.5,0.0,success,11.882,3605,LACM,ugv_parking,3647,7,True,12.200000000000001
1.3184938271791249,0.7,3.5,0.0,success,11.882,3606,LACM,ugv_parking,3648,7,True,12.200000000000001
1.3762062902269743,0.7,3.5,0.0,success,11.882,3607,LACM,ugv_parking,3649,7,True,12.200000000000001
1.2606550405795371,0.7,3.5,0.0,success,11.882,3608,LACM,ugv_parking,3650,7,True,12.200000000000001
1.313571561044394,0.7,3.5,0.0,success,11.882,3609,LACM,ugv_parking,3651,7,True,12.200000000000001
1.1923646628097584,0.7,3.5,0.0,success,11.882,3610,LACM,ugv_parking,3652,7,True,12.200000000000001
1.3792006155075118,0.5333333333333333,2.6666666666666665,0.025,success,11.131,3611,LACM,ugv_parking,3653,9,True,11.8
1.547589027828387,0.7,3.5,0.0,success,11.882,3612,LACM,ugv_parking,3654,7,True,12.200000000000001
1.5173973865886943,0.7,3.5,0.0,success,11.882,3613,LACM,ugv_parking,3655,7,True,12.200000000000001
1.3820278596057982,0.5333333333333333,2.6666666666666665,0.025,success,11.131,3614,LACM,ugv_parking,3656,9,True,11.8
1.3910593822487016,0.7,3.5,0.0,success,11.882,3615,LACM,ugv_parking,3657,7,True,12.200000000000001
1.2734172201968341,0.5333333333333333,2.6666666666666665,0.025,success,11.131,3616,LACM,ugv_parking,3658,9,True,11.8
1.4425429472370483,0.7,3.5,0.0,success,11.882,3617,LACM,ugv_parking,3659,7,True,12.200000000000001
1.4535311976548935,0.7,3.5,0.0,success,11.882,3618,LACM,ugv_parking,3660,7,True,12.200000000000001
1.509842457724727,0.7,3.5,0.0,success,11.882,3619,LACM,ugv_parking,3661,7,True,12.200000000000001
1.6324634532857125,0.7,3.5,0.0,success,11.882,3620,LACM,ugv_parking,3662,7,True,12.200000000000001
1.5692756436342916,0.7,3.5,0.0,success,11.882,3621,LACM,ugv_parking,3663,7,True,12.200000000000001
1.385696971972881,0.7,3.5,0.0,success,11.882,3622,LACM,ugv_parking,3664,7,True,12.200000000000001
1.3962556949246125,0.7,3.5,0.0,success,11.882,3623,LACM,ugv_parking,3665,7,True,12.200000000000001
1.6878677811014777,0.7,3.5,0.0,success,11.882,3624,LACM,ugv_parking,3666,7,True,12.200000000000001
1.6935942639820316,0.7,3.5,0.0,success,11.882,3625,LACM,ugv_parking,3667,7,True,12.200000000000001
1.4511154891013602,0.7,3.5,0.0,success,11.882,3626,LACM,ugv_parking,3668,7,True,12.200000000000001
1.5435937284525192,0.5333333333333333,2.6666666666666665,0.025,success,11.131,3627,LACM,ugv_parking,3669,9,True,11.8
1.3882658898574938,0.7,3.5,0.0,success,11.882,3628,LACM,ugv_parking,3670,7,True,12.200000000000001
1.2513005147814715,0.5333333333333333,2.6666666666666665,0.025,success,11.131,3629,LACM,ugv_parking,3671,9,True,11.8
1.3577348120598316,0.5333333333333333,2.6666666666666665,0.025,success,11.131,3630,LACM,ugv_parking,3672,9,True,11.8
1.217199412971131,0.7,3.5,0.0,success,11.882,3631,LACM,ugv_parking,3673,7,True,12.200000000000001
1.6749578611085973,0.7,3.5,0.0,success,11.882,3632,LACM,ugv_parking,3674,7,True,12.200000000000001
1.2005504337299333,0.7,3.5,0.0,success,11.882,3633,LACM,ugv_parking,3675,7,True,12.200000000000001
1.3257365604349054,0.5333333333333333,2.6666666666666665,0.025,success,11.131,3634,LACM,ugv_parking,3676,9,True,11.8
1.2091444283444646,0.7,3.5,0.0,success,11.882,3635,LACM,ugv_parking,3677,7,True,12.200000000000001
1.2457169269341062,0.7,3.5,0.0,success,11.882,3636,LACM,ugv_parking,3678,7,True,12.200000000000001
1.4401092376694218,0.7,3.5,0.0,success,11.882,3637,LACM,ugv_parking,3679,7,True,12.200000000000001
1.4288566797584308,0.5333333333333333,2.6666666666666665,0.025,success,11.131,3638,LACM,ugv_parking,3680,9,True,11.8
1.1998749709221035,0.7,3.5,0.0,success,11.882,3639,LACM,ugv_parking,3681,7,True,12.200000000000001
1.6302359754346099,0.7,3.5,0.0,success,11.882,3640,LACM,ugv_parking,3682,7,True,12.200000000000001
1.3468544396633342,0.7,3.5,0.0,success,11.882,3641,LACM,ugv_parking,3683,7,True,12.200000000000001
1.7406235686213436,0.7,3.5,0.0,success,11.882,3642,LACM,ugv_parking,3684,7,True,12.200000000000001
1.5961055135253446,0.7,3.5,0.0,success,11.882,3643,LACM,ugv_parking,3685,7,True,12.200000000000001
1.3826919808039502,0.7,3.5,0.0,success,11.882,3644,LACM,ugv_parking,3686,7,True,12.200000000000001
1.4132945436516524,0.5333333333333333,2.6666666666666665,0.025,success,11.131,3645,LACM,ugv_parking,3687,9,True,11.8
1.2510216999832613,0.5333333333333333,2.6666666666666665,0.025,success,11.131,3646,LACM,ugv_parking,3688,9,True,11.8
1.4768758414322034,0.7,3.5,0.0,success,11.882,3647,LACM,ugv_parking,3689,7,True,12.200000000000001
1.3327641791216076,0.7,3.5,0.0,success,11.882,3648,LACM,ugv_parking,3690,7,True,12.200000000000001
1.406327172278122,0.7,3.5,0.0,success,11.882,3649,LACM,ugv_parking,3691,7,True,12.200000000000001
1.695714988100706,0.7,3.5,0.0,success,11.882,3650,LACM,ugv_parking,3692,7,True,12.200000000000001
1.3410644028015464,0.7,3.5,0.0,success,11.882,3651,LACM,ugv_parking,3693,7,True,12.200000000000001
1.30906989938446,0.7,3.5,0.0,success,11.882,3652,LACM,ugv_parking,3694,7,True,12.200000000000001
1.2800813490929213,0.7,3.5,0.0,success,11.882,3653,LACM,ugv_parking,3695,7,True,12.200000000000001
1.5174255181821321,0.7,3.5,0.0,success,11.882,3654,LACM,ugv_parking,3696,7,True,12.200000000000001
1.3698921028781204,0.7,3.5,0.0,success,11.882,3655,LACM,ugv_parking,3697,7,True,12.200000000000001
1.3573025983941003,0.7,3.5,0.0,success,11.882,3656,LACM,ugv_parking,3698,7,True,12.200000000000001
1.298367977814796,0.5333333333333333,2.6666666666666665,0.025,success,11.131,3657,LACM,ugv_parking,3699,9,True,11.8
1.6548265258939874,0.7,3.5,0.0,success,11.882,3658,LACM,ugv_parking,3700,7,True,12.200000000000001
1.2198423765432695,0.5333333333333333,2.6666666666666665,0.025,success,11.131,3659,LACM,ugv_parking,3701,9,True,11.8
1.7139172123997384,0.7,3.5,0.0,success,11.882,3660,LACM,ugv_parking,3702,7,True,12.200000000000001
1.231222959778058,0.5333333333333333,2.6666666666666665,0.025,success,11.131,3661,LACM,ugv_parking,3703,9,True,11.8
1.3912856875912754,0.7,3.5,0.0,success,11.882,3662,LACM,ugv_parking,3704,7,True,12.200000000000001
1.1208315508884132,0.5333333333333333,2.6666666666666665,0.025,success,11.131,3663,LACM,ugv_parking,3705,9,True,11.8
1.211823195946589,0.7,3.5,0.0,success,11.882,3664,LACM,ugv_parking,3706,7,True,12.200000000000001
1.2639122504180413,0.7,3.5,0.0,success,11.882,3665,LACM,ugv_parking,3707,7,True,12.200000000000001
1.5901324846992306,0.7,3.5,0.0,success,11.882,3666,LACM,ugv_parking,3708,7,True,12.200000000000001
1.7320943935833757,0.7,3.5,0.0,success,11.882,3667,LACM,ugv_parking,3709,7,True,12.200000000000001
1.0878483144803208,0.5333333333333333,2.6666666666666665,0.025,success,11.131,3668,LACM,ugv_parking,3710,9,True,11.8
1.3068191273026413,0.5333333333333333,2.6666666666666665,0.025,success,11.131,3669,LACM,ugv_parking,3711,9,True,11.8
1.5214853919702476,0.7,3.5,0.0,success,11.882,3670,LACM,ugv_parking,3712,7,True,12.200000000000001
1.2066158952194255,0.7,3.5,0.0,success,11.882,3671,LACM,ugv_parking,3713,7,True,12.200000000000001
1.6827350754779928,0.7,3.5,0.0,success,11.882,3672,LACM,ugv_parking,3714,7,True,12.200000000000001
1.4650931069368103,0.7,3.5,0.0,success,11.882,3673,LACM,ugv_parking,3715,7,True,12.200000000000001
1.3324344217297979,0.7,3.5,0.0,success,11.882,3674,LACM,ugv_parking,3716,7,True,12.200000000000001
1.1789440845793937,0.7,3.5,0.0,success,11.882,3675,LACM,ugv_parking,3717,7,True,12.200000000000001
1.2433897025571305,0.5333333333333333,2.6666666666666665,0.025,success,11.131,3676,LACM,ugv_parking,3718,9,True,11.8
1.3340887197166118,0.5333333333333333,2.6666666666666665,0.025,success,11.131,3677,LACM,ugv_parking,3719,9,True,11.8
1.6023324126894647,0.7,3.5,0.0,success,11.882,3678,LACM,ugv_parking,3720,7,True,12.200000000000001
1.357996489948409,0.7,3.5,0.0,success,11.882,3679,LACM,ugv_parking,3721,7,True,12.200000000000001
1.3396902662211354,0.7,3.5,0.0,success,11.882,3680,LACM,ugv_parking,3722,7,True,12.200000000000001
1.1671432371037438,0.5333333333333333,2.6666666666666665,0.025,success,11.131,3681,LACM,ugv_parking,3723,9,True,11.8
1.4812690716009205,0.7,3.5,0.0,success,11.882,3682,LACM,ugv_parking,3724,7,True,12.200000000000001
1.123171246284957,0.5333333333333333,2.6666666666666665,0.025,success,11.131,3683,LACM,ugv_parking,3725,9,True,11.8
1.3482021813515583,0.7,3.5,0.0,success,11.882,3684,LACM,ugv_parking,3726,7,True,12.200000000000001
1.1175095492242453,0.7,3.5,0.0,success,11.882,3685,LACM,ugv_parking,3727,7,True,12.200000000000001
1.5707285150859156,0.7,3.5,0.0,success,11.882,3686,LACM,ugv_parking,3728,7,True,12.200000000000001
1.409278232930241,0.7,3.5,0.0,success,11.882,3687,LACM,ugv_parking,3729,7,True,12.200000000000001
1.2212529498681608,0.7,3.5,0.0,success,11.882,3688,LACM,ugv_parking,3730,7,True,12.200000000000001
1.4917875791142357,0.7,3.5,0.0,success,11.882,3689,LACM,ugv_parking,3731,7,True,12.200000000000001
1.574166253191356,0.7,3.5,0.0,success,11.882,3690,LACM,ugv_parking,3732,7,True,12.200000000000001
1.4782455654999664,0.5333333333333333,2.6666666666666665,0.025,success,11.131,3691,LACM,ugv_parking,3733,9,True,11.8
1.2650114950310736,0.5333333333333333,2.6666666666666665,0.025,success,11.131,3692,LACM,ugv_parking,3734,9,True,11.8
1.5162634540239628,0.7,3.5,0.0,success,11.882,3693,LACM,ugv_parking,3735,7,True,12.200000000000001
1.3522364423740147,0.7,3.5,0.0,success,11.882,3694,LACM,ugv_parking,3736,7,True,12.200000000000001
1.2503791390459884,0.7,3.5,0.0,success,11.882,3695,LACM,ugv_parking,3737,7,True,12.200000000000001
1.1829471916062844,0.7,3.5,0.0,success,11.882,3696,LACM,ugv_parking,3738,7,True,12.200000000000001
1.5807806281173349,0.7,3.5,0.0,success,11.882,3697,LACM,ugv_parking,3739,7,True,12.200000000000001
1.416858228544688,0.7,3.5,0.0,success,11.882,3698,LACM,ugv_parking,3740,7,True,12.200000000000001
1.3720224420727476,0.7,3.5,0.0,success,11.882,3699,LACM,ugv_parking,3741,7,True,12.200000000000001
1.5017111129082354,0.7,3.5,0.0,success,11.882,3700,LACM,ugv_parking,3742,7,True,12.200000000000001
1.414540714018294,0.7,3.5,0.0,success,11.882,3701,LACM,ugv_parking,3743,7,True,12.200000000000001
1.480707520685339,0.7,3.5,0.0,success,11.882,3702,LACM,ugv_parking,3744,7,True,12.200000000000001
1.3348243183976674,0.5333333333333333,2.6666666666666665,0.025,success,11.131,3703,LACM,ugv_parking,3745,9,True,11.8
1.564020718352805,0.7,3.5,0.0,success,11.882,3704,LACM,ugv_parking,3746,7,True,12.200000000000001
1.6065961073742896,0.7,3.5,0.0,success,11.882,3705,LACM,ugv_parking,3747,7,True,12.200000000000001
1.1989783685438398,0.7,3.5,0.0,success,11.882,3706,LACM,ugv_parking,3748,7,True,12.200000000000001
1.517276313965855,0.7,3.5,0.0,success,11.882,3707,LACM,ugv_parking,3749,7,True,12.200000000000001
1.2586137987747674,0.7,3.5,0.0,success,11.882,3708,LACM,ugv_parking,3750,7,True,12.200000000000001
1.6070660719317111,0.7,3.5,0.0,success,11.882,3709,LACM,ugv_parking,3751,7,True,12.200000000000001
1.5091560609821673,0.7,3.5,0.0,success,11.882,3710,LACM,ugv_parking,3752,7,True,12.200000000000001
1.6669292507405171,0.7,3.5,0.0,success,11.882,3711,LACM,ugv_parking,3753,7,True,12.200000000000001
1.59129337209677,0.7,3.5,0.0,success,11.882,3712,LACM,ugv_parking,3754,7,True,12.200000000000001
1.3274221534536514,0.7,3.5,0.0,success,11.882,3713,LACM,ugv_parking,3755,7,True,12.200000000000001
1.5058935978151582,0.7,3.5,0.0,success,11.882,3714,LACM,ugv_parking,3756,7,True,12.200000000000001
1.5040689097343607,0.7,3.5,0.0,success,11.882,3715,LACM,ugv_parking,3757,7,True,12.200000000000001
1.776390190931253,0.7,3.5,0.0,success,11.882,3716,LACM,ugv_parking,3758,7,True,12.200000000000001
1.5039302952126188,0.7,3.5,0.0,success,11.882,3717,LACM,ugv_parking,3759,7,True,12.200000000000001
1.2226276779453962,0.5333333333333333,2.6666666666666665,0.025,success,11.131,3718,LACM,ugv_parking,3760,9,True,11.8
1.5178155924500227,0.7,3.5,0.0,success,11.882,3719,LACM,ugv_parking,3761,7,True,12.200000000000001
1.504319915034724,0.5333333333333333,2.6666666666666665,0.025,success,11.131,3720,LACM,ugv_parking,3762,9,True,11.8
1.309870568837085,0.5333333333333333,2.6666666666666665,0.025,success,11.131,3721,LACM,ugv_parking,3763,9,True,11.8
1.4170081692762508,0.7,3.5,0.0,success,11.882,3722,LACM,ugv_parking,3764,7,True,12.200000000000001
1.6149071945135538,0.7,3.5,0.0,success,11.882,3723,LACM,ugv_parking,3765,7,True,12.200000000000001
1.3627012278434152,0.7,3.5,0.0,success,11.882,3724,LACM,ugv_parking,3766,7,True,12.200000000000001
1.4047536296046195,0.7,3.5,0.0,success,11.882,3725,LACM,ugv_parking,3767,7,True,12.200000000000001
1.4260277850344467,0.7,3.5,0.0,success,11.882,3726,LACM,ugv_parking,3768,7,True,12.200000000000001
1.2660239745186863,0.7,3.5,0.0,success,11.882,3727,LACM,ugv_parking,3769,7,True,12.200000000000001
1.3074815817456413,0.5333333333333333,2.6666666666666665,0.025,success,11.131,3728,LACM,ugv_parking,3770,9,True,11.8
1.3779787570657407,0.7,3.5,0.0,success,11.882,3729,LACM,ugv_parking,3771,7,True,12.200000000000001
1.4204630542948626,0.7,3.5,0.0,success,11.882,3730,LACM,ugv_parking,3772,7,True,12.200000000000001
1.3742418294360255,0.7,3.5,0.0,success,11.882,3731,LACM,ugv_parking,3773,7,True,12.200000000000001
1.22041233859541,0.7,3.5,0.0,success,11.882,3732,LACM,ugv_parking,3774,7,True,12.200000000000001
1.3549339996421714,0.5333333333333333,2.6666666666666665,0.025,success,11.131,3733,LACM,ugv_parking,3775,9,True,11.8
1.3979822582328087,0.7,3.5,0.0,success,11.882,3734,LACM,ugv_parking,3776,7,True,12.200000000000001
1.3235687711015562,0.5333333333333333,2.6666666666666665,0.025,success,11.131,3735,LACM,ugv_parking,3777,9,True,11.8
1.4954047298680204,0.7,3.5,0.0,success,11.882,3736,LACM,ugv_parking,3778,7,True,12.200000000000001
1.358205781001401,0.5333333333333333,2.6666666666666665,0.025,success,11.131,3737,LACM,ugv_parking,3779,9,True,11.8
1.518852456450031,0.7,3.5,0.0,success,11.882,3738,LACM,ugv_parking,3780,7,True,12.200000000000001
1.1920412859057867,0.7,3.5,0.0,success,11.882,3739,LACM,ugv_parking,3781,7,True,12.200000000000001
1.4297729476926686,0.7,3.5,0.0,success,11.882,3740,LACM,ugv_parking,3782,7,True,12.200000000000001
1.563574414477487,0.7,3.5,0.0,success,11.882,3741,LACM,ugv_parking,3783,7,True,12.200000000000001
1.6858593416301733,0.7,3.5,0.0,success,11.882,3742,LACM,ugv_parking,3784,7,True,12.200000000000001
1.214115926360497,0.5333333333333333,2.6666666666666665,0.025,success,11.131,3743,LACM,ugv_parking,3785,9,True,11.8
1.5946711598624195,0.7,3.5,0.0,success,11.882,3744,LACM,ugv_parking,3786,7,True,12.200000000000001
1.4641451747460748,0.7,3.5,0.0,success,11.882,3745,LACM,ugv_parking,3787,7,True,12.200000000000001
1.5298995155843416,0.7,3.5,0.0,success,11.882,3746,LACM,ugv_parking,3788,7,True,12.200000000000001
1.3736792245599088,0.7,3.5,0.0,success,11.882,3747,LACM,ugv_parking,3789,7,True,12.200000000000001
1.2670977136003005,0.5333333333333333,2.6666666666666665,0.025,success,11.131,3748,LACM,ugv_parking,3790,9,True,11.8
1.5218475787403463,0.7,3.5,0.0,success,11.882,3749,LACM,ugv_parking,3791,7,True,12.200000000000001
1.3657754016252848,0.7,3.5,0.0,success,11.882,3750,LACM,ugv_parking,3792,7,True,12.200000000000001
1.326586745653018,0.7,3.5,0.0,success,11.882,3751,LACM,ugv_parking,3793,7,True,12.200000000000001
1.3020080271101053,0.5333333333333333,2.6666666666666665,0.025,success,11.131,3752,LACM,ugv_parking,3794,9,True,11.8
1.4712448774897209,0.7,3.5,0.0,success,11.882,3753,LACM,ugv_parking,3795,7,True,12.200000000000001
1.126022009374636,0.7,3.5,0.0,success,11.882,3754,LACM,ugv_parking,3796,7,True,12.200000000000001
1.464851292180033,0.7,3.5,0.0,success,11.882,3755,LACM,ugv_parking,3797,7,True,12.200000000000001
1.4266334025002794,0.7,3.5,0.0,success,11.882,3756,LACM,ugv_parking,3798,7,True,12.200000000000001
1.4232634709734813,0.7,3.5,0.0,success,11.882,3757,LACM,ugv_parking,3799,7,True,12.200000000000001
1.4387293230677405,0.7,3.5,0.0,success,11.882,3758,LACM,ugv_parking,3800,7,True,12.200000000000001
1.3832475216682125,0.5333333333333333,2.6666666666666665,0.025,success,11.131,3759,LACM,ugv_parking,3801,9,True,11.8
1.5127559937327284,0.7,3.5,0.0,success,11.882,3760,LACM,ugv_parking,3802,7,True,12.200000000000001
1.3722385904995773,0.7,3.5,0.0,success,11.882,3761,LACM,ugv_parking,3803,7,True,12.200000000000001
1.7706977585629,0.7,3.5,0.0,success,11.882,3762,LACM,ugv_parking,3804,7,True,12.200000000000001
1.4222769352363644,0.7,3.5,0.0,success,11.882,3763,LACM,ugv_parking,3805,7,True,12.200000000000001
1.2886154432818153,0.7,3.5,0.0,success,11.882,3764,LACM,ugv_parking,3806,7,True,12.200000000000001
1.7064686579193777,0.7,3.5,0.0,success,11.882,3765,LACM,ugv_parking,3807,7,True,12.200000000000001
1.5815331731572742,0.7,3.5,0.0,success,11.882,3766,LACM,ugv_parking,3808,7,True,12.200000000000001
1.0850053077231878,0.5333333333333333,2.6666666666666665,0.025,success,11.131,3767,LACM,ugv_parking,3809,9,True,11.8
1.4971293738178446,0.5333333333333333,2.6666666666666665,0.025,success,11.131,3768,LACM,ugv_parking,3810,9,True,11.8
1.3081220232773139,0.7,3.5,0.0,success,11.882,3769,LACM,ugv_parking,3811,7,True,12.200000000000001
1.5036228207242788,0.7,3.5,0.0,success,11.882,3770,LACM,ugv_parking,3812,7,True,12.200000000000001
1.1529012715089604,0.5333333333333333,2.6666666666666665,0.025,success,11.131,3771,LACM,ugv_parking,3813,9,True,11.8
1.361091870440163,0.7,3.5,0.0,success,11.882,3772,LACM,ugv_parking,3814,7,True,12.200000000000001
1.4444093243926888,0.7,3.5,0.0,success,11.882,3773,LACM,ugv_parking,3815,7,True,12.200000000000001
1.4318863914595903,0.5333333333333333,2.6666666666666665,0.025,success,11.131,3774,LACM,ugv_parking,3816,9,True,11.8
1.308278927053792,0.7,3.5,0.0,success,11.882,3775,LACM,ugv_parking,3817,7,True,12.200000000000001
1.4227447656997032,0.5333333333333333,2.6666666666666665,0.025,success,11.131,3776,LACM,ugv_parking,3818,9,True,11.8
1.4130687911871256,0.7,3.5,0.0,success,11.882,3777,LACM,ugv_parking,3819,7,True,12.200000000000001
1.034233378231588,0.5333333333333333,2.6666666666666665,0.025,success,11.131,3778,LACM,ugv_parking,3820,9,True,11.8
1.5919625518173741,0.7,3.5,0.0,success,11.882,3779,LACM,ugv_parking,3821,7,True,12.200000000000001
1.0996880465870986,0.5333333333333333,2.6666666666666665,0.025,success,11.131,3780,LACM,ugv_parking,3822,9,True,11.8
1.2871495411212635,0.5333333333333333,2.6666666666666665,0.025,success,11.131,3781,LACM,ugv_parking,3823,9,True,11.8
1.5469645980681968,0.7,3.5,0.0,success,11.882,3782,LACM,ugv_parking,3824,7,True,12.200000000000001
1.4314821082901654,0.7,3.5,0.0,success,11.882,3783,LACM,ugv_parking,3825,7,True,12.200000000000001
1.4122913945611437,0.5333333333333333,2.6666666666666665,0.025,success,11.131,3784,LACM,ugv_parking,3826,9,True,11.8
1.3155104823020582,0.5333333333333333,2.6666666666666665,0.025,success,11.131,3785,LACM,ugv_parking,3827,9,True,11.8
1.643271379644811,0.7,3.5,0.0,success,11.882,3786,LACM,ugv_parking,3828,7,True,12.200000000000001
1.7546708566175886,0.7,3.5,0.0,success,11.882,3787,LACM,ugv_parking,3829,7,True,12.200000000000001
1.5656956181339337,0.7,3.5,0.0,success,11.882,3788,LACM,ugv_parking,3830,7,True,12.200000000000001
1.1525973256880888,0.5333333333333333,2.6666666666666665,0.025,success,11.131,3789,LACM,ugv_parking,3831,9,True,11.8
1.2699782733029856,0.7,3.5,0.0,success,11.882,3790,LACM,ugv_parking,3832,7,True,12.200000000000001
1.5600896436115492,0.7,3.5,0.0,success,11.882,3791,LACM,ugv_parking,3833,7,True,12.200000000000001
1.2681754487233712,0.5333333333333333,2.6666666666666665,0.025,success,11.131,3792,LACM,ugv_parking,3834,9,True,11.8
1.3332926117714323,0.7,3.5,0.0,success,11.882,3793,LACM,ugv_parking,3835,7,True,12.200000000000001
1.6426251404042709,0.7,3.5,0.0,success,11.882,3794,LACM,ugv_parking,3836,7,True,12.200000000000001
1.2547310782559704,0.5333333333333333,2.6666666666666665,0.025,success,11.131,3795,LACM,ugv_parking,3837,9,True,11.8
1.3900170398388276,0.5333333333333333,2.6666666666666665,0.025,success,11.131,3796,LACM,ugv_parking,3838,9,True,11.8
1.3051107157576025,0.5333333333333333,2.6666666666666665,0.025,success,11.131,3797,LACM,ugv_parking,3839,9,True,11.8
1.5814198232619538,0.7,3.5,0.0,success,11.882,3798,LACM,ugv_parking,3840,7,True,12.200000000000001
1.3370594987337314,0.7,3.5,0.0,success,11.882,3799,LACM,ugv_parking,3841,7,True,12.200000000000001
1.228180930446687,0.5333333333333333,2.6666666666666665,0.025,success,11.131,3800,LACM,ugv_parking,3842,9,True,11.8
1.5544816669321246,0.7,3.5,0.0,success,11.882,3801,LACM,ugv_parking,3843,7,True,12.200000000000001
1.3252422645819468,0.7,3.5,0.0,success,11.882,3802,LACM,ugv_parking,3844,7,True,12.200000000000001
1.2853844614881185,0.7,3.5,0.0,success,11.882,3803,LACM,ugv_parking,3845,7,True,12.200000000000001
1.3869352138911104,0.7,3.5,0.0,success,11.882,3804,LACM,ugv_parking,3846,7,True,12.200000000000001
1.4875847748270499,0.7,3.5,0.0,success,11.882,3805,LACM,ugv_parking,3847,7,True,12.200000000000001
1.3341748987997484,0.5333333333333333,2.6666666666666665,0.025,success,11.131,3806,LACM,ugv_parking,3848,9,True,11.8
1.207983697782813,0.5333333333333333,2.6666666666666665,0.025,success,11.131,3807,LACM,ugv_parking,3849,9,True,11.8
1.5867402587847694,0.7,3.5,0.0,success,11.882,3808,LACM,ugv_parking,3850,7,True,12.200000000000001
1.7209715822293028,0.7,3.5,0.0,success,11.882,3809,LACM,ugv_parking,3851,7,True,12.200000000000001
1.6732789068635305,0.7,3.5,0.0,success,11.882,3810,LACM,ugv_parking,3852,7,True,12.200000000000001
1.1579798366860807,0.7,3.5,0.0,success,11.882,3811,LACM,ugv_parking,3853,7,True,12.200000000000001
1.4507980046241282,0.5333333333333333,2.6666666666666665,0.025,success,11.131,3812,LACM,ugv_parking,3854,9,True,11.8
1.6598228452635373,0.7,3.5,0.0,success,11.882,3813,LACM,ugv_parking,3855,7,True,12.200000000000001
1.6094982969660077,0.7,3.5,0.0,success,11.882,3814,LACM,ugv_parking,3856,7,True,12.200000000000001
1.4043974933206866,0.7,3.5,0.0,success,11.882,3815,LACM,ugv_parking,3857,7,True,12.200000000000001
1.6166822007059265,0.7,3.5,0.0,success,11.882,3816,LACM,ugv_parking,3858,7,True,12.200000000000001
1.1717327870891503,0.7,3.5,0.0,success,11.882,3817,LACM,ugv_parking,3859,7,True,12.200000000000001
1.4328827253430227,0.7,3.5,0.0,success,11.882,3818,LACM,ugv_parking,3860,7,True,12.200000000000001
1.1574654918487888,0.5333333333333333,2.6666666666666665,0.025,success,11.131,3819,LACM,ugv_parking,3861,9,True,11.8
1.1543197387443085,0.5333333333333333,2.6666666666666665,0.025,success,11.131,3820,LACM,ugv_parking,3862,9,True,11.8
1.468943189633887,0.7,3.5,0.0,success,11.882,3821,LACM,ugv_parking,3863,7,True,12.200000000000001
1.4026814438570845,0.5333333333333333,2.6666666666666665,0.025,success,11.131,3822,LACM,ugv_parking,3864,9,True,11.8
1.3987256994469133,0.5333333333333333,2.6666666666666665,0.025,success,11.131,3823,LACM,ugv_parking,3865,9,True,11.8
1.6867102824669513,0.7,3.5,0.0,success,11.882,3824,LACM,ugv_parking,3866,7,True,12.200000000000001
1.3469767882379067,0.7,3.5,0.0,success,11.882,3825,LACM,ugv_parking,3867,7,True,12.200000000000001
1.2984947005203031,0.5333333333333333,2.6666666666666665,0.025,success,11.131,3826,LACM,ugv_parking,3868,9,True,11.8
1.2448897802228847,0.7,3.5,0.0,success,11.882,3827,LACM,ugv_parking,3869,7,True,12.200000000000001
1.25717766456702,0.5333333333333333,2.6666666666666665,0.025,success,11.131,3828,LACM,ugv_parking,3870,9,True,11.8
1.2522974702991592,0.5333333333333333,2.6666666666666665,0.025,success,11.131,3829,LACM,ugv_parking,3871,9,True,11.8
1.675495333354959,0.7,3.5,0.0,success,11.882,3830,LACM,ugv_parking,3872,7,True,12.200000000000001
1.406097924139037,0.7,3.5,0.0,success,11.882,3831,LACM,ugv_parking,3873,7,True,12.200000000000001
1.2117093961333585,0.7,3.5,0.0,success,11.882,3832,LACM,ugv_parking,3874,7,True,12.200000000000001
1.5345595320545855,0.7,3.5,0.0,success,11.882,3833,LACM,ugv_parking,3875,7,True,12.200000000000001
1.415361466698296,0.5333333333333333,2.6666666666666665,0.025,success,11.131,3834,LACM,ugv_parking,3876,9,True,11.8
1.5295666870918447,0.7,3.5,0.0,success,11.882,3835,LACM,ugv_parking,3877,7,True,12.200000000000001
1.2042898409773732,0.5333333333333333,2.6666666666666665,0.025,success,11.131,3836,LACM,ugv_parking,3878,9,True,11.8
1.690735177975494,0.7,3.5,0.0,success,11.882,3837,LACM,ugv_parking,3879,7,True,12.200000000000001
1.3310564901477708,0.5333333333333333,2.6666666666666665,0.025,success,11.131,3838,LACM,ugv_parking,3880,9,True,11.8
1.4307528815899495,0.7,3.5,0.0,success,11.882,3839,LACM,ugv_parking,3881,7,True,12.200000000000001
1.5034001345440149,0.5333333333333333,2.6666666666666665,0.025,success,11.131,3840,LACM,ugv_parking,3882,9,True,11.8
1.2287810579156195,0.7,3.5,0.0,success,11.882,3841,LACM,ugv_parking,3883,7,True,12.200000000000001
1.4345981577913687,0.7,3.5,0.0,success,11.882,3842,LACM,ugv_parking,3884,7,True,12.200000000000001
1.2086159876994935,0.5333333333333333,2.6666666666666665,0.025,success,11.131,3843,LACM,ugv_parking,3885,9,True,11.8
1.1399280184901612,0.7,3.5,0.0,success,11.882,3844,LACM,ugv_parking,3886,7,True,12.200000000000001
1.4239572121101063,0.7,3.5,0.0,success,11.882,3845,LACM,ugv_parking,3887,7,True,12.200000000000001
1.7290546539661782,0.7,3.5,0.0,success,11.882,3846,LACM,ugv_parking,3888,7,True,12.200000000000001
1.1552536136873648,0.5333333333333333,2.6666666666666665,0.025,success,11.131,3847,LACM,ugv_parking,3889,9,True,11.8
1.4620230085160553,0.7,3.5,0.0,success,11.882,3848,LACM,ugv_parking,3890,7,True,12.200000000000001
1.478979520919516,0.7,3.5,0.0,success,11.882,3849,LACM,ugv_parking,3891,7,True,12.200000000000001
1.4240558954277354,0.5333333333333333,2.6666666666666665,0.025,success,11.131,3850,LACM,ugv_parking,3892,9,True,11.8
1.6035433054593429,0.7,3.5,0.0,success,11.882,3851,LACM,ugv_parking,3893,7,True,12.200000000000001
1.364493621071409,0.7,3.5,0.0,success,11.882,3852,LACM,ugv_parking,3894,7,True,12.200000000000001
1.342444910838595,0.7,3.5,0.0,success,11.882,3853,LACM,ugv_parking,3895,7,True,12.200000000000001
1.6582033231241247,0.7,3.5,0.0,success,11.882,3854,LACM,ugv_parking,3896,7,True,12.200000000000001
1.4337864661541846,0.7,3.5,0.0,success,11.882,3855,LACM,ugv_parking,3897,7,True,12.200000000000001
1.5811545039769552,0.7,3.5,0.0,success,11.882,3856,LACM,ugv_parking,3898,7,True,12.200000000000001
1.5238613885276628,0.7,3.5,0.0,success,11.882,3857,LACM,ugv_parking,3899,7,True,12.200000000000001
1.179397034397765,0.5333333333333333,2.6666666666666665,0.025,success,11.131,3858,LACM,ugv_parking,3900,9,True,11.8
1.7138775697051705,0.7,3.5,0.0,success,11.882,3859,LACM,ugv_parking,3901,7,True,12.200000000000001
1.5733735092216081,0.7,3.5,0.0,success,11.882,3860,LACM,ugv_parking,3902,7,True,12.200000000000001
1.6312804622240913,0.7,3.5,0.0,success,11.882,3861,LACM,ugv_parking,3903,7,True,12.200000000000001
1.4122647882531398,0.7,3.5,0.0,success,11.882,3862,LACM,ugv_parking,3904,7,True,12.200000000000001
1.4015823547316588,0.7,3.5,0.0,success,11.882,3863,LACM,ugv_parking,3905,7,True,12.200000000000001
1.3648784185275629,0.7,3.5,0.0,success,11.882,3864,LACM,ugv_parking,3906,7,True,12.200000000000001
1.5050064610133194,0.7,3.5,0.0,success,11.882,3865,LACM,ugv_parking,3907,7,True,12.200000000000001
1.60086759790674,0.7,3.5,0.0,success,11.882,3866,LACM,ugv_parking,3908,7,True,12.200000000000001
1.2492842034732385,0.5333333333333333,2.6666666666666665,0.025,success,11.131,3867,LACM,ugv_parking,3909,9,True,11.8
1.532799134908776,0.7,3.5,0.0,success,11.882,3868,LACM,ugv_parking,3910,7,True,12.200000000000001
1.2352122890857986,0.5333333333333333,2.6666666666666665,0.025,success,11.131,3869,LACM,ugv_parking,3911,9,True,11.8
1.5627796157054687,0.7,3.5,0.0,success,11.882,3870,LACM,ugv_parking,3912,7,True,12.200000000000001
1.4634520548823136,0.7,3.5,0.0,success,11.882,3871,LACM,ugv_parking,3913,7,True,12.200000000000001
1.599528191880151,0.7,3.5,0.0,success,11.882,3872,LACM,ugv_parking,3914,7,True,12.200000000000001
1.395345917777956,0.7,3.5,0.0,success,11.882,3873,LACM,ugv_parking,3915,7,True,12.200000000000001
1.2256253025802528,0.5333333333333333,2.6666666666666665,0.025,success,11.131,3874,LACM,ugv_parking,3916,9,True,11.8
1.6400830716493993,0.7,3.5,0.0,success,11.882,3875,LACM,ugv_parking,3917,7,True,12.200000000000001
1.4404624718872143,0.7,3.5,0.0,success,11.882,3876,LACM,ugv_parking,3918,7,True,12.200000000000001
1.3946258508876614,0.7,3.5,0.0,success,11.882,3877,LACM,ugv_parking,3919,7,True,12.200000000000001
1.545954599415348,0.7,3.5,0.0,success,11.882,3878,LACM,ugv_parking,3920,7,True,12.200000000000001
1.3902058334020475,0.5333333333333333,2.6666666666666665,0.025,success,11.131,3879,LACM,ugv_parking,3921,9,True,11.8
1.5585343427776872,0.5333333333333333,2.6666666666666665,0.025,success,11.131,3880,LACM,ugv_parking,3922,9,True,11.8
1.4432483745910556,0.5333333333333333,2.6666666666666665,0.025,success,11.131,3881,LACM,ugv_parking,3923,9,True,11.8
1.33996123837335,0.5333333333333333,2.6666666666666665,0.025,success,11.131,3882,LACM,ugv_parking,3924,9,True,11.8
1.273921333316738,0.7,3.5,0.0,success,11.882,3883,LACM,ugv_parking,3925,7,True,12.200000000000001
1.3590116253868927,0.7,3.5,0.0,success,11.882,3884,LACM,ugv_parking,3926,7,True,12.200000000000001
1.243978030090104,0.7,3.5,0.0,success,11.882,3885,LACM,ugv_parking,3927,7,True,12.200000000000001
1.2371320085856126,0.7,3.5,0.0,success,11.882,3886,LACM,ugv_parking,3928,7,True,12.200000000000001
1.5957721947087053,0.7,3.5,0.0,success,11.882,3887,LACM,ugv_parking,3929,7,True,12.200000000000001
1.2977497271081984,0.5333333333333333,2.6666666666666665,0.025,success,11.131,3888,LACM,ugv_parking,3930,9,True,11.8
1.323989529741009,0.7,3.5,0.0,success,11.882,3889,LACM,ugv_parking,3931,7,True,12.200000000000001
1.4336080500443333,0.5333333333333333,2.6666666666666665,0.025,success,11.131,3890,LACM,ugv_parking,3932,9,True,11.8
1.360640604822751,0.7,3.5,0.0,success,11.882,3891,LACM,ugv_parking,3933,7,True,12.200000000000001
1.4017161580354554,0.7,3.5,0.0,success,11.882,3892,LACM,ugv_parking,3934,7,True,12.200000000000001
1.566068454651035,0.7,3.5,0.0,success,11.882,3893,LACM,ugv_parking,3935,7,True,12.200000000000001
1.5310264486379621,0.7,3.5,0.0,success,11.882,3894,LACM,ugv_parking,3936,7,True,12.200000000000001
1.4956851314065367,0.7,3.5,0.0,success,11.882,3895,LACM,ugv_parking,3937,7,True,12.200000000000001
1.4527961834745688,0.7,3.5,0.0,success,11.882,3896,LACM,ugv_parking,3938,7,True,12.200000000000001
1.2861821874708943,0.7,3.5,0.0,success,11.882,3897,LACM,ugv_parking,3939,7,True,12.200000000000001
1.4411828509670124,0.7,3.5,0.0,success,11.882,3898,LACM,ugv_parking,3940,7,True,12.200000000000001
1.3831411542027787,0.7,3.5,0.0,success,11.882,3899,LACM,ugv_parking,3941,7,True,12.200000000000001
1.6113711035420901,0.7,3.5,0.0,success,11.882,3900,LACM,ugv_parking,3942,7,True,12.200000000000001
1.286016527078668,0.7,3.5,0.0,success,11.882,3901,LACM,ugv_parking,3943,7,True,12.200000000000001
1.2824388466108319,0.5333333333333333,2.6666666666666665,0.025,success,11.131,3902,LACM,ugv_parking,3944,9,True,11.8
1.616115846398535,0.7,3.5,0.0,success,11.882,3903,LACM,ugv_parking,3945,7,True,12.200000000000001
1.5571474019652882,0.7,3.5,0.0,success,11.882,3904,LACM,ugv_parking,3946,7,True,12.200000000000001
1.539297974299831,0.7,3.5,0.0,success,11.882,3905,LACM,ugv_parking,3947,7,True,12.200000000000001
1.3900456293841792,0.7,3.5,0.0,success,11.882,3906,LACM,ugv_parking,3948,7,True,12.200000000000001
1.459762346521226,0.7,3.5,0.0,success,11.882,3907,LACM,ugv_parking,3949,7,True,12.200000000000001
1.2992784358271747,0.7,3.5,0.0,success,11.882,3908,LACM,ugv_parking,3950,7,True,12.200000000000001
1.4649249452845585,0.7,3.5,0.0,success,11.882,3909,LACM,ugv_parking,3951,7,True,12.200000000000001
1.215041948957894,0.5333333333333333,2.6666666666666665,0.025,success,11.131,3910,LACM,ugv_parking,3952,9,True,11.8
1.2117005213885927,0.7,3.5,0.0,success,11.882,3911,LACM,ugv_parking,3953,7,True,12.200000000000001
1.1127434064031039,0.5333333333333333,2.6666666666666665,0.025,success,11.131,3912,LACM,ugv_parking,3954,9,True,11.8
1.2069150829984494,0.5333333333333333,2.6666666666666665,0.025,success,11.131,3913,LACM,ugv_parking,3955,9,True,11.8
1.6602170653866144,0.7,3.5,0.0,success,11.882,3914,LACM,ugv_parking,3956,7,True,12.200000000000001
1.4074801077289636,0.7,3.5,0.0,success,11.882,3915,LACM,ugv_parking,3957,7,True,12.200000000000001
1.2720056154867263,0.7,3.5,0.0,success,11.882,3916,LACM,ugv_parking,3958,7,True,12.200000000000001
1.5548262014438938,0.7,3.5,0.0,success,11.882,3917,LACM,ugv_parking,3959,7,True,12.200000000000001
1.4617892672193522,0.7,3.5,0.0,success,11.882,3918,LACM,ugv_parking,3960,7,True,12.200000000000001
1.2918194206284142,0.7,3.5,0.0,success,11.882,3919,LACM,ugv_parking,3961,7,True,12.200000000000001
1.4308693586595922,0.5333333333333333,2.6666666666666665,0.025,success,11.131,3920,LACM,ugv_parking,3962,9,True,11.8
1.4022678154583277,0.7,3.5,0.0,success,11.882,3921,LACM,ugv_parking,3963,7,True,12.200000000000001
1.4226495086559743,0.7,3.5,0.0,success,11.882,3922,LACM,ugv_parking,3964,7,True,12.200000000000001
1.0758915521547305,0.5333333333333333,2.6666666666666665,0.025,success,11.131,3923,LACM,ugv_parking,3965,9,True,11.8
1.6232309249168195,0.7,3.5,0.0,success,11.882,3924,LACM,ugv_parking,3966,7,True,12.200000000000001
1.3978419307098724,0.7,3.5,0.0,success,11.882,3925,LACM,ugv_parking,3967,7,True,12.200000000000001
1.5351991853821016,0.7,3.5,0.0,success,11.882,3926,LACM,ugv_parking,3968,7,True,12.200000000000001
1.269144479202157,0.7,3.5,0.0,success,11.882,3927,LACM,ugv_parking,3969,7,True,12.200000000000001
1.2352116619576343,0.5333333333333333,2.6666666666666665,0.025,success,11.131,3928,LACM,ugv_parking,3970,9,True,11.8
1.515592176005445,0.7,3.5,0.0,success,11.882,3929,LACM,ugv_parking,3971,7,True,12.200000000000001
1.6809238673751172,0.7,3.5,0.0,success,11.882,3930,LACM,ugv_parking,3972,7,True,12.200000000000001
1.4852091224592028,0.7,3.5,0.0,success,11.882,3931,LACM,ugv_parking,3973,7,True,12.200000000000001
1.3228813311093446,0.7,3.5,0.0,success,11.882,3932,LACM,ugv_parking,3974,7,True,12.200000000000001
1.1419000520377438,0.5333333333333333,2.6666666666666665,0.025,success,11.131,3933,LACM,ugv_parking,3975,9,True,11.8
1.4238701236927676,0.7,3.5,0.0,success,11.882,3934,LACM,ugv_parking,3976,7,True,12.200000000000001
1.2657628248286745,0.5333333333333333,2.6666666666666665,0.025,success,11.131,3935,LACM,ugv_parking,3977,9,True,11.8
1.297591450369148,0.5333333333333333,2.6666666666666665,0.025,success,11.131,3936,LACM,ugv_parking,3978,9,True,11.8
1.4243118393883658,0.7,3.5,0.0,success,11.882,3937,LACM,ugv_parking,3979,7,True,12.200000000000001
1.5404008600627652,0.5333333333333333,2.6666666666666665,0.025,success,11.131,3938,LACM,ugv_parking,3980,9,True,11.8
1.4205107223370401,0.7,3.5,0.0,success,11.882,3939,LACM,ugv_parking,3981,7,True,12.200000000000001
1.3860470570811585,0.7,3.5,0.0,success,11.882,3940,LACM,ugv_parking,3982,7,True,12.200000000000001
1.739334914867785,0.7,3.5,0.0,success,11.882,3941,LACM,ugv_parking,3983,7,True,12.200000000000001
1.3062860479059162,0.5333333333333333,2.6666666666666665,0.025,success,11.131,3942,LACM,ugv_parking,3984,9,True,11.8
1.1861875137843707,0.5333333333333333,2.6666666666666665,0.025,success,11.131,3943,LACM,ugv_parking,3985,9,True,11.8
1.2315232454872376,0.5333333333333333,2.6666666666666665,0.025,success,11.131,3944,LACM,ugv_parking,3986,9,True,11.8
1.4321444482280217,0.7,3.5,0.0,success,11.882,3945,LACM,ugv_parking,3987,7,True,12.200000000000001
1.5361152115327568,0.7,3.5,0.0,success,11.882,3946,LACM,ugv_parking,3988,7,True,12.200000000000001
1.184220892735488,0.7,3.5,0.0,success,11.882,3947,LACM,ugv_parking,3989,7,True,12.200000000000001
1.2041961976563862,0.5333333333333333,2.6666666666666665,0.025,success,11.131,3948,LACM,ugv_parking,3990,9,True,11.8
1.413484358834789,0.7,3.5,0.0,success,11.882,3949,LACM,ugv_parking,3991,7,True,12.200000000000001
1.2712897231099296,0.5333333333333333,2.6666666666666665,0.025,success,11.131,3950,LACM,ugv_parking,3992,9,True,11.8
1.6946702768266442,0.7,3.5,0.0,success,11.882,3951,LACM,ugv_parking,3993,7,True,12.200000000000001
1.1544592381600944,0.7,3.5,0.0,success,11.882,3952,LACM,ugv_parking,3994,7,True,12.200000000000001
1.2806160658134143,0.5333333333333333,2.6666666666666665,0.025,success,11.131,3953,LACM,ugv_parking,3995,9,True,11.8
1.5332772060735351,0.7,3.5,0.0,success,11.882,3954,LACM,ugv_parking,3996,7,True,12.200000000000001
1.5356201372877165,0.7,3.5,0.0,success,11.882,3955,LACM,ugv_parking,3997,7,True,12.200000000000001
1.5193044790067392,0.7,3.5,0.0,success,11.882,3956,LACM,ugv_parking,3998,7,True,12.200000000000001
1.275350382323797,0.7,3.5,0.0,success,11.882,3957,LACM,ugv_parking,3999,7,True,12.200000000000001
1.3311806317727854,0.7,3.5,0.0,success,11.882,3958,LACM,ugv_parking,4000,7,True,12.200000000000001
1.2211027475907024,0.7,3.5,0.0,success,11.882,3959,LACM,ugv_parking,4001,7,True,12.200000000000001
1.641420957640167,0.7,3.5,0.0,success,11.882,3960,LACM,ugv_parking,4002,7,True,12.200000000000001
1.4867373302498885,0.7,3.5,0.0,success,11.882,3961,LACM,ugv_parking,4003,7,True,12.200000000000001
1.3322376733739865,0.7,3.5,0.0,success,11.882,3962,LACM,ugv_parking,4004,7,True,12.200000000000001
1.6694890407381102,0.7,3.5,0.0,success,11.882,3963,LACM,ugv_parking,4005,7,True,12.200000000000001
1.5235244986746346,0.7,3.5,0.0,success,11.882,3964,LACM,ugv_parking,4006,7,True,12.200000000000001
1.1872941243118296,0.5333333333333333,2.6666666666666665,0.025,success,11.131,3965,LACM,ugv_parking,4007,9,True,11.8
1.4935914319127073,0.7,3.5,0.0,success,11.882,3966,LACM,ugv_parking,4008,7,True,12.200000000000001
1.1762869890422434,0.7,3.5,0.0,success,11.882,3967,LACM,ugv_parking,4009,7,True,12.200000000000001
1.6421102088361568,0.7,3.5,0.0,success,11.882,3968,LACM,ugv_parking,4010,7,True,12.200000000000001
1.2352514451590733,0.5333333333333333,2.6666666666666665,0.025,success,11.131,3969,LACM,ugv_parking,4011,9,True,11.8
1.5351186278807099,0.7,3.5,0.0,success,11.882,3970,LACM,ugv_parking,4012,7,True,12.200000000000001
1.6256770903245337,0.7,3.5,0.0,success,11.882,3971,LACM,ugv_parking,4013,7,True,12.200000000000001
1.4974671757589961,0.7,3.5,0.0,success,11.882,3972,LACM,ugv_parking,4014,7,True,12.200000000000001
1.4235458918598598,0.7,3.5,0.0,success,11.882,3973,LACM,ugv_parking,4015,7,True,12.200000000000001
1.162604533888303,0.5333333333333333,2.6666666666666665,0.025,success,11.131,3974,LACM,ugv_parking,4016,9,True,11.8
1.650617893649811,0.7,3.5,0.0,success,11.882,3975,LACM,ugv_parking,4017,7,True,12.200000000000001
1.371409110617239,0.7,3.5,0.0,success,11.882,3976,LACM,ugv_parking,4018,7,True,12.200000000000001
1.3587308635348756,0.7,3.5,0.0,success,11.882,3977,LACM,ugv_parking,4019,7,True,12.200000000000001
1.3190667863926608,0.5333333333333333,2.6666666666666665,0.025,success,11.131,3978,LACM,ugv_parking,4020,9,True,11.8
1.7509521864202064,0.7,3.5,0.0,success,11.882,3979,LACM,ugv_parking,4021,7,True,12.200000000000001
1.2570071444161355,0.7,3.5,0.0,success,11.882,3980,LACM,ugv_parking,4022,7,True,12.200000000000001
1.3605889764823873,0.7,3.5,0.0,success,11.882,3981,LACM,ugv_parking,4023,7,True,12.200000000000001
1.1525567057931276,0.7,3.5,0.0,success,11.882,3982,LACM,ugv_parking,4024,7,True,12.200000000000001
1.3299546063636094,0.5333333333333333,2.6666666666666665,0.025,success,11.131,3983,LACM,ugv_parking,4025,9,True,11.8
1.7363041572023388,0.7,3.5,0.0,success,11.882,3984,LACM,ugv_parking,4026,7,True,12.200000000000001
1.3085975915266828,0.5333333333333333,2.6666666666666665,0.025,success,11.131,3985,LACM,ugv_parking,4027,9,True,11.8
1.4742182079068842,0.7,3.5,0.0,success,11.882,3986,LACM,ugv_parking,4028,7,True,12.200000000000001
1.5397327634896638,0.7,3.5,0.0,success,11.882,3987,LACM,ugv_parking,4029,7,True,12.200000000000001
1.558918299252219,0.7,3.5,0.0,success,11.882,3988,LACM,ugv_parking,4030,7,True,12.200000000000001
1.7085886596479756,0.7,3.5,0.0,success,11.882,3989,LACM,ugv_parking,4031,7,True,12.200000000000001
1.6375798085725721,0.7,3.5,0.0,success,11.882,3990,LACM,ugv_parking,4032,7,True,12.200000000000001
1.3849920714489823,0.7,3.5,0.0,success,11.882,3991,LACM,ugv_parking,4033,7,True,12.200000000000001
1.3547447873234508,0.7,3.5,0.0,success,11.882,3992,LACM,ugv_parking,4034,7,True,12.200000000000001
1.178767549414062,0.7,3.5,0.0,success,11.882,3993,LACM,ugv_parking,4035,7,True,12.200000000000001
1.4674420741554763,0.5333333333333333,2.6666666666666665,0.025,success,11.131,3994,LACM,ugv_parking,4036,9,True,11.8
1.4104668052570735,0.7,3.5,0.0,success,11.882,3995,LACM,ugv_parking,4037,7,True,12.200000000000001
1.2393587592804542,0.7,3.5,0.0,success,11.882,3996,LACM,ugv_parking,4038,7,True,12.200000000000001
1.237701433622217,0.5333333333333333,2.6666666666666665,0.025,success,11.131,3997,LACM,ugv_parking,4039,9,True,11.8
1.415346196492492,0.5333333333333333,2.6666666666666665,0.025,success,11.131,3998,LACM,ugv_parking,4040,9,True,11.8
1.4749412622159084,0.7,3.5,0.0,success,11.882,3999,LACM,ugv_parking,4041,7,True,12.200000000000001
